path,component,bytes,sha256
.gitattributes,root-metadata,429,fb53cd2201b4e6a392819c8d677f80cada1ba049d1f0ebe9768809fa6609cb9f
.gitignore,root-metadata,1916,bf74c969f57cb3039743b8c9a396785fc19459f606f8b470e8d09b38cf72ea79
CREDITS.md,root-metadata,6089,f55150533ce20913ef1b615cc368a4774ae539e3e2db2c713b649df109b76601
LICENSE,root-metadata,803,d47972ba283fe325f5c2647f95bf8393a6fc9cb54ff87033dda6aee78fc7c1b9
README.md,root-metadata,10222,9f9d92346ad4373d45209824e90d7a982223ce78172a255dcf23b149d2370e27
docs/BUILD-AND-FIXES.md,docs,9100,9a96d6101609d32d9abe6d688c5751d86d1f5a1a22757227dbc1342f39a84c79
docs/DECKY-BOX64-FEX.md,docs,3485,1da177be8b334315b19494e797bf63be5ce018600ccd0e2a2d62ff01950ffc19
docs/DISCOVER-FLATPAK.md,docs,1843,54fd5da5f28254568b8c230138af4ba307bafda24afba25c30e513a10f438d2a
docs/RELEASE-CHECKLIST.md,docs,6313,cf02c93827a5989e53c1e56e0d5d1d2bcdafaac6dac9da65a418be9b00539f74
external-and-mods/BOX64/.gitignore,BOX64,7,b4f41f86efa733e07c9a79da0005b8139c1bb72a8668211f08daaa08e7ca7836
external-and-mods/BOX64/Box64.png,BOX64,51596,f6d7f325013ece4c33410a4510fa7507e85b1940f862ac16473f07f742aae155
external-and-mods/BOX64/install_manifest.txt,BOX64,975,d2b5eb0aa9ec99fe07d82ee02b1a85f68a20ff4dcdee513b6ef0eda8997bf7c5
external-and-mods/BOX64/update-box64,BOX64,6514,7e71822a16fdad14d2b3c71f2913595e6b8ddbefaae91064b37d69efb4185507
external-and-mods/BOX64/update-box64.desktop,BOX64,392,073c530b262a5d800d1f718ee2495a79645d6e557390ce56e1bc605b302a48f3
external-and-mods/Decky/Plug-ins/.config/lsfg-vk/conf.toml,Decky,1498,18b9a7865af2cd1b139292da0252cc1c644aa5e7c6a6f2d09269f9d96cd4e16e
external-and-mods/Decky/Plug-ins/.local/lib/liblsfg-vk.so,Decky,1890200,f6206452f3eb555079aaca6647b73b7b9fe1968916a0fec7f7622bd90fcaeb5c
external-and-mods/Decky/Plug-ins/.local/share/vulkan/implicit_layer.d/VkLayer_LS_frame_generation.json,Decky,506,48c22eec9cfcea8afecef980586e26efa089849f44a12e8ffa961c1b4a276fbe
external-and-mods/Decky/Plug-ins/homebrew/plugins/decky-lsfg-vk/LICENSE,Decky,4393,034c2566ee98e9c9ce8181162c5a4f47aed004538d265b861a81f650afb1a60c
external-and-mods/Decky/Plug-ins/homebrew/plugins/decky-lsfg-vk/README.md,Decky,4957,231733e8e76ffbd58c29e8cfe41a9523e7c0314fecae2a2e126e320be4a1c064
external-and-mods/Decky/Plug-ins/homebrew/plugins/decky-lsfg-vk/bin/lsfg-vk_noui.zip,Decky,571637,a406b3730144c2011e2c2acd3cf44f3ec6c048ee86099bc9c3ac90aa1515e5ec
external-and-mods/Decky/Plug-ins/homebrew/plugins/decky-lsfg-vk/bin/org.freedesktop.Platform.VulkanLayer.lsfg_vk_23.08.flatpak,Decky,3816440,8381d1eff0b0786af5a0e66955521eadec783866f73b9b1aa4664c952ed601a4
external-and-mods/Decky/Plug-ins/homebrew/plugins/decky-lsfg-vk/bin/org.freedesktop.Platform.VulkanLayer.lsfg_vk_24.08.flatpak,Decky,4088104,70ea6d9d2a8adad63b8e5c2c3d94a636764ad4d0266ce9f37cb9dc7943d8fc3a
external-and-mods/Decky/Plug-ins/homebrew/plugins/decky-lsfg-vk/bin/org.freedesktop.Platform.VulkanLayer.lsfg_vk_25.08.flatpak,Decky,3908040,0651bda96751ef0f1314a5179585926a0cd354476790ca2616662c39fe6fae54
external-and-mods/Decky/Plug-ins/homebrew/plugins/decky-lsfg-vk/dist/assets/flatpak-target-34f0e3b7.png,Decky,78195,8ecc31beba140d91b1ccaf2417ac770fece08edecd9bc6883b4dceb97c27141c
external-and-mods/Decky/Plug-ins/homebrew/plugins/decky-lsfg-vk/dist/index.js,Decky,97900,4236abc30288955f40f13cd9e4fbe96ccf951ebcda5d35cb9b38f06b6631e5e9
external-and-mods/Decky/Plug-ins/homebrew/plugins/decky-lsfg-vk/main.py,Decky,186,9171ff685126b87b6200a3908a424ced2fd9a1ed1703009f0360be820a327e28
external-and-mods/Decky/Plug-ins/homebrew/plugins/decky-lsfg-vk/package.json,Decky,2525,d8d5c8c5f84794de901d7b235ad47cd68ebfcc6af615ef07a65f33c0c407b600
external-and-mods/Decky/Plug-ins/homebrew/plugins/decky-lsfg-vk/plugin.json,Decky,456,1aac9cb718b6c40b9015adab40ed4d5d0281b0d905dbb9e1cda00844d3d5bb78
external-and-mods/Decky/Plug-ins/homebrew/plugins/decky-lsfg-vk/py_modules/lsfg_vk/__init__.py,Decky,274,512f91c61a57f7f1f848da616b6565bdf21b8692b120ed824748ac933151e0b9
external-and-mods/Decky/Plug-ins/homebrew/plugins/decky-lsfg-vk/py_modules/lsfg_vk/base_service.py,Decky,4196,b67f538150b66b5a95a8ab2a8b3f507b0845430cfe7fc3081b525736ff7f7bb5
external-and-mods/Decky/Plug-ins/homebrew/plugins/decky-lsfg-vk/py_modules/lsfg_vk/config_schema.py,Decky,25337,87d6db47acbf49cc4d43e13476a2a767e32f635cba99468bb107ae8274002555
external-and-mods/Decky/Plug-ins/homebrew/plugins/decky-lsfg-vk/py_modules/lsfg_vk/config_schema_generated.py,Decky,7244,39a7756dc5c89d1e3c34907ffaf13ac5a7e99a8bade92273749105053b1ec65a
external-and-mods/Decky/Plug-ins/homebrew/plugins/decky-lsfg-vk/py_modules/lsfg_vk/configuration.py,Decky,19612,0aa96409f07d525949694651a25513b4b61179b5478e56a2e29d02c7a6ca6940
external-and-mods/Decky/Plug-ins/homebrew/plugins/decky-lsfg-vk/py_modules/lsfg_vk/configuration_helpers_generated.py,Decky,1362,c1d8639e7433e0ad2a17ec2448c9be2bafda2d20ee12942b1adfd8302895f6bf
external-and-mods/Decky/Plug-ins/homebrew/plugins/decky-lsfg-vk/py_modules/lsfg_vk/constants.py,Decky,886,ac839cf845ad6e5c8d7462b4479ade11a84f7e4bcc97d6e0666675f886d39f4c
external-and-mods/Decky/Plug-ins/homebrew/plugins/decky-lsfg-vk/py_modules/lsfg_vk/dll_detection.py,Decky,8131,0192728114ed149b8d9d48ef38f9a96d223a878282a84ef9f94a6ac1b484ca4d
external-and-mods/Decky/Plug-ins/homebrew/plugins/decky-lsfg-vk/py_modules/lsfg_vk/flatpak_service.py,Decky,20353,4ae577b00e253d2d105c84f7604caee1086fa591e7dc3b9969b42ecc3928cc53
external-and-mods/Decky/Plug-ins/homebrew/plugins/decky-lsfg-vk/py_modules/lsfg_vk/installation.py,Decky,18268,55b06325740eac66403abf6da717b5e0cc5369228eb51a9c4eeb8b888157d9b3
external-and-mods/Decky/Plug-ins/homebrew/plugins/decky-lsfg-vk/py_modules/lsfg_vk/plugin.py,Decky,18732,87e14e2497bf38fc436bb80b910a812abbbfbbb5ba15ca333fbf464e6e8f5b22
external-and-mods/Decky/Plug-ins/homebrew/plugins/decky-lsfg-vk/py_modules/lsfg_vk/types.py,Decky,1884,f7ecdf6829a8f8a080152b1797da7366a6d19b903b796f4093853cc900c9ee22
external-and-mods/Decky/Plug-ins/homebrew/plugins/decky-lsfg-vk/shared_config.py,Decky,4935,e5d635ec3849d37acfd5c17767b84ca608cbc1899910692f9abfab99e2b30368
external-and-mods/Decky/Plug-ins/lsfg,Decky,137,40d54fa6543b437359e4c1cebffdb8af79d7f8f84312e58f270e8fa6ddc79a9e
external-and-mods/Decky/README.md,Decky,609,2118a2e7c114c5ed46612148fea90fb9b39cd3d77109a098a069be5a06d530b0
external-and-mods/Decky/decky_installer.desktop,Decky,382,d266918fb6a1240aeadc0f0ee8f112270f4f7460cdf62e62d554177d41105109
external-and-mods/Decky/sm8550/color-leds/README.md,Decky,837,6b40918049134b5977f6b133ffeef4ce9378fe73dfbe31651568bdf1ad2c3229
external-and-mods/Decky/sm8550/color-leds/build.sh,Decky,1041,97a992239a5f0b32b5bfc958025ac89554f496566fed24561fdcd4abaf7510b0
external-and-mods/Decky/sm8550/color-leds/dist/index.js,Decky,25003,09413e457cf81316dc3072ce102abc6708a580fd56c74596bc3a2f291ba8dd89
external-and-mods/Decky/sm8550/color-leds/install-local.sh,Decky,2712,b0f5da84664a5c1752e2305377ee954a64e18508be08bec2d98f6face97dc1ec
external-and-mods/Decky/sm8550/color-leds/main.py,Decky,4794,12aa97c0a7b7951488d116f78b91d8961734987c91768b888d851f0db72ce7f8
external-and-mods/Decky/sm8550/color-leds/package.json,Decky,949,d10589bfb56610d7b974fc8db405d8a131c9f6885182484f6bcb5f1e6153d145
external-and-mods/Decky/sm8550/color-leds/plugin.json,Decky,397,97f0fe89cefc51aa60dc1a3c1326bb04f4fbe8f8f2419a425db225f34f85fed9
external-and-mods/Decky/sm8550/color-leds/pnpm-lock.yaml,Decky,40200,84e2dc4566f70d2914572b78d8687f995c131b600558da1955a59ad311dd0fa4
external-and-mods/Decky/sm8550/color-leds/py_modules/sm8550_led/__init__.py,Decky,55,849efd3dc4bd1ca2d9d5cc0521239c585224030fa32f04c076d4922cfca94ca0
external-and-mods/Decky/sm8550/color-leds/py_modules/sm8550_led/controller.py,Decky,15611,2af1cfa4981ade0d66a4cee340944fff89167223092655ad42b9e4fa53a4e274
external-and-mods/Decky/sm8550/color-leds/rollup.config.js,Decky,106,277e5cba3a12ca93a1cb8f319f75b2ed17370ca91b9f4f17c1a93678a1ee02e3
external-and-mods/Decky/sm8550/color-leds/src/Content.tsx,Decky,13182,a222053e2a001bb31662e998d36f848e9174842412f600a2fd684ccef2bb8105
external-and-mods/Decky/sm8550/color-leds/src/backend.ts,Decky,3741,395a005d156a2633bd66b6f452100acb208bc6571b50544c8f53df2e54dd3aa8
external-and-mods/Decky/sm8550/color-leds/src/components/ColorPalette.tsx,Decky,1267,85439d6e5a114978f7bbeffa3164e73137f3d1df9fd11cbf5eafa5d42e55fe6a
external-and-mods/Decky/sm8550/color-leds/src/components/ColorPreview.tsx,Decky,801,359b94cedba6252efbee401f0da02b21b02ec953e6e99e468d0b5bfdca7a0b86
external-and-mods/Decky/sm8550/color-leds/src/components/CustomSliders.tsx,Decky,1701,5cf7886f767cd11a5dafbee09ff5e506baebec0e6033a179698210e7c764a30b
external-and-mods/Decky/sm8550/color-leds/src/components/widgets.tsx,Decky,927,bcd71c96a79b6f19b7aaa95abc3e03217ea67838c389967912d0058119cf6ee4
external-and-mods/Decky/sm8550/color-leds/src/index.tsx,Decky,243,c37231dbdf1a1af62c5c9c799ecd99d9a2f15b4db7b4d2bf182e1717802a925e
external-and-mods/Decky/sm8550/color-leds/src/styles.ts,Decky,2965,0a10ff86bc33c82d86dc3573888c96dbc50f99ffbe638d7c3ffc748f49d23b57
external-and-mods/Decky/sm8550/color-leds/src/types.ts,Decky,3897,aa6d923d49f17629acc5be98280af8101f5759c1c0dfa58a7b1903a0e7c2362e
external-and-mods/Decky/sm8550/color-leds/test-backend.sh,Decky,568,9784495a92d380006181dc8d40e3dbfa620fd5f43ab6861556ad5f9ac5f983ac
external-and-mods/Decky/sm8550/color-leds/tsconfig.json,Decky,361,4bfbf44bcd8041e1b765a296521120c8dfc3351141b7b87b32f4ed1025dcb8fe
external-and-mods/Decky/sm8550/power-managment/LICENSE,Decky,340,e714103a357c662b7bb2c1e7d77c1002a487fd42bc4a2f5f8fe492a9ee9b5a42
external-and-mods/Decky/sm8550/power-managment/README.md,Decky,2286,0f84773aeb407948133633033c484b0f80567e46214a58b3b9cb6906882524ad
external-and-mods/Decky/sm8550/power-managment/build.sh,Decky,568,8c3824bfa5a4b0de02b538c329a70b319105d3ecc9e9e8a017a745620e124c32
external-and-mods/Decky/sm8550/power-managment/dist/index.js,Decky,43835,4987dd9804bfe22cdb455895f5dee72920d19aaa5a165b3c848ae99c51126c88
external-and-mods/Decky/sm8550/power-managment/install-local.sh,Decky,2608,d9e8a716e62e454fc1a13c831ed9f749a61c5977dae820b2e7c7e1fbf481f0c9
external-and-mods/Decky/sm8550/power-managment/main.py,Decky,5721,8d107761e044a9b63f2ba0d1ced257d3996d9ee40c0fe7a9d07abd9e5f5285b8
external-and-mods/Decky/sm8550/power-managment/package.json,Decky,953,79b2a4ddd36713693dd7ef0e0f812d6cc3f22928651d3dacb9090c3b3ff3ad53
external-and-mods/Decky/sm8550/power-managment/plugin.json,Decky,433,8653644a0379a71e08f3126b7700aa90c303afe326360d7d0d406116d7b79e30
external-and-mods/Decky/sm8550/power-managment/pnpm-lock.yaml,Decky,40200,84e2dc4566f70d2914572b78d8687f995c131b600558da1955a59ad311dd0fa4
external-and-mods/Decky/sm8550/power-managment/py_modules/sm8550_power/__init__.py,Decky,49,3d9401b5198c01957cd513c972a910223ca695eb19b179646cf2cf251b543f2c
external-and-mods/Decky/sm8550/power-managment/py_modules/sm8550_power/args.py,Decky,1388,a24a97c89065180ce376cff0911c8e0debabc9d80a713ccd2b05ee6280922c32
external-and-mods/Decky/sm8550/power-managment/py_modules/sm8550_power/config.py,Decky,4727,7bf301fa3d93b53002810954ac007ae9423cee32be9cd0174de3298d42ec9f7e
external-and-mods/Decky/sm8550/power-managment/py_modules/sm8550_power/defaults.py,Decky,2614,cfe058665cdd64cc66e702f936ff7efb3db65f922cbe40d848e63197df11822a
external-and-mods/Decky/sm8550/power-managment/py_modules/sm8550_power/engine.py,Decky,1130,212aef8322990efa35487abfff3934a5b4e9456035cddd8805e97b8f6d9db714
external-and-mods/Decky/sm8550/power-managment/py_modules/sm8550_power/fans.py,Decky,2884,5de2b46eb894e6430eac85ff59d82e453ef82c273043ffefd3c6da2e85dc4ec1
external-and-mods/Decky/sm8550/power-managment/py_modules/sm8550_power/hardware.py,Decky,11131,07253a63e850d3987ca8649e5f76db7f874b40cd67854ad7fc0901d798f80db2
external-and-mods/Decky/sm8550/power-managment/rollup.config.js,Decky,106,277e5cba3a12ca93a1cb8f319f75b2ed17370ca91b9f4f17c1a93678a1ee02e3
external-and-mods/Decky/sm8550/power-managment/src/Content.tsx,Decky,4852,c90c2e63e2423e9386cdef65001d011d8f4358f4b581356ee398f5f66d431501
external-and-mods/Decky/sm8550/power-managment/src/backend.ts,Decky,636,1e1fc4c87bfeb3f912c08f07091c6d6e15b5688937348a0ca3727a1ff4e5d03f
external-and-mods/Decky/sm8550/power-managment/src/components/FanCurveGraph.tsx,Decky,7652,6b0f66827c6b078ea450006f89e75d2f3bc3ea0411cf9e8aa4d28099faba0021
external-and-mods/Decky/sm8550/power-managment/src/components/widgets.tsx,Decky,2777,3cc7e9379cc821cef76dc0b6d25f1918f7bc82c9215c0c63e9e4d86603598ac4
external-and-mods/Decky/sm8550/power-managment/src/hooks/useCurrentTemp.ts,Decky,677,7f7b2d693f2444fde8ff75701fd8b59eb832a99461257cdd36413254f553b6aa
external-and-mods/Decky/sm8550/power-managment/src/hooks/useDebouncedSave.ts,Decky,1778,75539c5c0a7a5db0ab5b4dc95970ff0df2e47a8b8e963979a57e99c9246d1f80
external-and-mods/Decky/sm8550/power-managment/src/hooks/useFanCurvesSave.ts,Decky,1461,a0250288e2f1184013c96865bb09084aa5993168d5e9e0bc718c9489a7eeeb56
external-and-mods/Decky/sm8550/power-managment/src/index.tsx,Decky,245,4701d215a750e1beccf45c007b916d309c721f4e611b911d9e2731f1d79c4233
external-and-mods/Decky/sm8550/power-managment/src/lib/fanCurve.ts,Decky,1224,c67047d9b5c81e21c4d6acd36e57fbbc8c0d7438c869688265e6a4b35fb01ea6
external-and-mods/Decky/sm8550/power-managment/src/lib/util.ts,Decky,728,27a90db0f93159720143f7046ab541b9b2c75c096d82678b5b41700e4c142f06
external-and-mods/Decky/sm8550/power-managment/src/styles.ts,Decky,4431,25ec4bdf33ffbb75792d126fb737e8d881ca31b81a3bb109c119f8656f06a508
external-and-mods/Decky/sm8550/power-managment/src/tabs/Fans.tsx,Decky,14591,0e4ca2432167628ec796d617e62cb3dd41f31a3b15f38124530676fa428f3959
external-and-mods/Decky/sm8550/power-managment/src/tabs/Monitor.tsx,Decky,2887,52ce6dda84ee75ade3d6da83d4f40da843fe578f57e8a1ee8a0c49e194f04b89
external-and-mods/Decky/sm8550/power-managment/src/tabs/Power.tsx,Decky,4161,8a694377a7fbba2b3e32cd9b992cc2cd9b990ba8be90b8c8b6bb3d609955877e
external-and-mods/Decky/sm8550/power-managment/src/types.ts,Decky,2494,faaeb4cf42f5bc17fd970a2715a3439e6a49d2e703f0e1c554405c161143068f
external-and-mods/Decky/sm8550/power-managment/tsconfig.json,Decky,361,4bfbf44bcd8041e1b765a296521120c8dfc3351141b7b87b32f4ed1025dcb8fe
external-and-mods/InputPlumber/.gitignore,InputPlumber,53,c51ecb4e1f3d94b20c84354c85f7ce5f3e0c059e233bfef5942f1defe925cec9
external-and-mods/MESA-Easy-Manager/.gitignore,MESA-Easy-Manager,169,ae2912ba3f2519415ec2bdda18fd5b3ef3039cece3e81edb3fd12877c07193ef
external-and-mods/MESA-Easy-Manager/CHANGELOG.md,MESA-Easy-Manager,3396,b0bdd4d687553fe175c3fbfa98d398010ab70d80e83ef560778ab5d2538db043
external-and-mods/MESA-Easy-Manager/CONTRIBUTING.md,MESA-Easy-Manager,1600,0156aa6de2ac60456e4e340824fb52180a994773827d4045dd76f231cf14018c
external-and-mods/MESA-Easy-Manager/LICENSE,MESA-Easy-Manager,1087,55d184337e344f438d39b60cb14d9125b2febc62db42e4a7889b30edec10dc07
external-and-mods/MESA-Easy-Manager/README.md,MESA-Easy-Manager,8010,e200322c1bce735100addaec5291b16f405d8153de44b1ee0dd32bb0a6188dda
external-and-mods/MESA-Easy-Manager/SECURITY.md,MESA-Easy-Manager,795,af7aa042db31facf6b8616cc65cb8d3c4e63fc5ee47c02d8a594301d3d6feca2
external-and-mods/MESA-Easy-Manager/data/mesa-easy-manager.desktop,MESA-Easy-Manager,294,eaa025843d22474fcc84c9bf07e61002bb676fcc639bec1a94485731451cd2d6
external-and-mods/MESA-Easy-Manager/docs/PATCH_SOURCES.md,MESA-Easy-Manager,1950,ee55bc1df059d6c7447f731f382341986a99d519c0c32c7704c618449a235942
external-and-mods/MESA-Easy-Manager/docs/RELEASING.md,MESA-Easy-Manager,1749,e69130428101ea95972f99388a2c343323a47493cfb9bbdfaf8cd866d37d2afd
external-and-mods/MESA-Easy-Manager/docs/release-notes-v1.5.0.md,MESA-Easy-Manager,767,cd6b5881e02d1f6cf925da0e3485445ea2a3a0f2a213ce711acd9dbf0d4c193d
external-and-mods/MESA-Easy-Manager/mesa_easy_manager/__init__.py,MESA-Easy-Manager,139,33bbdc0282ea14be3657d0cf355e9c9324ccce6ffa2ccd84c0ebd5fe33b1c84e
external-and-mods/MESA-Easy-Manager/mesa_easy_manager/__main__.py,MESA-Easy-Manager,165,ada7fffdbdb8a0a095e0e0529b8ab801e9db5a71326930a4b7ffce339b490285
external-and-mods/MESA-Easy-Manager/mesa_easy_manager/compiler.py,MESA-Easy-Manager,7632,336d1c2779331d691ac280780d84dda694643c8a800562d9396c4ff9b22032ae
external-and-mods/MESA-Easy-Manager/mesa_easy_manager/constants.py,MESA-Easy-Manager,1900,ea86f990ad2568af98a9d5c2d96e1f4aaf156b03e57221f154ecba5fb216766c
external-and-mods/MESA-Easy-Manager/mesa_easy_manager/installer.py,MESA-Easy-Manager,2645,2972f6dc8c91839a03190c2bc590be82627b5dc58a56dbab4aae4a8722e34b2c
external-and-mods/MESA-Easy-Manager/mesa_easy_manager/local_store.py,MESA-Easy-Manager,3831,b248b72dc0303773ff5bc9493a01cb4755f08c8d2e4a46745d7de82f2db98456
external-and-mods/MESA-Easy-Manager/mesa_easy_manager/patches/SM8550/0001-freedreno-ir3-vulkan-disable-bindless-ubo-const-lowering.patch,MESA-Easy-Manager,738,1fa4a8e418a1822d91d5128c108434681f6d3765c0d056ffaee79b7fe4a9ff62
external-and-mods/MESA-Easy-Manager/mesa_easy_manager/patches/SM8550/001-fix-freedreno-vulkan.patch,MESA-Easy-Manager,823,55314575251bbf1d843f22a9fd952a191956c20254058f64d7372a1d0b23485a
external-and-mods/MESA-Easy-Manager/mesa_easy_manager/patches/SM8550/README.md,MESA-Easy-Manager,729,a307a20b40157c3ff4b446c4d838e4bed72b41969c7a1334bf28d48f30abcf9b
external-and-mods/MESA-Easy-Manager/mesa_easy_manager/patches/SM8750/0001-add-a830-chip-id.patch,MESA-Easy-Manager,562,62e448fba0a6acf4088bbb83358ffc08e81ec65167f8c9e76aecb0f8987528ac
external-and-mods/MESA-Easy-Manager/mesa_easy_manager/rocknix.py,MESA-Easy-Manager,6017,c979698c6d11d95b5f0a85941908f150123cea1d46b361b01f9a27aeacca5ce3
external-and-mods/MESA-Easy-Manager/mesa_easy_manager/ui.py,MESA-Easy-Manager,27258,f502d97c0ec760c46521c0bdaa42350e22b14eb08196406e746cab78bf0e0fa6
external-and-mods/MESA-Easy-Manager/mesa_easy_manager/versions.py,MESA-Easy-Manager,2874,86605ff627e2e535f7424bbd1b8e5382096f932c765e243aea1f42a67ed21e5e
external-and-mods/MESA-Easy-Manager/packaging/AppRun,MESA-Easy-Manager,832,88e4eb0e7cc488535ef10fae126b8484749126a5e71b3c639e9e77f1f3527b07
external-and-mods/MESA-Easy-Manager/packaging/build-appimage.sh,MESA-Easy-Manager,3789,1ccd09dcfef0222657cfb9a735e49e4e184efa2852c6fce69085f0e0dd7c450f
external-and-mods/MESA-Easy-Manager/packaging/mesa-easy-manager.desktop,MESA-Easy-Manager,365,5c74d82a859cafc61205cb71874724cbf8ed92da8e4da31f8d768444a60451eb
external-and-mods/MESA-Easy-Manager/packaging/mesa-easy-manager.svg,MESA-Easy-Manager,985,ab401b787499cfc060dadaacd4297febe0359cea45393b2b75e6e410d9510d2d
external-and-mods/MESA-Easy-Manager/requirements.txt,MESA-Easy-Manager,162,a0ec582cdfd551839fe2f6aeafc822c124852ec5eafc0138d989135872002255
external-and-mods/MESA-Easy-Manager/run.py,MESA-Easy-Manager,146,d837c800d0e4df8563a5587ebf26517166ef8fdb9c1c0a5e575d9863f989b0c3
external-and-mods/MESA-Easy-Manager/scripts/mesa_easy_privileged.py,MESA-Easy-Manager,1795,90e44cd0cc9565be28059bf475a3fc35908fcb5a5f9f9745432fe7230d637aae
external-and-mods/MangoHud/.editorconfig,MangoHud,611,553e0012421d30b5623736d1573bcd6aa6cac82f3cd6aa1816781308400f8e47
external-and-mods/MangoHud/.github/ISSUE_TEMPLATE/bug_report.yml,MangoHud,3414,da1788fde898a6f1a581f0ac1a87d0c46d95e5dc9e61ce4b39dbecc3547ff731
external-and-mods/MangoHud/.github/ISSUE_TEMPLATE/feature.yml,MangoHud,931,670fe3416bf58c3e78a27631c4f9d44710b6c367e914845c373975236d5d2bf1
external-and-mods/MangoHud/.github/ISSUE_TEMPLATE/support.yml,MangoHud,740,63cb9230253b473df93184717676edb1fce0d3a38099e98586816b07210395ed
external-and-mods/MangoHud/.github/dependabot.yml,MangoHud,118,883b95e3be554fbadd92b315e4a8c6ea6ca688b64924e22dd61222b07f683507
external-and-mods/MangoHud/.github/workflows/arch-package.yml,MangoHud,1555,34ad5436e6b6d06ee2e4f718348efe19708c08a7831b713febadddac31ce2804
external-and-mods/MangoHud/.github/workflows/build-package.yml,MangoHud,2142,9541956927bab8a1737d9c5a3f7e7af5936c308db5efeadd4ea1a3ff92ddeaa5
external-and-mods/MangoHud/.github/workflows/build-source.yml,MangoHud,1222,5b8a775379153435d1ae3ca145d461e6d44983d08a974709b5155c13e2ed0e09
external-and-mods/MangoHud/.github/workflows/mingw.yml,MangoHud,468,988b66c3b106f93b63f6e28289c468746d2b8fc54fd182d12ed11e9c7f919ce2
external-and-mods/MangoHud/.github/workflows/param-check.yml,MangoHud,485,22adb720f8b56a2216190b591b3b163f0994ca0cfdd06675aa901ac1d466880b
external-and-mods/MangoHud/.github/workflows/ubuntu.yml,MangoHud,1936,d53684d212c6fec3f07a30a727b638fa767be588b9ba70fdfed92d1dd04ae9b9
external-and-mods/MangoHud/.gitignore,MangoHud,602,3bd0f6811fc1a13c8f04e0f479ba0f342275832f2995d8b0b2d213ec0c3cc510
external-and-mods/MangoHud/.gitmodules,MangoHud,104,51e6afcdaa470286e2d2b7789d040b8ecbcfa6ff38be1b6681e8a8e9deea6aad
external-and-mods/MangoHud/LICENSE,MangoHud,1072,18503b2b95a4340a5c2a6854825e97a20f20a8ff06b971feb63654c45c9c482c
external-and-mods/MangoHud/MangoHud/MangoHud.conf,MangoHud,1049,ea242cbda7668bb8249c871175994e1baaac87fc17279a7502f3a7ab86dd01d7
external-and-mods/MangoHud/MangoHud/full MangoHud.conf,MangoHud,1127,21f5ef2f12f94675c831432fe4a73d37a0da8f268b34f9a7070f822d3d22bf79
external-and-mods/MangoHud/MangoHud/horizontal MangoHud.conf,MangoHud,780,b4c7206a5aaffc5d6146144f4db75daab71ff2341c38b151b130fb8fe7fb5b8a
external-and-mods/MangoHud/MangoHud/steam/MangoHud.conf,MangoHud,26,4e91d2ecad81eb2312a84e6ed4293dfddda2595be13e91eab89fbba820cee39a
external-and-mods/MangoHud/MangoHud/steam/presets.conf,MangoHud,2706,8e3fbd0c0377afc5ecd0780b886bb174e6af2d484a76e89190ecb29adeb17ff8
external-and-mods/MangoHud/README.md,MangoHud,39710,75663685f1018f54587f8fbdb56ffd75fca91bca36ac2316903464306ed668fa
external-and-mods/MangoHud/assets/Overwatch2-w11-vs-linux.svg,MangoHud,57278,8af2fd200a27d51f4f61aaa2fb3991779c11779153c1e0c57739c5b34df33ad1
external-and-mods/MangoHud/assets/log_upload_example.gif,MangoHud,4917086,c953662432dc6f7427a1200de000011f5846a9e339b9083850b245c2de9dea94
external-and-mods/MangoHud/assets/overlay_example.gif,MangoHud,9507805,d0e3a4c60987eecddf630111548dd64bbfb145354cb53bc968738646ba2934d1
external-and-mods/MangoHud/bin/gen_enum_to_str.py,MangoHud,19022,2557b072f4e79c08920c7511b2c8b995831d4359b8b9c93bde190072761cefbe
external-and-mods/MangoHud/bin/mangohud-setup.sh,MangoHud,5243,708de4ae3354e0da5e75a782df63c3a9fd9adc380576543b2e6fed24b738ae00
external-and-mods/MangoHud/bin/mangohud.in,MangoHud,1453,17f29b06036c24f59fcb932763daa2ad818c4cbd46a26031e8367614d6ff339c
external-and-mods/MangoHud/bin/mangoplot.py,MangoHud,13924,ed04fa6d17e8c0962c72e27e9aa8da75f191d617df70fab12cca341ef1d66c17
external-and-mods/MangoHud/bin/meson.build,MangoHud,201,024c26ac46d293f67772cad24973eb808ea3825e9e6dbbfa5b5ba4f7902ecbde
external-and-mods/MangoHud/bin/vk_dispatch_table_gen.py,MangoHud,26197,9045bb528f7b735ba9566756df047c2958d3a3903597641bfd5cdf3938efce4f
external-and-mods/MangoHud/bin/vk_entrypoints.py,MangoHud,4943,aea579dbac97632339d2888d2006e86dc967f96770e24955e8c5014fbfd384ec
external-and-mods/MangoHud/bin/vk_extensions.py,MangoHud,13856,bfc1f7549bb4bd82bdd3ec3a12f84afbfac8261a37934539a1b92c933b15902e
external-and-mods/MangoHud/bin/vk_extensions_gen.py,MangoHud,4626,8a42823b063dbe829f956c4a5452dba5cbc1794704fc5d84d1a2c6a3333b03d9
external-and-mods/MangoHud/build-source.sh,MangoHud,1072,5971b94851f27881ce1fb566cdd906f7954fc3a8320b2acee30f9c1bf75b5b04
external-and-mods/MangoHud/build-srt.sh,MangoHud,5425,765edb72fa7fb3780b56b206155f48734a8f69d1fb19ca1f39cd0681c917f96a
external-and-mods/MangoHud/build-with-srt-docker.sh,MangoHud,1500,8eafce535e55b0e2fc948235c20bafb2b024be3582b7d604d5c093c440abe4a9
external-and-mods/MangoHud/build.sh,MangoHud,14959,54d9bf2b5ebb99fa0075abc37565beaadabe423e919038e766cbdcd87995d166
external-and-mods/MangoHud/build_deps.sh,MangoHud,1317,dc6669ab11d65d59929449ee991e1a082c7d9f373912819997ec59b040175e5e
external-and-mods/MangoHud/control/setup.cfg,MangoHud,516,46d5932c8d70c6f52adf92e1db80961197553ff0f95549aee0ba514cd344e2be
external-and-mods/MangoHud/control/setup.py,MangoHud,188,a148af6d276bd9463901af91c7fc0c87a99b4bae141d6d665fe4e3931fa8df97
external-and-mods/MangoHud/control/src/control/__init__.py,MangoHud,6444,cea1eebe6b6c8d46a6effee65a861e1ecfd9134182142996391768d3bbdbb697
external-and-mods/MangoHud/data/MangoHud.conf,MangoHud,11719,5f879d9d80be375c05da6c84bb68e65c493a5d690d459728d164d4ccc0a76fd8
external-and-mods/MangoHud/data/io.github.flightlessmango.mangohud.metainfo.xml,MangoHud,1566,8361053e90b1b5dc5cb75ce2012e2481efb8fdc92960afb99d0beec81cac0515
external-and-mods/MangoHud/data/io.github.flightlessmango.mangohud.svg,MangoHud,23013,5ff38b7e77f7501c35c6a23b5b10140c483ab080b49ceea1076ef9fe5fd19a43
external-and-mods/MangoHud/data/mangoapp.1,MangoHud,1236,551b70fd3e33092734411bb926ddf2d5821f21b28ee588338557b01ec8869503
external-and-mods/MangoHud/data/mangohud.1,MangoHud,1944,8a3560345293eaf73acd3decd987634d37387ac8560147db4c74cee181f3f85b
external-and-mods/MangoHud/data/meson.build,MangoHud,1322,45d51039e4d3c703e8ba680d8c95386d4a09f16897f0be08f0becb083c6f3348
external-and-mods/MangoHud/data/presets.conf,MangoHud,101,4d89de3b01f3cfff291b6770403c86087757862863efa7e31c61a86bc93f14b2
external-and-mods/MangoHud/include/.editorconfig,MangoHud,34,53cefd8b0320a26c5244f7340f0681e4e6955224e6d741964c71cc6eeaf9c438
external-and-mods/MangoHud/include/IconsForkAwesome.h,MangoHud,41134,34cb3e8ec70be69d8d9a322de1433bf83f282e95006d6eddfed74d32f68d46fd
external-and-mods/MangoHud/include/KHR/khrplatform.h,MangoHud,10277,bbca133eec0bd0b62fc6f8d27d993aedda3c79f0de8ad3637f8cf42ffbeb8e7b
external-and-mods/MangoHud/include/elfhacks.h,MangoHud,5438,9817b621795601609810f9112c6553661ca74dc1794d3a392ffbdd4e9f70da7d
external-and-mods/MangoHud/include/filesystem.h,MangoHud,184597,c7642621f4aabf073683e73ce3210a9d2f33e5a19544cef941138ac76b86a1ce
external-and-mods/MangoHud/include/glad/glad.h,MangoHud,287256,fb3e024c799cff1155522bda61faeb32d46c3f57df30189692d773d4fd65d797
external-and-mods/MangoHud/include/nvml.h,MangoHud,342883,72afb6f1056e00a6130c63c10248f73b0dcc7c312adf6f146da0ccbc20702220
external-and-mods/MangoHud/include/vulkan/vk_util.h,MangoHud,6318,bfa04422777c729ea47da3d87de9be78f21f1e130fbbc473aaa10c88c867b74d
external-and-mods/MangoHud/mangohud-next/README.md,MangoHud,778,0b5a5e11123f1065c62dbffb0db267e4b850fd7898a314aefcd7b6274c46856b
external-and-mods/MangoHud/mangohud-next/client/elfhacks.c,MangoHud,14471,ffb278c6f6be01b28f2f96ebdb1f90049e66feb37ebb7a14cb3fd2fef180ece6
external-and-mods/MangoHud/mangohud-next/client/elfhacks.h,MangoHud,5438,9817b621795601609810f9112c6553661ca74dc1794d3a392ffbdd4e9f70da7d
external-and-mods/MangoHud/mangohud-next/client/fps_limiter.h,MangoHud,7760,2d82fa15ca29b16a712c2f1c6b0dff806b275110900ae156557be4c62fc1b317
external-and-mods/MangoHud/mangohud-next/client/gl.cpp,MangoHud,24807,bb27fb203abf681bae85ee4f55facf3f1ab939e1ace394b6af12ffb6771f842a
external-and-mods/MangoHud/mangohud-next/client/gl.h,MangoHud,9503,adbc3523f2b399c9611ff3c3498edc5a4c18dce0a948f69a5ee10b22258d6b9b
external-and-mods/MangoHud/mangohud-next/client/gl_hooks.cpp,MangoHud,4250,6c74c40a026d6758b2a074f3fa6aced456502861886183c7d1d029bab5af52f5
external-and-mods/MangoHud/mangohud-next/client/layer.cpp,MangoHud,22050,373ca3560efb5a8fbbaf1adeefb0d11156e2493e32ec73f29386a334f51a207f
external-and-mods/MangoHud/mangohud-next/client/layer.h,MangoHud,16506,5c3219a477cd5b41cccc942d400706a6ccaeb60fed365a5ca8938b840c50c932
external-and-mods/MangoHud/mangohud-next/client/mangohud.json.in,MangoHud,586,f2c6b6809ed75b5b238597b3ab7c8a295f74cc9ae5542e070a6ddc11e5783798
external-and-mods/MangoHud/mangohud-next/client/mangohud.version,MangoHud,186,83535bf24acfa054c41d05dd58136c03698708ca63bc3e316b7915ca851312c7
external-and-mods/MangoHud/mangohud-next/client/meson.build,MangoHud,2201,77006e0789b7a9e9ef6d6e0a5c6c4a5aa4dc7065275ec6bf1b37d2101369a07d
external-and-mods/MangoHud/mangohud-next/client/overlay.frag,MangoHud,2275,8987fe0c7579e1db436780e6e013361d22f6e9d74964c5264c61124e69a8c1ed
external-and-mods/MangoHud/mangohud-next/client/overlay.vert,MangoHud,376,a7f4d3386500fd3b1b1efecc027906771f585c116190972f69a7542fb1eb269c
external-and-mods/MangoHud/mangohud-next/client/real_dlsym.c,MangoHud,2807,eb3504a49e4d83dc10724b72dccfafbcac9eca3ac290f4d80f4233ecc7b04dc9
external-and-mods/MangoHud/mangohud-next/client/real_dlsym.h,MangoHud,416,ddc50739f23075502b9b4853cb9c9f888bc06c43752249e47ad00a31be291c20
external-and-mods/MangoHud/mangohud-next/client/vulkan.cpp,MangoHud,21740,904da9f6101d98deb33f4873b6bcaa0126e62c77699fab814cd0f4528fc1abd9
external-and-mods/MangoHud/mangohud-next/client/vulkan.h,MangoHud,4358,08ca037f26feb50d662b5d0b1e53f01e0a07eab410e786b1ef1fee9e750df8ec
external-and-mods/MangoHud/mangohud-next/ipc/client.cpp,MangoHud,25976,26df0525efea6be5c0583aa9a309fb3bb5801b93a2adde8e762034ec0b8bed05
external-and-mods/MangoHud/mangohud-next/ipc/client.h,MangoHud,5848,302898acf96ebe8cb4d1dc609c29eb7bb8446ae84da7cfd52359aae1d42491ec
external-and-mods/MangoHud/mangohud-next/ipc/ipc.cpp,MangoHud,4438,909f9e706317d4c53ba51757b4c50e3c0028908352bf787aa9d6cd9005e0244e
external-and-mods/MangoHud/mangohud-next/ipc/ipc.h,MangoHud,1274,956a514fd05f54526ba088429cb2226aaaf6123dc7286ea4a52317e4f70fa6ec
external-and-mods/MangoHud/mangohud-next/ipc/ipc_client.cpp,MangoHud,16953,c0cc7f39271a7dff721377a7c0a7bbd820107ff12fc050472fa2deb44aae16ae
external-and-mods/MangoHud/mangohud-next/ipc/ipc_client.h,MangoHud,4685,98aa74f65693551622fd205011edbc9414abaa2f362222260915e21087ccc627
external-and-mods/MangoHud/mangohud-next/ipc/meson.build,MangoHud,1069,76f38e6a297cf5b69ad012ecb29fc9ae5a5b0079faf4a6823d983a4c5f756340
external-and-mods/MangoHud/mangohud-next/meson.build,MangoHud,510,8c7473a9ec1a8b397120db4d6dcb7d8a91662e297ca6a443450395e344a54ae4
external-and-mods/MangoHud/mangohud-next/render/colors.h,MangoHud,4398,46a33cd0cbcd52793f1df87feecbb87a5790b401b162a96424ca5be37c6ac6e7
external-and-mods/MangoHud/mangohud-next/render/egl_ctx.cpp,MangoHud,15068,ce46385bdd28758c0d56158a00d31822ceeb72b24eda72484c4647597b27476f
external-and-mods/MangoHud/mangohud-next/render/egl_ctx.h,MangoHud,1291,5ea4cb5dad6b6eacafa62b3645b9b5ef90982b58be40cddaf2dfb27bdcb53a09
external-and-mods/MangoHud/mangohud-next/render/export.h,MangoHud,1801,ab703f40651fa78e021390b4f99c4e9638b67e03f027b4cb6707a071592b77ad
external-and-mods/MangoHud/mangohud-next/render/imgui/egl.h,MangoHud,1841,3bf035becb5a91c20d7b5f0f715948ef610f4aa8fab478425e112abc5915a050
external-and-mods/MangoHud/mangohud-next/render/imgui/font/font.cpp,MangoHud,1926,f11e7a60882ed4f0495dd1478d5105aed5b67d7e50353710d09103b7932a57de
external-and-mods/MangoHud/mangohud-next/render/imgui/font/font.h,MangoHud,2673,d778754ed0a7189148380cdd9a6cabb02f4f2625f5b14ada63d567af917bc28b
external-and-mods/MangoHud/mangohud-next/render/imgui/font/font_default.h,MangoHud,239,a9352129e5a337c5b84d656ed6ad462af26cd309fe5218189caedb724edaaa11
external-and-mods/MangoHud/mangohud-next/render/imgui/font/font_unispace.c,MangoHud,42866,aa57060bc3c3fd7b8f26ecdaa6da5a4337d6679084dc15ce3746689019368251
external-and-mods/MangoHud/mangohud-next/render/imgui/font/forkawesome.h,MangoHud,225854,8fee675239dc0d311ebc4dfb8b91f0d2fbf6769c3a6315ebeb847ff20f3693e9
external-and-mods/MangoHud/mangohud-next/render/imgui/font/meson.build,MangoHud,176,de41e6287bce59f13cc9314169091fd3726667c0df9627474554560fb6f04c39
external-and-mods/MangoHud/mangohud-next/render/imgui/imgui_ctx.cpp,MangoHud,39260,c8279f584741005e50856e3588188bcb27a9ad71813b369462fffa67713dc58c
external-and-mods/MangoHud/mangohud-next/render/imgui/imgui_ctx.h,MangoHud,2320,04226eb01bf37855c8932687ce9e28d7c1c48fe9a9d79c0b2253ca1d95196b61
external-and-mods/MangoHud/mangohud-next/render/imgui/meson.build,MangoHud,213,64b69b4093d50b6f64d4c708da0eea94557f29636dda7afa51c94f951780d835
external-and-mods/MangoHud/mangohud-next/render/imgui/vk.h,MangoHud,4952,c6dc65a0998ebda0e07bdc35e2b63a7147981fa26b66a46e06f180eec342101a
external-and-mods/MangoHud/mangohud-next/render/meson.build,MangoHud,671,ed537f513b88c01fd6ed8677c9b691606d15a13a2a74d40dd2c6f16a8171baf3
external-and-mods/MangoHud/mangohud-next/render/shared.h,MangoHud,6873,136ec564d204bf1857552abcc19e55566fbd0e4250fef2324177957f47110449
external-and-mods/MangoHud/mangohud-next/render/vulkan_ctx.cpp,MangoHud,30450,005bbb24f11245d7459b560880211c86cd422f5e04a9c4185bd399aee7aba7da
external-and-mods/MangoHud/mangohud-next/render/vulkan_ctx.h,MangoHud,3264,bcf6bbe9a5721548e0be129ccbf9bf5d121b758c9c5f245b6f65b7f9be4a94bf
external-and-mods/MangoHud/mangohud-next/server/README.md,MangoHud,5678,3796040e1f4a3e27ec97f2abc75215a1aa3e8916f6f6ac9969c9e7d9d911db11
external-and-mods/MangoHud/mangohud-next/server/common/helpers.cpp,MangoHud,891,501427dd5b23300f1b1724d1d342e84a4a67cb50a9de13a44296e4cddb892dfb
external-and-mods/MangoHud/mangohud-next/server/common/helpers.hpp,MangoHud,3156,1a8cda1a9f6d0f68e413f37f0ffab5edc2ceaf05c552c96ff5ca987069e4c34f
external-and-mods/MangoHud/mangohud-next/server/common/table_structs.h,MangoHud,2703,163554971413792314c67ddd5fd64eefcd9791e490ac67ea0c306f8857b10623
external-and-mods/MangoHud/mangohud-next/server/config.cpp,MangoHud,14196,83969ebc1534bd4cbbcfd7b0be40cff707d11954e7d8e08a76feaa7ebfec51d4
external-and-mods/MangoHud/mangohud-next/server/config.h,MangoHud,5555,90ace735447b6914fa9d8eb3c68dee67bf91a0303849ccf4481eec73fb48a824
external-and-mods/MangoHud/mangohud-next/server/main.cpp,MangoHud,954,7d8eef83f59551667dab06685a7a8f6b18c7d6f7e24652a309956d635b9d1e86
external-and-mods/MangoHud/mangohud-next/server/meson.build,MangoHud,1538,844f22b4d73fca9bdebdd010860d01245f9b0d73ecfad0f4e4e5125e47c87e7a
external-and-mods/MangoHud/mangohud-next/server/metrics/cpu/cpu.cpp,MangoHud,5715,e553d7cf34868e677fd6e2c1dd0cf8e1389164a774147107ea3a28bfb57a246a
external-and-mods/MangoHud/mangohud-next/server/metrics/cpu/cpu.hpp,MangoHud,2532,25280cf25ded97fb1ebd9296020e1e93c406eb4173fb5f538b49febc26b00440
external-and-mods/MangoHud/mangohud-next/server/metrics/cpu/meson.build,MangoHud,181,cc76d07b2302854a2883f6f49f96b4b18527164740da5bcdd9d3709437683d3a
external-and-mods/MangoHud/mangohud-next/server/metrics/cpu/power/rapl.cpp,MangoHud,873,612e2fa81f5919f40e80a65e0e2a5cfee1451fc2b16d24938b364b95d98c2253
external-and-mods/MangoHud/mangohud-next/server/metrics/cpu/power/rapl.hpp,MangoHud,437,e18fb88ea823d022ffd56c29a7fd487184bcc0a3ed82f23bffcb3f88fd7926ab
external-and-mods/MangoHud/mangohud-next/server/metrics/cpu/power/zenergy.cpp,MangoHud,905,506dcb9620bbf8d3175d20f3b78daaf4442fb20752d4971b464d9d3ae89cac40
external-and-mods/MangoHud/mangohud-next/server/metrics/cpu/power/zenergy.hpp,MangoHud,380,36e582f706b274f3fe47d680bedff87f91bfb167bcc5ffd5f19291a08efe3a80
external-and-mods/MangoHud/mangohud-next/server/metrics/cpu/power/zenpower.cpp,MangoHud,867,c986226aca05619c407136038edc3a46fb9738c6d9b236bb6e1be00f8c6d877e
external-and-mods/MangoHud/mangohud-next/server/metrics/cpu/power/zenpower.hpp,MangoHud,641,6bb824cf5e4a7f1ef3e511a220ff32c56d040256b79310ae2f8b838407a3efa1
external-and-mods/MangoHud/mangohud-next/server/metrics/exec.cpp,MangoHud,9148,b196d872f3952b2788a257595c49e03bdd43519c56c73e608dd6340da47492b5
external-and-mods/MangoHud/mangohud-next/server/metrics/exec.h,MangoHud,7174,1af0b4cbeff68aa339bd712ea397bb1785f1271225b2d4c38f8c8424ee22b461
external-and-mods/MangoHud/mangohud-next/server/metrics/fdinfo.cpp,MangoHud,5306,74bf2f5247439288a543669a05b564f0b0428e79fdcdbc09cf38a5a899e4c91a
external-and-mods/MangoHud/mangohud-next/server/metrics/fdinfo.hpp,MangoHud,1109,841a617d48bffbdd9514006046c2365e873931c23f4361af56b92a0a5f7eab9b
external-and-mods/MangoHud/mangohud-next/server/metrics/gpu/amdgpu/amdgpu.cpp,MangoHud,5006,382dc0f94767a8d33a20c3a7c85cf08c7d9954ff3c92dba582de5868b095b618
external-and-mods/MangoHud/mangohud-next/server/metrics/gpu/amdgpu/amdgpu.hpp,MangoHud,2749,7572cea5780b8fb8ce56ae41d0a6f8c7283478ce9768895ba220f2e80e3292c7
external-and-mods/MangoHud/mangohud-next/server/metrics/gpu/amdgpu/gpu_metrics.cpp,MangoHud,6804,df170b569575eab9f6629fd3a1fa4a397f5d2c1f57d79826399234f5fde9c434
external-and-mods/MangoHud/mangohud-next/server/metrics/gpu/amdgpu/gpu_metrics.hpp,MangoHud,7802,cb908738dcbca5ee572d8abf7616853de448ab6541a44d6ecef38a331267b299
external-and-mods/MangoHud/mangohud-next/server/metrics/gpu/gpu.cpp,MangoHud,13949,94e123030b3bd8bde6ba31f3a38ae406654190f3dcf629df46bfd8c860eddeea
external-and-mods/MangoHud/mangohud-next/server/metrics/gpu/gpu.hpp,MangoHud,4044,de21612fd4a2c6f1f43e26c32665dd8e7a4f1993f8f24b290280f2cae967e0a5
external-and-mods/MangoHud/mangohud-next/server/metrics/gpu/gpu_metrics.hpp,MangoHud,2081,9be9f189e6f40e781e3bd89d1a6fcffdbb4014fe7884c9fe36c9c712724c4d89
external-and-mods/MangoHud/mangohud-next/server/metrics/gpu/intel/i915/i915.cpp,MangoHud,6534,1967d586c0de1779c7214cdef16a3f7aeead431c074121917ae0ce01b7df0a55
external-and-mods/MangoHud/mangohud-next/server/metrics/gpu/intel/i915/i915.hpp,MangoHud,3113,4c8285f70563bf611d412f836b692f08470aaf740ce4a9584f95728120b3db3e
external-and-mods/MangoHud/mangohud-next/server/metrics/gpu/intel/i915/i915_drm.cpp,MangoHud,3507,4c33986fd22f8533a6e71776be2133c418481f6bb98f687662bdf978d73bee99
external-and-mods/MangoHud/mangohud-next/server/metrics/gpu/intel/i915/i915_drm.hpp,MangoHud,459,2d40e9be2171fb03bb3203adaa6341d0beba77304462c8cd2c6b121e4ef43272
external-and-mods/MangoHud/mangohud-next/server/metrics/gpu/intel/xe/include/xe_drm.h,MangoHud,45628,a282f9bb5788b2e6ec5c4a621433b65d315271e9ec414e99660c66e196d7430a
external-and-mods/MangoHud/mangohud-next/server/metrics/gpu/intel/xe/xe.cpp,MangoHud,7887,86e47444878d52d186af0ef1660ebadb780ca3471eb1827c62dcda318a9233a3
external-and-mods/MangoHud/mangohud-next/server/metrics/gpu/intel/xe/xe.hpp,MangoHud,3306,5e4e38d2b8ac650a450195a23c5a6299e8924adf6756007c5497727ed114d929
external-and-mods/MangoHud/mangohud-next/server/metrics/gpu/intel/xe/xe_drm.cpp,MangoHud,2726,c49e1ec7a5bed76b3c1fc9fedc33d03a1f169fd4bed852d2d0372213fed25e09
external-and-mods/MangoHud/mangohud-next/server/metrics/gpu/intel/xe/xe_drm.hpp,MangoHud,419,7efd6182a6b43a66d601bfb460f4e7cc89d8a7a0694a4aa0988524da92d9f409
external-and-mods/MangoHud/mangohud-next/server/metrics/gpu/meson.build,MangoHud,597,a2913f521c020c14db9252f6ddd0505a3c211ae0723ea387305839858523a929
external-and-mods/MangoHud/mangohud-next/server/metrics/gpu/msm/dpu.cpp,MangoHud,1206,0d1e800db6a299cd59d57f7cbfb3890dfcc5634845455e35a04193a7bf2e5308
external-and-mods/MangoHud/mangohud-next/server/metrics/gpu/msm/dpu.hpp,MangoHud,748,bc1b78a80ec02e601304f8f83e5dfbef87600d5e69cde878f765699f52177fb7
external-and-mods/MangoHud/mangohud-next/server/metrics/gpu/msm/kgsl.cpp,MangoHud,632,d23a62aab28d7412c31c13af60def8d7106d0d4aaf3ffd92dac662463d6ce95c
external-and-mods/MangoHud/mangohud-next/server/metrics/gpu/msm/kgsl.hpp,MangoHud,710,bf0f9a7d29626f5e77f7c973b00427f3170fc6fc8f6d948e746ba38e1001cc6b
external-and-mods/MangoHud/mangohud-next/server/metrics/gpu/nvidia/nvidia.cpp,MangoHud,4968,872ca2f9094e094bcd89ea314f60bb991818e337e558f5551848f6d22bd5bda0
external-and-mods/MangoHud/mangohud-next/server/metrics/gpu/nvidia/nvidia.hpp,MangoHud,1264,7b626a430809cbed78d885708dae2615bab72e955caee3d38df0fb1c8d3b02fe
external-and-mods/MangoHud/mangohud-next/server/metrics/gpu/nvidia/nvml.h,MangoHud,703863,5a9ed049520b02354b74280f3a1e83b27292cf9f7958beb227461c0bc8676b99
external-and-mods/MangoHud/mangohud-next/server/metrics/gpu/nvidia/nvml_loader.cpp,MangoHud,2739,ff95798e03d3ad400924bc00fe085f9b6a4d7d23db898e0bf9454a603980ea48
external-and-mods/MangoHud/mangohud-next/server/metrics/gpu/nvidia/nvml_loader.hpp,MangoHud,1868,a3ad50e7d4097418922fd493efd4e5d01ecf55e07b74651aa87237cf09c95e78
external-and-mods/MangoHud/mangohud-next/server/metrics/gpu/panthor.cpp,MangoHud,1684,9307df44a7efda7c5b03f997a47a4ff02c601e744cd7bac1bd48739096d6bc58
external-and-mods/MangoHud/mangohud-next/server/metrics/gpu/panthor.hpp,MangoHud,760,9d984f763a06af3b07b33aeae26e0fc0ce21b9bc65dea0889ae2c416e80d5cc2
external-and-mods/MangoHud/mangohud-next/server/metrics/hwmon.cpp,MangoHud,5090,b9d370d86f2839d50021a243568e05da44a15df9eb59c687f2982b74bceba7d8
external-and-mods/MangoHud/mangohud-next/server/metrics/hwmon.hpp,MangoHud,1266,68d5ae22b9d63a1aa12540e01524f72b71c044fdea7d34337c0e002b4dcba037
external-and-mods/MangoHud/mangohud-next/server/metrics/memory.cpp,MangoHud,1999,a0563fd289c2b3db368f46b9808038c838ea12e706b57029fa36384f355477a2
external-and-mods/MangoHud/mangohud-next/server/metrics/memory.hpp,MangoHud,119,c876ff39ee0c8d23e09a0df858ae9e3d821b893302ba8060b5141ae431cf5467
external-and-mods/MangoHud/mangohud-next/server/metrics/meson.build,MangoHud,467,b2759fddbb3fe0817cca5dc0853ff3cae473ed33290e7b2325b49046a06fe3cc
external-and-mods/MangoHud/mangohud-next/server/metrics/metrics.cpp,MangoHud,17331,1b3306c5e70938fa94583dfbeeee5f63a623a36af4822c34227304d6b08e4a0a
external-and-mods/MangoHud/mangohud-next/server/metrics/metrics.h,MangoHud,1559,36c76ee116d348a8c2521951a021251c536a74ec0a40154ceec44d8718fd9387
external-and-mods/MangoHud/mangohud-next/server/metrics/panfrost.cpp,MangoHud,1852,e7acf3c9f682bd82f64f944f5f21150da32dba8692ce8f3143a31492f2efa23b
external-and-mods/MangoHud/mangohud-next/server/metrics/panfrost.hpp,MangoHud,766,b9e845dcd5eaffda61ac78943f25cb93df00218ead3e25b5de3d44aa005bfeac
external-and-mods/MangoHud/mangohud-next/server/server.h,MangoHud,1339,3cc838ac4c9f2cb0b654a58bb9b22d495c42661058fd6235254bc94a709e2f72
external-and-mods/MangoHud/mangohud-next/utils/c11_compat.h,MangoHud,483,103fedb48f658d36cb416c9c9e5ea4d70dff181aab551fcb1028107d098ffa3e
external-and-mods/MangoHud/mangohud-next/utils/c99_compat.h,MangoHud,5298,aafad02f1ea90a7857636913ea21617a0fcd6197256dcfc6dd97bb3410ba892e
external-and-mods/MangoHud/mangohud-next/utils/file_utils.cpp,MangoHud,6384,db46bc7e045098e30eec3b508116eb9883366d508032f620b42c4ccd05a68265
external-and-mods/MangoHud/mangohud-next/utils/file_utils.h,MangoHud,1175,167282355f55444c1cfc1bf72e9000958f26ae7626113b952c324036c0ad2201
external-and-mods/MangoHud/mangohud-next/utils/mesa/detect_os.h,MangoHud,2518,343a8790d17a3710c6dd015ee367f84e3902ff3f2e36faca2bf93f9d725d3574
external-and-mods/MangoHud/mangohud-next/utils/mesa/macros.h,MangoHud,10070,a15394702ce4edde2ba15847e6432ea780e335b7d9e06f9cafbf7246e2d872c9
external-and-mods/MangoHud/mangohud-next/utils/mesa/os_socket.c,MangoHud,1940,aaccf9c7e0a5bb86f0c2b831cb7bc1db20173870b577eac58ff4edd92c07444c
external-and-mods/MangoHud/mangohud-next/utils/mesa/os_socket.h,MangoHud,680,469555735bba68a56be9cc0c60879149c7246f0f7475fb940805cbb7e6143a75
external-and-mods/MangoHud/mangohud-next/utils/mesa/os_time.c,MangoHud,5142,c36d70dd4bbdae458dc4968e5843efdf34e208673982c903191e64b3afb82e26
external-and-mods/MangoHud/mangohud-next/utils/mesa/os_time.h,MangoHud,3514,a854551d24a74c204dc34e4f94c7648b15e06fca45b1269fcba747ff969a8707
external-and-mods/MangoHud/mangohud-next/utils/meson.build,MangoHud,350,3799f0044dc26ae4122e5e5caa0d84458aa2bcf176a9cf3feef7c944cc12953a
external-and-mods/MangoHud/mangohud-next/utils/no_extern_c.h,MangoHud,2050,40069dbb6dd2843658d442f926e609c7799b9c296046a90b62b570774fd618f5
external-and-mods/MangoHud/mangohud-next/utils/string_utils.h,MangoHud,3771,7eab627aa463f7e06483f9164b054ae0f90f63907fa8dbbf8ef0811df467c51a
external-and-mods/MangoHud/meson.build,MangoHud,9517,581316cfe9c09dc143f540f0cb66b9b2af2f2354a053c96702a8172c5ac706f3
external-and-mods/MangoHud/meson_options.txt,MangoHud,1570,3446b3b77bd7a1a413b010a1b2b3f2d1b6ef8a25c2a484cdce96ccf0a154589b
external-and-mods/MangoHud/mingw32.txt,MangoHud,313,aa08a84875a30d9f1d6d95ba1550189cdfcde36d68c7a2e3005959b536e1bf4a
external-and-mods/MangoHud/mingw64.txt,MangoHud,328,2e76c3ffb5600a3aff462e899c1effc668f765c61893379ef2ac1f90cf11c992
external-and-mods/MangoHud/modules/minhook/.editorconfig,MangoHud,410,29c2f29d3dfd30afc5a1545462fae0746e4dc55ccc93802c134f5092d50038ae
external-and-mods/MangoHud/modules/minhook/.gitignore,MangoHud,355,b0c5306a19eb742897725de483fba46063d36a9e56ceae48c87e6c084fdd352c
external-and-mods/MangoHud/modules/minhook/AUTHORS.txt,MangoHud,214,073b4e8b0a5a0cd9f4dfa838369f4fc7a4f47151d930b4e1fd891644060a897f
external-and-mods/MangoHud/modules/minhook/LICENSE.txt,MangoHud,4365,d5c2224982b0b95a16b098a561335fa93f3eaf4d0aa964b7843edb986df78dc8
external-and-mods/MangoHud/modules/minhook/README.md,MangoHud,4125,30dc93adb05254a3c9cf15ba8c5cdead1705e42a3741fcf487e5f37869a00ff1
external-and-mods/MangoHud/modules/minhook/dll_resources/MinHook.def,MangoHud,252,6f7c105459a8739899a78371a9e962a5b8979170e2a51c06534417e6a04198f6
external-and-mods/MangoHud/modules/minhook/dll_resources/MinHook.rc,MangoHud,879,f311011f4eaab2664bce084d19125e2c8a564f507f2133866394c99d5814ff98
external-and-mods/MangoHud/modules/minhook/include/MinHook.h,MangoHud,7503,90c0ebe628f33cde497edec646c13adae3f33a6b349acca2a2ea921dc34c2ad7
external-and-mods/MangoHud/modules/minhook/meson.build,MangoHud,354,809566ab6797246359b172e2c4c05784e962ebc9605db395864137784ca5be8b
external-and-mods/MangoHud/modules/minhook/src/buffer.c,MangoHud,9809,264518ef018e0b8b1b37e75be7773a9dc39d98a0d57eb705e4769d2bc5aa5f83
external-and-mods/MangoHud/modules/minhook/src/buffer.h,MangoHud,1820,9769702bd625249e59a19ede05c84365fcc7707e1fa0e5df08df42227cee13e3
external-and-mods/MangoHud/modules/minhook/src/hde/hde32.c,MangoHud,9383,40fb87524aba0266fec60e33d0a5f371c432a7e2246c2060e15b967d9c975218
external-and-mods/MangoHud/modules/minhook/src/hde/hde32.h,MangoHud,2450,5132de5be8ac7a9d054420f5caef0fb01437faa892f03b3cdc77f795973bf15a
external-and-mods/MangoHud/modules/minhook/src/hde/hde64.c,MangoHud,9572,338f3124469ee1278dd51d3efb4a58dad42ff215cfd9f1aa8bfd160da830f7f5
external-and-mods/MangoHud/modules/minhook/src/hde/hde64.h,MangoHud,2602,e99aa4997bda14b534c614c3d8cb78a72c4aca91a1212c8b03ec605d1d75e36e
external-and-mods/MangoHud/modules/minhook/src/hde/pstdint.h,MangoHud,1662,604d1cdf45c5a95bc9cf1bbf39ca05ef83013541101d34971c5cd7577e3d5247
external-and-mods/MangoHud/modules/minhook/src/hde/table32.h,MangoHud,3508,43bf687a9fff071b5f46070db4d36c846f8e069cdc57485ee897c499aacdde23
external-and-mods/MangoHud/modules/minhook/src/hde/table64.h,MangoHud,3577,b774446d2f110ce954fb0a710f4693c5562ddbd8d56fe84106f2ee80db8b50a2
external-and-mods/MangoHud/modules/minhook/src/hook.c,MangoHud,25043,68f8a4784cc783754ba436dcbcfd367480ab042248a89338aec8fb0954c4d6ca
external-and-mods/MangoHud/modules/minhook/src/trampoline.c,MangoHud,10574,146215967881eec554918a34ede20db9a20b7165431a08c82ad5a7ed84c1ab93
external-and-mods/MangoHud/modules/minhook/src/trampoline.h,MangoHud,3759,53ed9934492320617a27bfd952ffe7f5b7a4a1d09963d4512447082fe7b727b4
external-and-mods/MangoHud/pkgbuild/PKGBUILD,MangoHud,4640,21a5376e83f2eb3a41239fa2c28b0944116bd7625bca955d31c4bd8b27c9ec8c
external-and-mods/MangoHud/src/amdgpu.cpp,MangoHud,19586,72647f1cccfb13404f93b4d37dd346dbd768dbf8a8320c8e8c8d2744402b3f0e
external-and-mods/MangoHud/src/amdgpu.h,MangoHud,15146,f228a103ed1bf721b861ada8965bcd6f78ada175e6e9408d24a1835348144355
external-and-mods/MangoHud/src/app/control.c,MangoHud,2261,a9a33d9c96e20554ae3bb03953ca4cb13e099e4583f4a2bae5b3514a2360ddb8
external-and-mods/MangoHud/src/app/main.cpp,MangoHud,17476,7b8cb49b0a3ad806c6df804467cb4cde703d6b3b2a1819ffd2819d0c95fcb780
external-and-mods/MangoHud/src/app/mangoapp.h,MangoHud,173,f3f3e19579ea9e89dac92bb18f48c51b1a4adb33def21a517b24f342ed3b983e
external-and-mods/MangoHud/src/app/mangoapp_proto.h,MangoHud,1540,5a0c689aff6f083d1763f616ca69020e97ac7fefebd1018299931f039c76419e
external-and-mods/MangoHud/src/battery.cpp,MangoHud,7499,978b517d05ea18729bc73155d051bcbb3bc0f39c5ec20e92b979a2b890eba37b
external-and-mods/MangoHud/src/battery.h,MangoHud,550,50c07a5af6932cb4f9434e1ab499361a540af75e9adff5fb441653826143c491
external-and-mods/MangoHud/src/blacklist.cpp,MangoHud,2834,405a2cf4a74fc65cbf3e930891fbfb98b544c7f03e777724526049d24bdb57cb
external-and-mods/MangoHud/src/blacklist.h,MangoHud,289,32a52ed935bb8734c089bb8eebd65317e1650bccbdad9da678a8cc7f211b5dab
external-and-mods/MangoHud/src/config.cpp,MangoHud,4073,51cee3d354dbdd6377adb1e2761ab3740393fd81be8e726c9ca50e0e981b9fdf
external-and-mods/MangoHud/src/config.h,MangoHud,529,177cbe1ce8810993f8e3d5eaf04ba25c1f4aec97005e98e1355d2d0f2e6e3101
external-and-mods/MangoHud/src/control.cpp,MangoHud,5964,f96af2ff2ed437c5a912ee5970cc760cf5e65c91a77febcb69c8c3a88bc752ce
external-and-mods/MangoHud/src/cpu.cpp,MangoHud,29373,d68c856a25514ac1e6a55599a3e5d4b266fc1cad6563938633fc2355d05dbb51
external-and-mods/MangoHud/src/cpu.h,MangoHud,5816,352e85923beb507eff4016486fb7eea2ac573028af5286744319b3039def514e
external-and-mods/MangoHud/src/cpu_win32.cpp,MangoHud,1950,2526703d3840433d742692795d7adc49d395c456b5cd93d70212843217ff15dc
external-and-mods/MangoHud/src/dbus.cpp,MangoHud,15831,d1db1dcef47add27ce9a31a35765ca845e05e2b8ecf2003cb9f67b960bfe5429
external-and-mods/MangoHud/src/dbus_helpers.h,MangoHud,12289,6050c68c9719d0f3e962262294a965a3572f304325b9d93a3184c7909d4b81fc
external-and-mods/MangoHud/src/dbus_info.h,MangoHud,3868,97dcd8334c0869d5d4f30bc8d5abeefe778c331d7d6ba1a55d5febd6acbecfaf
external-and-mods/MangoHud/src/device.cpp,MangoHud,8186,6d7c9f646d5c13a2adb14a0f803edd0c6db0517871d25a738eacbb2c5462aa27
external-and-mods/MangoHud/src/device.h,MangoHud,532,4ed4d37744ac329f1dbb15f3dac2b1f657bce4b302d6ca287e785ea2c59268d2
external-and-mods/MangoHud/src/elfhacks.c,MangoHud,14471,ffb278c6f6be01b28f2f96ebdb1f90049e66feb37ebb7a14cb3fd2fef180ece6
external-and-mods/MangoHud/src/fcat.h,MangoHud,2252,c8c9ee5c7d50b7176cc1406139dc989109a20a292a94169f9cb09ca400786c90
external-and-mods/MangoHud/src/fex.cpp,MangoHud,15983,6ab526a1ddcecb799f727db52030990e152636fabe1c046177c2542fca1622f5
external-and-mods/MangoHud/src/fex.h,MangoHud,1768,1c968e34f11920123c407fdd6805f734c36be913603ad927a81b858ae7f06677
external-and-mods/MangoHud/src/file_utils.cpp,MangoHud,5659,308806ad0aff0a600b84a58f4e4eeea890a5beb83125330cd4e06d34c65551be
external-and-mods/MangoHud/src/file_utils.h,MangoHud,1040,160eab40b601976bb65309f3b2318d9d88ea9f95ec818b510d8af64f9c9e9280
external-and-mods/MangoHud/src/file_utils_win32.cpp,MangoHud,704,2f8d258eec8aa04e911eacc64ce609e3295299f7fd586c5e02cbd84ee26a3534
external-and-mods/MangoHud/src/font.cpp,MangoHud,5725,884cc69e8082c9e75f6d5e90cf4c9d71c3337599f74fec1bbd72f88d356557c9
external-and-mods/MangoHud/src/font_default.h,MangoHud,239,a9352129e5a337c5b84d656ed6ad462af26cd309fe5218189caedb724edaaa11
external-and-mods/MangoHud/src/font_unispace.c,MangoHud,42866,aa57060bc3c3fd7b8f26ecdaa6da5a4337d6679084dc15ce3746689019368251
external-and-mods/MangoHud/src/forkawesome.h,MangoHud,225854,8fee675239dc0d311ebc4dfb8b91f0d2fbf6769c3a6315ebeb847ff20f3693e9
external-and-mods/MangoHud/src/fps_limiter.h,MangoHud,2391,9191d797586a158d6cfb961f2d046c3e05792af9d744cbd47b8201c211018be7
external-and-mods/MangoHud/src/fps_metrics.h,MangoHud,5404,205ab8657d2b25e60dcd5c1481d5ec30a4e5de075df5c6b0480f1291064debf1
external-and-mods/MangoHud/src/ftrace.cpp,MangoHud,7595,c170fa38c9392d6087dbe3a07534cf241defa9615b9d5a1aded5965af98fbcbb
external-and-mods/MangoHud/src/ftrace.h,MangoHud,1640,c00f780a27744532fd6a95e61fe3923c89d5983fb639012604e481ac187f90b4
external-and-mods/MangoHud/src/gl/gl.h,MangoHud,1428,7e67b9ec4b099da1471b19a346330f4d64f00c453b156c072a1e41c1e8e6ab2b
external-and-mods/MangoHud/src/gl/gl_hud.cpp,MangoHud,7357,7b0a5dafc4bda89a51cc19b259f1a74d1a6fd64ef2960dcb70f2c74cd429378d
external-and-mods/MangoHud/src/gl/gl_hud.h,MangoHud,483,8cc5b5f21dcb11b0d8ac7d90498ef2af08b5dbf60d3a6d5ee182004b25611c9f
external-and-mods/MangoHud/src/gl/gl_renderer.cpp,MangoHud,33725,f80f6c563eee2bdaafbe039245da682cd97803bdad7decab757c2e6207adab75
external-and-mods/MangoHud/src/gl/gl_renderer.h,MangoHud,3049,529f3aa5aae9c7befb39a79779c7d35384b483becfdf5117c7dbde6766adc105
external-and-mods/MangoHud/src/gl/glad.c,MangoHud,184672,7c663b51dec5fb93f0bcb932f75aa427fb1d96a544a482f3547247c9d0f2ae4e
external-and-mods/MangoHud/src/gl/inject_egl.cpp,MangoHud,10276,6ca8acc508c3affab725b25cb2880cc0e6324d34cdfcf46f8339ad06874cd95b
external-and-mods/MangoHud/src/gl/inject_glx.cpp,MangoHud,10454,2433b7b1d800ba220fe09e080681593aacc92d01ab70f0c51606b08020d19e65
external-and-mods/MangoHud/src/gl/shim.c,MangoHud,9845,5e402ce97fd7692f07a8ba75f2d81d1d3c5c4506c5db2d834ff54fab1501f2aa
external-and-mods/MangoHud/src/gpu.cpp,MangoHud,6886,7b8f7510d37945a75ce649062d39f0d57e61c8a42afd026290fce2edabeeb813
external-and-mods/MangoHud/src/gpu.h,MangoHud,5826,60304ea8f1b8652ccc957efdfa94a298bdc1a214aeea99c34fce5afd5ede54d1
external-and-mods/MangoHud/src/gpu_fdinfo.cpp,MangoHud,26233,55aad3c06c294a9907ed2f06f6ac651bcfbeceeff6565f95fd37eea834a427dd
external-and-mods/MangoHud/src/gpu_fdinfo.h,MangoHud,8025,f0b5a9b4f871f1b135752ec7800dd8367d2449119ea2cabc9b3c534241de6364
external-and-mods/MangoHud/src/gpu_metrics_util.h,MangoHud,3551,fa3fa0aaf206ba586d420816156be65c15d9f454b375feb31e7d50ba08788bad
external-and-mods/MangoHud/src/hud_elements.cpp,MangoHud,95499,4165d1136838d4baad3db6c028e7586843eb17c78a07d342667805050d41494e
external-and-mods/MangoHud/src/hud_elements.h,MangoHud,5618,7a33fd731593e55a76fded05bdef7c80d793f2064d2848f92567411a1c00cd0d
external-and-mods/MangoHud/src/imgui_utils.h,MangoHud,1159,fd95449498561a8f7af74b2cd1138e6252f7a864876c6dbf171dbb5f03c67276
external-and-mods/MangoHud/src/iostats.cpp,MangoHud,1360,eb8b45483fc9322db62496ceb147016114c6e0bb42fc16eac2c3f23af8c14bcf
external-and-mods/MangoHud/src/iostats.h,MangoHud,585,96687f9de74429de35d2a5c23ba37d6fe5eae4f4291b9b9feecfd36f15ffeffd
external-and-mods/MangoHud/src/keybinds.cpp,MangoHud,3044,48f7e7effd03373376e931bf5fb194dafb5ee41326df5651dbc886ede8e79457
external-and-mods/MangoHud/src/keybinds.h,MangoHud,1532,893da5e3f4ea24addfa3c8efa320aef7c4a10f1651ba35003a05a8ffd342a194
external-and-mods/MangoHud/src/loaders/loader_dbus.cpp,MangoHud,8889,a14e30098eddc3958d2815c8b4fd127d6df6add4f5065a7dae498d0a3ef6e322
external-and-mods/MangoHud/src/loaders/loader_dbus.h,MangoHud,2400,be790a2fae8c3997920be34f12f2613383c6e9992d9bb3ab4a531deb625a0bfc
external-and-mods/MangoHud/src/loaders/loader_glx.cpp,MangoHud,4566,c5cc7a2f795b836d0d3d9e113e7f6efe29623006156a64f4371ccaf9293af8a6
external-and-mods/MangoHud/src/loaders/loader_glx.h,MangoHud,1322,22aa6f3b40d40e8f79d810533d48d693b977dfb3a49edbddba1286e3bd674930
external-and-mods/MangoHud/src/loaders/loader_nvctrl.cpp,MangoHud,3067,a43dc36d23632d53ae2ccd7c8f65dee4f371a113f67ac05ccb798993af7b8a84
external-and-mods/MangoHud/src/loaders/loader_nvctrl.h,MangoHud,1275,bf7ad6b506536e82eda69b806f6faa108655991c6aca5b30784c81065f97a4ea
external-and-mods/MangoHud/src/loaders/loader_nvml.cpp,MangoHud,9052,177efe31cfe95ef324bd68bbd9d90459b5df84429c967d376266f62f51fd6e19
external-and-mods/MangoHud/src/loaders/loader_nvml.h,MangoHud,2240,0211eff173ce60bb2d925d68560b3c5071ff3de1cde145cc9f6228087c0371b1
external-and-mods/MangoHud/src/loaders/loader_x11.cpp,MangoHud,2511,9e47fb808887d8bb34a1ea7d0be461429ce0372d34cd1e41476088d7cf4e9989
external-and-mods/MangoHud/src/loaders/loader_x11.h,MangoHud,962,033005aa602cf231e359bd77961297daa1cb3ad498d1ea95e024355725800000
external-and-mods/MangoHud/src/logging.cpp,MangoHud,12190,85ee78de75f984ef27aa94f8b4aab2811a163e958d9b0a59798ddd00d410b7d4
external-and-mods/MangoHud/src/logging.h,MangoHud,1911,d1088c2932de5d4c9fe407e79cec30d89ae30438daec700e89f9e270e9f68eff
external-and-mods/MangoHud/src/mangohud.json.in,MangoHud,574,674662f6583c72cbc1c414a62a4dfb5ebdf3047095865c932376d49235f7c218
external-and-mods/MangoHud/src/mangohud.version,MangoHud,230,bf92ccc4c35aea7504c6dfffb374ef67f89878d1d74352175b5dfa0c0d7a6a2c
external-and-mods/MangoHud/src/memory.cpp,MangoHud,2558,0237a911d019b10eb29d579547f32c78e0c2a41d941510977bda10c2214cb103
external-and-mods/MangoHud/src/memory.h,MangoHud,313,469a91a1d14e7ce346494c6f31130b6c824a93035d7f9b3dc21446c6de06de8b
external-and-mods/MangoHud/src/mesa/c11_compat.h,MangoHud,483,103fedb48f658d36cb416c9c9e5ea4d70dff181aab551fcb1028107d098ffa3e
external-and-mods/MangoHud/src/mesa/c99_compat.h,MangoHud,5298,aafad02f1ea90a7857636913ea21617a0fcd6197256dcfc6dd97bb3410ba892e
external-and-mods/MangoHud/src/mesa/no_extern_c.h,MangoHud,2050,40069dbb6dd2843658d442f926e609c7799b9c296046a90b62b570774fd618f5
external-and-mods/MangoHud/src/mesa/util/detect_os.h,MangoHud,2518,343a8790d17a3710c6dd015ee367f84e3902ff3f2e36faca2bf93f9d725d3574
external-and-mods/MangoHud/src/mesa/util/macros.h,MangoHud,2360,3c37bbed3ce843af1b8e39565a6d0569fb33b1036cfd0bfd470d9506478fc8c5
external-and-mods/MangoHud/src/mesa/util/os_socket.c,MangoHud,1940,aaccf9c7e0a5bb86f0c2b831cb7bc1db20173870b577eac58ff4edd92c07444c
external-and-mods/MangoHud/src/mesa/util/os_socket.h,MangoHud,680,469555735bba68a56be9cc0c60879149c7246f0f7475fb940805cbb7e6143a75
external-and-mods/MangoHud/src/mesa/util/os_time.c,MangoHud,5142,c36d70dd4bbdae458dc4968e5843efdf34e208673982c903191e64b3afb82e26
external-and-mods/MangoHud/src/mesa/util/os_time.h,MangoHud,3514,a854551d24a74c204dc34e4f94c7648b15e06fca45b1269fcba747ff969a8707
external-and-mods/MangoHud/src/meson.build,MangoHud,7839,8b17c7f24d044217e214ed40cd6123084a85477f5bf2f0ac900dc3a43dc39d6f
external-and-mods/MangoHud/src/net.cpp,MangoHud,2950,4b7ab626517ad8aab21692e5b4ed139d90461c7cb5fdfedcd4a1141a63e7f64e
external-and-mods/MangoHud/src/net.h,MangoHud,1080,b08e38bdad9877025288922704fe12b4dc91544245d001a8bed6ffe1306cdd51
external-and-mods/MangoHud/src/notify.cpp,MangoHud,2480,c2ef8e83166b76f390b4c25ba67840c529389c499b900e47f2cd95303e697c26
external-and-mods/MangoHud/src/notify.h,MangoHud,397,dd56cdf62ecb8de72666a110bbc3bc275f775291a048ea7f215566aa9a3a5ce4
external-and-mods/MangoHud/src/nvapi.cpp,MangoHud,2204,9439d8681784982905cc043d2c3fe9d9e47eb5b783edb2f9727c9bb9b005aa81
external-and-mods/MangoHud/src/nvidia.cpp,MangoHud,11338,c93bc52513a1c803bb9194c9fad5174417a883e26973376a0f9617afa3189edc
external-and-mods/MangoHud/src/nvidia.h,MangoHud,3254,f50c2197475e8420124be20cace92cd86c8f9917eaaced32242a92fa6aa5205d
external-and-mods/MangoHud/src/overlay.cpp,MangoHud,35613,b4120d0aa2f034d621f25be085e797a15d955a533b892e5cc954912026dc1278
external-and-mods/MangoHud/src/overlay.frag,MangoHud,265,e6d10d9f64db2b50b636411972c86645e8b6a7e14d64f56b23f286b254178ebb
external-and-mods/MangoHud/src/overlay.h,MangoHud,5176,7553a825f46d5bcd3a570122dbdb92f323ec9b475766878d36805d0e9674c605
external-and-mods/MangoHud/src/overlay.vert,MangoHud,447,a144e3d0aee7d5fb9a3f825096aeffae31f32a71dc617d3105f9c0c5914bb6e3
external-and-mods/MangoHud/src/overlay_params.cpp,MangoHud,45675,4c7a39c7c51d3e34331d7478af0ce176f15c92eee5c93ae8825d59f3d9e7cbed
external-and-mods/MangoHud/src/overlay_params.h,MangoHud,16642,1e7e40c584124da98d68752f51ad2a7e05ed21d5ad770b67ce3e57046c32aded
external-and-mods/MangoHud/src/pci_ids.cpp,MangoHud,2045,3597be50ae0205bb40824988698d2fb193d5527756ad6a46586054c077051221
external-and-mods/MangoHud/src/pci_ids.h,MangoHud,466,e99e63c3a639f7dd6653cf0b8e6fe900a6f2e9cf330c2cfba953031d26082592
external-and-mods/MangoHud/src/real_dlsym.c,MangoHud,2807,eb3504a49e4d83dc10724b72dccfafbcac9eca3ac290f4d80f4233ecc7b04dc9
external-and-mods/MangoHud/src/real_dlsym.h,MangoHud,416,ddc50739f23075502b9b4853cb9c9f888bc06c43752249e47ad00a31be291c20
external-and-mods/MangoHud/src/shared_x11.cpp,MangoHud,1511,08c7a0390899ffb4cbb779ad45b6ceb2b7a3a31aeb0f1b5b2bf5f0cc60c848ba
external-and-mods/MangoHud/src/shared_x11.h,MangoHud,171,c9cc0d3dd8ba4b5aaed38f4eac64b79dece54b61b13a61df3de2218960920e4e
external-and-mods/MangoHud/src/shell.cpp,MangoHud,2523,f0373b673493e81cd2eba8aa4dab32a08ce868de9234808fac4ce2576d96a704
external-and-mods/MangoHud/src/shell.h,MangoHud,685,6ff4776d51f20d9e500ded4434db7d3f08cf6c1fe7dcf8f51661e9ff829d6f5f
external-and-mods/MangoHud/src/string_utils.h,MangoHud,4362,370ad8f2f1d658edefc474c35f8d2c7d157ff198e7948e826d668886c34d6c68
external-and-mods/MangoHud/src/timing.hpp,MangoHud,519,84dfb6db2e13430b9e6e87f5d3e660cf91bd1284182cc979c95b90136d4869f0
external-and-mods/MangoHud/src/vulkan.cpp,MangoHud,91029,508379e19752479043f68ca49cdd1c615151a485ceff1dcd18b903888a32e848
external-and-mods/MangoHud/src/wayland_hook.h,MangoHud,423,96d1b2e89b15523525fb2d01cc6aa712e6c52f3bea942108f8fb67451700a930
external-and-mods/MangoHud/src/wayland_keybinds.cpp,MangoHud,8604,1ea4c1821de23c5a0f0acb42765f5ea8a3ad82d9c2cf89e4c31182cdb91df6a5
external-and-mods/MangoHud/src/win/d3d11_hook.cpp,MangoHud,878,cc08a3b30ac8e3896b154aae32ab1ee7c36aad0ad49d1ace8c217bdc4603200f
external-and-mods/MangoHud/src/win/d3d11_hook.h,MangoHud,253,e2d0f2725c3cce1840138bba7326f67b67808e7dd8cf5577719acaebbf7a52f1
external-and-mods/MangoHud/src/win/d3d12_hook.cpp,MangoHud,681,e991d4db9abacc3ff08874825b49338ffb7c972ada83c5ca3dc601062a483d2d
external-and-mods/MangoHud/src/win/d3d12_hook.h,MangoHud,402,19d373d587c2494ea3bb73ffde953d09baf749224bb79e48e69ae3d390f0b793
external-and-mods/MangoHud/src/win/d3d_shared.cpp,MangoHud,588,5c3af754cb0089a61c4ffc4a848ac6969612181cd227e36889f2f3a667a1cd8c
external-and-mods/MangoHud/src/win/d3d_shared.h,MangoHud,345,395a1bf0238210d487a10629fa80149bc78e15fee1a2c73fc19b77987f22be24
external-and-mods/MangoHud/src/win/dxgi.cpp,MangoHud,1312,a03b3085396c84095f27b7667021c785a37fa9ce57df400d132ba4ad8a09c71d
external-and-mods/MangoHud/src/win/dxgi.h,MangoHud,43,5033bce0052eb494d219eaf8047740031aecd78a62bffd632c7236e4a06e1a8d
external-and-mods/MangoHud/src/win/kiero.cpp,MangoHud,27767,9bc587e1fc6c1e443e7b2ec3cee68ef5e85ba96ec9d39ceb0d86bf62f8780874
external-and-mods/MangoHud/src/win/kiero.h,MangoHud,1405,2be791422e1991021ba1617cd2a0ef58b21efea9343579167a80023590bbd6ee
external-and-mods/MangoHud/src/win/main.cpp,MangoHud,1932,3381fc98716aec5dc34b990452b55b7db568f2169f5c7aeb3b88afad0f7a5121
external-and-mods/MangoHud/src/win/win_shared.h,MangoHud,159,4dc80e17a737938582260d4eaff7b063e0cf5cacf7819dfdee237361722850b4
external-and-mods/MangoHud/src/winesync.h,MangoHud,1683,a0bbae7405ccbbc6308fa9b3e6e62727227b3e18a1ebcc49324f1bcc72b7c191
external-and-mods/MangoHud/steamrt.Dockerfile.in,MangoHud,925,7de00fb04c99b274f41200f2b755c859ea793bb0e5bc3b45dad05fde80743c50
external-and-mods/MangoHud/subprojects/.wraplock,MangoHud,0,e3b0c44298fc1c149afbf4c8996fb92427ae41e4649b934ca495991b7852b855
external-and-mods/MangoHud/subprojects/cmocka.wrap,MangoHud,131,66ddca7b780fdcc5f91a3e04f71f8858a6724de9557d42a8f8bbc9b0d269c561
external-and-mods/MangoHud/subprojects/imgui.wrap,MangoHud,293,ba2449fe51055e7fbbe9ec01bc56bf0ee2162440649ac8dcf1e63e254f266988
external-and-mods/MangoHud/subprojects/implot.wrap,MangoHud,574,6c67b7fbb7498403477451ab4c1f999b8bdf7eef71b364d071273741d942ffcd
external-and-mods/MangoHud/subprojects/minhook.wrap,MangoHud,141,bcefcb2ccd6670c27985272a7f16cb7c768c53a0b846a38c2a8c7b90964ebd91
external-and-mods/MangoHud/subprojects/packagefiles/imgui-1.91.6/meson.build,MangoHud,4709,ef95b17b90a78f74de900304b104b42d4188bce0e66cdc3b9e3dbded6ec81c0a
external-and-mods/MangoHud/subprojects/packagefiles/imgui-1.91.6/meson_options.txt,MangoHud,1095,843a945e46bc5a933e11426a233cde8408f0f9a895ee6069bca043870962788a
external-and-mods/MangoHud/subprojects/packagefiles/vk-bootstrap/meson.build,MangoHud,410,0a169b81197ba52c6b9b48a230132c1c58a1589cb9f9dc7f07cc9c41aa01befd
external-and-mods/MangoHud/subprojects/packagefiles/vkroots/meson.build,MangoHud,302,02c6a7b06f1c2b7dc15bbee6d13f1b399be5b971616137fa5ac3864dad68ca1b
external-and-mods/MangoHud/subprojects/packagefiles/vulkan-headers/meson.build,MangoHud,320,e5232dba432a1b4a9124b14ec7bf76613a051192867eb76dfd56ba7d745aa389
external-and-mods/MangoHud/subprojects/packagefiles/vulkan-utility-libraries/meson.build,MangoHud,316,2e151aa802367a4f7227a45bdd60eaee1269854117f484896843d864a3a15bb0
external-and-mods/MangoHud/subprojects/spdlog.wrap,MangoHud,598,4e413db5c738a2e6d34ffb255ce9c3338ddae68ed2a058008ac826f46f3dcd02
external-and-mods/MangoHud/subprojects/vk-bootstrap.wrap,MangoHud,170,524fc77b3a75459ce0f5567c083046207a97da2624b14826b59af545d3326f32
external-and-mods/MangoHud/subprojects/vk-bootstrap/.clang-format,MangoHud,1209,4eeadc6c31548f1cfce39667f971d378ea2f7a44ed1bedea46c3c4b73b693838
external-and-mods/MangoHud/subprojects/vk-bootstrap/.github/dependabot.yml,MangoHud,536,87cf83ee803b670102a9b70dbc746043f4505a4f810ff8f566aeeb3a7a06c578
external-and-mods/MangoHud/subprojects/vk-bootstrap/.github/workflows/ci_build.yml,MangoHud,7588,0773113017cea26310034d67d97ddfb38efb9629710065b0b2ec567aa901ad50
external-and-mods/MangoHud/subprojects/vk-bootstrap/.github/workflows/create_tag.yml,MangoHud,2120,03055f85364bb4c1fc172c1f5fc4f1260953b6c986b15dede514e8a44e4c2399
external-and-mods/MangoHud/subprojects/vk-bootstrap/.github/workflows/run_autogen.yml,MangoHud,2569,73fee85f33186942477178b4b8ba6c5f0580aa8a19cf399186d548b81bd6f486
external-and-mods/MangoHud/subprojects/vk-bootstrap/.gitignore,MangoHud,48,20e3128d5852fbcf60f70d0c5dccda95ad2a3920ded5b30d84c0c75dcd87cfc4
external-and-mods/MangoHud/subprojects/vk-bootstrap/.meson-subproject-wrap-hash.txt,MangoHud,65,bb3a0063a2ab52caa8d6b0b820e346b7af2c626ec45921e8d6dfbc420ada100b
external-and-mods/MangoHud/subprojects/vk-bootstrap/CMakeLists.txt,MangoHud,8102,fa9c9ab7ebb251037a454657211ed79646085796a628f8d96851cb5e9840359d
external-and-mods/MangoHud/subprojects/vk-bootstrap/LICENSE.txt,MangoHud,1086,a95bc112b705a53d1ebd5f8121c4e36bb49770b1ee583cdeec312b4c3809b26e
external-and-mods/MangoHud/subprojects/vk-bootstrap/README.md,MangoHud,5945,a7220386c7beea40846b8b9521971dff87dd4efb17a9daf2b5db2ca9b3ce77ae
external-and-mods/MangoHud/subprojects/vk-bootstrap/docs/getting_started.md,MangoHud,15901,9246da3e32086498745f8f3f52bf093bdbf4a2b82810cea0692c8c177df3384a
external-and-mods/MangoHud/subprojects/vk-bootstrap/example/CMakeLists.txt,MangoHud,1712,f5664ec09f1a9864a02fe0ca1f36ed4d71251cb8da787909685890b370e4d813
external-and-mods/MangoHud/subprojects/vk-bootstrap/example/basic_usage.cpp,MangoHud,3317,4b9c89d1d4a50a9b0af59e7354eb568e9dfe0fea72aa5f799a920b62e6cefd4e
external-and-mods/MangoHud/subprojects/vk-bootstrap/example/custom_debug_callback.cpp,MangoHud,2548,cfe1490e757bcab437fa4a86c9b0ffa2c010ead4d43e47fea16e4d7160c1641f
external-and-mods/MangoHud/subprojects/vk-bootstrap/example/example_config.h.in,MangoHud,69,b0aa282330c6fe8d1e419e9ef55e5d4e57a755754ca1f0ffd4d7507d713ff2e7
external-and-mods/MangoHud/subprojects/vk-bootstrap/example/shaders/simple_compute.comp,MangoHud,188,805c6940a73edf931ad740f875d178b4680e995c7f982d53712cda3f09e10401
external-and-mods/MangoHud/subprojects/vk-bootstrap/example/shaders/simple_compute.comp.spv,MangoHud,676,9e5b8280d109ee936bd847e3ef3e3d1f1d5a6654072de7a51bd7d52ec240e45f
external-and-mods/MangoHud/subprojects/vk-bootstrap/example/shaders/triangle.frag,MangoHud,200,606d154cd7d5a7d105a83e2e191d9085fc997de4d319072e63e49db32b4d6d9f
external-and-mods/MangoHud/subprojects/vk-bootstrap/example/shaders/triangle.frag.spv,MangoHud,536,b214216eda4443d5d12130a39850d8e87f1b2f51c07105e0100ea52a3e67ca85
external-and-mods/MangoHud/subprojects/vk-bootstrap/example/shaders/triangle.vert,MangoHud,394,b593342051239118db882ade8b0478f89dcc79f9b8c25c9605f11f33671e4497
external-and-mods/MangoHud/subprojects/vk-bootstrap/example/shaders/triangle.vert.spv,MangoHud,1468,1bcea39aeb3109c08df8b5b3e3acded844077b5ab203d9f050b6dfac2942539e
external-and-mods/MangoHud/subprojects/vk-bootstrap/example/simple_compute.cpp,MangoHud,11694,8ba92a6bb1a8421188d7b5abc88e8959b537d0d4ac0d7360e9c02a8eb6ab0dac
external-and-mods/MangoHud/subprojects/vk-bootstrap/example/system_info.cpp,MangoHud,1389,8309ad3f61e986df9b7c84fec91d007ac500adff3afb4f0314c1b518a7e2b49f
external-and-mods/MangoHud/subprojects/vk-bootstrap/example/triangle.cpp,MangoHud,24303,72403f4965a78957a18a3dabbc23ed3eef11f899a041f76b480bdc9790a7b196
external-and-mods/MangoHud/subprojects/vk-bootstrap/ext/CMakeLists.txt,MangoHud,617,3e36025cf9518540a0df4115ad349124a3b3476b111637594c655a41e01c71ba
external-and-mods/MangoHud/subprojects/vk-bootstrap/gen/CurrentBuildVulkanVersion.cmake,MangoHud,105,0a82bb6a5e7f536fa8c9c2b50db90faa29de10f9b5f6879478e40cdc0b7020e9
external-and-mods/MangoHud/subprojects/vk-bootstrap/meson.build,MangoHud,410,0a169b81197ba52c6b9b48a230132c1c58a1589cb9f9dc7f07cc9c41aa01befd
external-and-mods/MangoHud/subprojects/vk-bootstrap/script/generate_dispatch.py,MangoHud,11363,5b9a1679ff7f73a3792193d541786aa43891002bb6806d59997a0745a5511355
external-and-mods/MangoHud/subprojects/vk-bootstrap/script/generate_features_chain.py,MangoHud,12219,e27086e4f0b674c3eaf35ab02c541477949ae3c11dc55591d89e52fae9d84956
external-and-mods/MangoHud/subprojects/vk-bootstrap/src/VkBootstrap.cpp,MangoHud,101878,e2a4ef51ccdb49df48cf500a1b2988bad56b1faecb869b889df4bfbac7b19990
external-and-mods/MangoHud/subprojects/vk-bootstrap/src/VkBootstrap.h,MangoHud,48653,da3fe90dcde06240be82f42e11fd76828de1ede8364ed2ade0bba98b7bf85a6c
external-and-mods/MangoHud/subprojects/vk-bootstrap/src/VkBootstrapDispatch.h,MangoHud,484360,b2bfcd60db6c71923d59f702ac98efd0bb4a442a6323821fd3d287723c25ea26
external-and-mods/MangoHud/subprojects/vk-bootstrap/src/VkBootstrapFeatureChain.h,MangoHud,155269,92eb99fe618cfa423dd61b8b2adb981ecb7a85662069b186cad971e6b41f5623
external-and-mods/MangoHud/subprojects/vk-bootstrap/src/VkBootstrapFeatureChain.inl,MangoHud,624206,05ae693cfbdff8e44cb36e883d7894043de36699cb3c031c17f5087d5da14072
external-and-mods/MangoHud/subprojects/vk-bootstrap/tests/CMakeLists.txt,MangoHud,5965,7b49905c34d5b06c514fcd548fd4966315d9c3b39ea96cb9d9c4c758b7f712e8
external-and-mods/MangoHud/subprojects/vk-bootstrap/tests/bootstrap_tests.cpp,MangoHud,71949,953e4f7afc0643a6da0c06ec9c00aca90db3038c68e7a3ecbd00bd869183f824
external-and-mods/MangoHud/subprojects/vk-bootstrap/tests/error_code_tests.cpp,MangoHud,3488,f8137f5656f07bf0412121e009e26f4e3638707b55eef261815483f5abcb7b18
external-and-mods/MangoHud/subprojects/vk-bootstrap/tests/include_checks.cpp,MangoHud,567,391d41843c51a567199d8b9a41c1cdba3864307c2ec0685faa91cd911d290365
external-and-mods/MangoHud/subprojects/vk-bootstrap/tests/integration/CMakeLists.txt,MangoHud,1110,5ca859cdfb8099fba8f01ab0877b9ca365f8c943465a2f98c5777199b7d5357c
external-and-mods/MangoHud/subprojects/vk-bootstrap/tests/integration/integration_test.cpp,MangoHud,108,ede60db83981011c4ef72daa4fe40378c229a2f92bc81525b51c0b4212a31384
external-and-mods/MangoHud/subprojects/vk-bootstrap/tests/unit_tests.cpp,MangoHud,5560,d6d44cb4af67a173a19ca896c6ab11630fa9f6a8fa5c51e82ea799e20b82db04
external-and-mods/MangoHud/subprojects/vk-bootstrap/tests/vulkan_hpp_tests.cpp,MangoHud,5749,bdeb550328a2b6cd500db6a9f200c914b7ccdca9b0a2b3398e6bc7fe567c3a08
external-and-mods/MangoHud/subprojects/vk-bootstrap/tests/vulkan_library_loader.hpp,MangoHud,1864,9cf5a9bcf2ffd18e99abf04beff4ad410c111e90e1a3f560f4abce9a4a8c34cd
external-and-mods/MangoHud/subprojects/vk-bootstrap/tests/vulkan_mock.cpp,MangoHud,18633,107466669236ce36582c17cd82c6aec8568748122acf76f94e684510f026fcc0
external-and-mods/MangoHud/subprojects/vk-bootstrap/tests/vulkan_mock.def,MangoHud,63,8aeb8f9f0213687b51aaecde0e942f44f9157375b3413e2089d9bd143425964c
external-and-mods/MangoHud/subprojects/vk-bootstrap/tests/vulkan_mock.hpp,MangoHud,5221,6957c74d155bc913b1edfa48f295c1db65d8f4504a42ecc27bcd599cffe38e9b
external-and-mods/MangoHud/subprojects/vk-bootstrap/tests/vulkan_mock_setup.cpp,MangoHud,3245,5d40e23e6085a64b589e5f27767ebf284453b79a30031506fa2cccb52bb7c5bb
external-and-mods/MangoHud/subprojects/vk-bootstrap/tests/vulkan_mock_setup.hpp,MangoHud,499,a28226cf27263c04c7c7cb7aad31161fe538ae634ae02a717358f1412a55f05c
external-and-mods/MangoHud/subprojects/vkroots.wrap,MangoHud,170,6873a918902f214beebc268f8e5b8df97f41cf796499cc1a30b2b650755e0b95
external-and-mods/MangoHud/subprojects/vkroots/.gitignore,MangoHud,51,2e03dd8ac24af666b963e7b6bf8410785060511820c5213e123c6aac94fb11b3
external-and-mods/MangoHud/subprojects/vkroots/.meson-subproject-wrap-hash.txt,MangoHud,65,2d92ea5901d6bd5c76a5b642feb06cfc20cb542c5e5ff85cb84e0fde5bdb2e5f
external-and-mods/MangoHud/subprojects/vkroots/LICENSE,MangoHud,445,66d083f861a7f030f00a7edd80b616f3d762fed5d0ddc34eb133a9e792e2691d
external-and-mods/MangoHud/subprojects/vkroots/LICENSES/Apache-2.0.txt,MangoHud,11356,43070e2d4e532684de521b885f385d0841030efa2b1a20bafb76133a5e1379c1
external-and-mods/MangoHud/subprojects/vkroots/LICENSES/LGPL-2.1-or-later.txt,MangoHud,25911,211f1b738d1b864bab2648bee9b55becd39fd2d6aa49c1196e7d87b41db4bc07
external-and-mods/MangoHud/subprojects/vkroots/LICENSES/MIT.txt,MangoHud,1076,382e6eef26b513399da2ea81645449ef887bfbd24231d0d308e591f6465a43d5
external-and-mods/MangoHud/subprojects/vkroots/README.md,MangoHud,2659,47c00f6ef2ecbcc7a61d3d9d04b2a5169c557fc3797035fe6c82b57d1504aa58
external-and-mods/MangoHud/subprojects/vkroots/assets/vkroots.png,MangoHud,200213,899426debe1dbe5ff4f262861eb0134160a0cd7f3865ca287bc76932beb8caca
external-and-mods/MangoHud/subprojects/vkroots/gen/inc/vkroots_dispatches.h,MangoHud,3625,4453c6e0e8059a3f269a7f3e38a2de826f1d977169333f8f7fbe073ce608a19f
external-and-mods/MangoHud/subprojects/vkroots/gen/inc/vkroots_forwarders.h,MangoHud,8641,df9deee24613daefdb62da6b3d828251528ffa1be8d84059678fc2392b31a33f
external-and-mods/MangoHud/subprojects/vkroots/gen/inc/vkroots_helpers.h,MangoHud,5945,77bcdbb62d075c037a2f8b5a8613e789b69feceb336896963ec8db57ab1bc8de
external-and-mods/MangoHud/subprojects/vkroots/gen/inc/vkroots_implicit_createdevice.h,MangoHud,835,1f34284cbe70034f0bf23980b0fe1d5d312d761a2aa302b58e2b71b23a8a5aa3
external-and-mods/MangoHud/subprojects/vkroots/gen/inc/vkroots_implicit_createinstance.h,MangoHud,891,639ed0fb908822983fb9b046fbfc2f3efb65c8cae8feb16eba8cb333a9667fd8
external-and-mods/MangoHud/subprojects/vkroots/gen/inc/vkroots_implicit_destroydevice.h,MangoHud,471,31c6f465f79f536638725946288fdd95f284398e72c250741db8c4a0bcfc7d2c
external-and-mods/MangoHud/subprojects/vkroots/gen/inc/vkroots_implicit_destroyinstance.h,MangoHud,487,5138f5e3ecd02df9645336d27c4d2fc08da816553372cb47b5d2002845085e80
external-and-mods/MangoHud/subprojects/vkroots/gen/inc/vkroots_includes.h,MangoHud,699,1c4d5a5b7f69c8f4ab8682c921cd4ae8c30889d0e9fe8438bbc6814182faed96
external-and-mods/MangoHud/subprojects/vkroots/gen/inc/vkroots_loader_layer_interface.h,MangoHud,2831,b47f9fa84bedee61b98ef352374849e516c4b74cb5d639b28ee40462fdfd3da4
external-and-mods/MangoHud/subprojects/vkroots/gen/make_vkroots,MangoHud,21008,7a6833fa1e1767cdc22c4ca6c9ac0352347d886f5636fc58dc25ab5a6ea5cdba
external-and-mods/MangoHud/subprojects/vkroots/gen/vulkan_helpers.py,MangoHud,85833,28ff026017a036e07d3613fba76b64538d2264c9c014603c70de18753710f73c
external-and-mods/MangoHud/subprojects/vkroots/meson.build,MangoHud,302,02c6a7b06f1c2b7dc15bbee6d13f1b399be5b971616137fa5ac3864dad68ca1b
external-and-mods/MangoHud/subprojects/vkroots/sample/README.md,MangoHud,1678,a05dd955ab53b9f44c4332b1da5431f2ca33941a7d067577858cfd9d4daf50a0
external-and-mods/MangoHud/subprojects/vkroots/sample/VkLayer_FROG_sample.cpp,MangoHud,739,d32caf6fe17c2a1fc6398932a4fdf91d833968bc40ac25479b008130c116ed06
external-and-mods/MangoHud/subprojects/vkroots/sample/VkLayer_FROG_sample.json,MangoHud,559,5cbafa098b1b94a4266e91713986fb3ae85ff275935623735d00862a9ae7b64a
external-and-mods/MangoHud/subprojects/vkroots/sample/build.sh,MangoHud,121,9d4996c88cc1b5974cf12cc6e5a28edee8d25bc0bd3520fb6cbe512176298afe
external-and-mods/MangoHud/subprojects/vkroots/vkroots.h,MangoHud,1280211,69b0aa3fb54cf51980414cd4cc58d17d183dfa4363162dcdc63b01977cb7cd2f
external-and-mods/MangoHud/subprojects/vulkan-headers.wrap,MangoHud,335,ffe7152a4a257cb164b461b166c37db95421f7f4b1676bd5735f60b9d5863233
external-and-mods/MangoHud/subprojects/vulkan-utility-libraries.wrap,MangoHud,384,84b591a3ac0baa07bdb2a7b99e8da57752bdb5e6c2e279903ba225826c70d9fa
external-and-mods/MangoHud/tests/gpu_metrics,MangoHud,120,903ec06561ad240872008f8100ec732489e0e97f4c1c9fe638a0180790fc3bb1
external-and-mods/MangoHud/tests/gpu_metrics_apu,MangoHud,128,263759fe8b3ddc858fe390819a118fecd2f894e4d1f2fdf7592d505622a4cb5c
external-and-mods/MangoHud/tests/gpu_metrics_invalid,MangoHud,151,2543796f625237e230766b810f13e850525af62c0a88b781003e23de44b169bd
external-and-mods/MangoHud/tests/params.py,MangoHud,5595,e2a79268b6f9c31e0aee6bd648c8f7dc4a0a4626065d70ed50062f607602b694
external-and-mods/MangoHud/tests/test_amdgpu.cpp,MangoHud,3571,92c110324d738a70d901ae877d7f5d956f8a96d4352f6cd42ec08777c3a1a212
external-and-mods/MangoHud/version.h.in,MangoHud,51,fc4ef1450de4950ae694c129992a1a58401a459b07a9515e12bfcb8a3647e516
external-and-mods/NO_Steam/data/icons/no-steam-games.png,NO_Steam,46453,bca7f021779da738a2d04707c39465e233bf2bcb97bb39f68e93f1ea5cdd803c
external-and-mods/NO_Steam/no_steam_games/__init__.py,NO_Steam,175,a949b6ae7bf397b7dcb37a4c6f6949e9a6660f74be1dd2f255b7373d6b2e7227
external-and-mods/NO_Steam/no_steam_games/__main__.py,NO_Steam,2379,a806598ac2eb4fc4db00f37e46a9986281fa6cce2fd9ac05638b5a3d510e6944
external-and-mods/NO_Steam/no_steam_games/constants.py,NO_Steam,896,7cc4b773f6f35aa1a1b2a86dcddc17d9fcd87f9b1777c92a28bc5522c99a4911
external-and-mods/NO_Steam/no_steam_games/cover_fetch.py,NO_Steam,2340,44c350faf18bb725a57e5ec7c4f28249ffbad14de9b2db31847785b64ea69da9
external-and-mods/NO_Steam/no_steam_games/shortcuts_vdf.py,NO_Steam,7565,d152a91ae27e5b3455ff63596412d09163b06cd79fd2d922e1afd8781f420c0d
external-and-mods/NO_Steam/no_steam_games/steam_paths.py,NO_Steam,3992,f5910b4153e5a06631fde74774fddc688aecfb30245ef6b081d7734482eeb54b
external-and-mods/NO_Steam/no_steam_games/ui/__init__.py,NO_Steam,0,e3b0c44298fc1c149afbf4c8996fb92427ae41e4649b934ca495991b7852b855
external-and-mods/NO_Steam/no_steam_games/ui/window.py,NO_Steam,14371,92deeaa32a11743df789fe4d56a15924ecde3fcc2d417882cdf898cce7facf49
external-and-mods/NO_Steam/run.py,NO_Steam,339,97bcfe8955aec6210c077828a349ba28dcd024f962e3aca3d9703bbf4d122c36
external-and-mods/Proton-ARM-Easy-Manager/.gitignore,Proton-ARM-Easy-Manager,100,53d71f4cb193d8881d6e63f0d9991c56a7a1517c64360be516fc2796d4a9f83d
external-and-mods/Proton-ARM-Easy-Manager/LICENSE,Proton-ARM-Easy-Manager,783,5fe2d47f12a49fe1f5cee6f3a03240924a8cc94962031dd55d2003833d732762
external-and-mods/Proton-ARM-Easy-Manager/README.md,Proton-ARM-Easy-Manager,2068,90052270e0b0fa7136ea3381cda33e1672a11d7c6eaaad22f6ed2bc4c36d311e
external-and-mods/Proton-ARM-Easy-Manager/data/icons/eparm-128.png,Proton-ARM-Easy-Manager,24131,8dbf3ecfe9c5d41d2b0625764a390d22a8561eebb7d806fb8c2e32c384e5b209
external-and-mods/Proton-ARM-Easy-Manager/data/icons/eparm-16.png,Proton-ARM-Easy-Manager,962,70f436e27e06c0a41e812a90726e7a51b591a098e472e247c7c3b2c9d91a2cb3
external-and-mods/Proton-ARM-Easy-Manager/data/icons/eparm-24.png,Proton-ARM-Easy-Manager,1872,b9603eca908553720de9276af47d73a27dcf4f53cd5f872d15471f74353f49a2
external-and-mods/Proton-ARM-Easy-Manager/data/icons/eparm-256.png,Proton-ARM-Easy-Manager,67306,25e4c3e08732b19b8a15ad407c9d1eaaa1fae9788677e76339ab6c30d0c18c3b
external-and-mods/Proton-ARM-Easy-Manager/data/icons/eparm-32.png,Proton-ARM-Easy-Manager,2906,b9bb2287d1e58ac80d46d46ced8def9b8ad7dcf7da1a68c77550f176471814e5
external-and-mods/Proton-ARM-Easy-Manager/data/icons/eparm-48.png,Proton-ARM-Easy-Manager,5566,939fb65170d08d5d3607e7feaa00f718929cf72fab6de48c585edeb9231dbda7
external-and-mods/Proton-ARM-Easy-Manager/data/icons/eparm-512.png,Proton-ARM-Easy-Manager,199704,4402ba57927353da36da17f392111452f32367746131f00ea894ef09f0479b06
external-and-mods/Proton-ARM-Easy-Manager/data/icons/eparm-64.png,Proton-ARM-Easy-Manager,8550,4e2fe3c99f57261e8a5fb5817e90a2360683c38e82619aaea8d1e1150cc1989c
external-and-mods/Proton-ARM-Easy-Manager/data/icons/eparm.png,Proton-ARM-Easy-Manager,134613,b4a62c77bcc6f0c54c41a3d1983215f10ffb2ad92f6035f60caede659270a3be
external-and-mods/Proton-ARM-Easy-Manager/data/sources.json,Proton-ARM-Easy-Manager,1979,a5fac5202380486f47e01f5b59cb43d67160a2bd0d60cad3ca601e8d0537dfcd
external-and-mods/Proton-ARM-Easy-Manager/eparm.png,Proton-ARM-Easy-Manager,134613,b4a62c77bcc6f0c54c41a3d1983215f10ffb2ad92f6035f60caede659270a3be
external-and-mods/Proton-ARM-Easy-Manager/proton-arm-easy-manager.desktop,Proton-ARM-Easy-Manager,278,1c2a0290d4fc101e068ea4492dc1bca0e31f3de1deaf429c3f1093c2946ac482
external-and-mods/Proton-ARM-Easy-Manager/proton_arm_easy_manager/__init__.py,Proton-ARM-Easy-Manager,186,780f5036d30d1c7652487c0395162bd9fbcc871b9ea7246f967d6a33d5e36c21
external-and-mods/Proton-ARM-Easy-Manager/proton_arm_easy_manager/__main__.py,Proton-ARM-Easy-Manager,5210,3f8e0c68781b98d299be6b79a86a50f37f3abef86f63a71a7192b5d77006c5f1
external-and-mods/Proton-ARM-Easy-Manager/proton_arm_easy_manager/constants.py,Proton-ARM-Easy-Manager,1297,c284306e4656001a1cc42ea25d3783becaf9b3f89a63628eba341161a34b115b
external-and-mods/Proton-ARM-Easy-Manager/proton_arm_easy_manager/github_api.py,Proton-ARM-Easy-Manager,6858,3d68a964fed1eb708e9198994c39eecd497f3e64f088da18a4ed5203b9f7091e
external-and-mods/Proton-ARM-Easy-Manager/proton_arm_easy_manager/installer.py,Proton-ARM-Easy-Manager,8167,b67fba18060e7980d03cb099b33d93edd945675b26fe746d29b1e48d693afc96
external-and-mods/Proton-ARM-Easy-Manager/proton_arm_easy_manager/models.py,Proton-ARM-Easy-Manager,2914,f9f850bfcab3b60479b5945a41ca7c73c266b700676a7264c9c0a85c22e57872
external-and-mods/Proton-ARM-Easy-Manager/proton_arm_easy_manager/ui/__init__.py,Proton-ARM-Easy-Manager,50,60626e5ad26d3c2e66ff5154cfb6b47c4cfe77803210b777f85663869d7ae07e
external-and-mods/Proton-ARM-Easy-Manager/proton_arm_easy_manager/ui/window.py,Proton-ARM-Easy-Manager,19848,dd1af07450150c23527fdf5103bc40241005d9cdda75fecb11a389ece1cc3bb5
external-and-mods/Proton-ARM-Easy-Manager/run.py,Proton-ARM-Easy-Manager,352,030df8ff257d60e8f7230c463565449808b1b95387aa95fb5e29e6d6b9ec3c8f
external-and-mods/Proton-ARM-Easy-Manager/scripts/proton-arm-easy-manager,Proton-ARM-Easy-Manager,192,f5b97b25030f5dd9a0dcba3fc44a8d1cd5d9a10e5a17421dac0ac76dc6324502
external-and-mods/SteamROMManager/README.md,SteamROMManager,340,4ba2861155552ae4914fa6ec86328ea16072691cc0b9a2b1f5647105d9ff1ff9
external-and-mods/SteamROMManager/steam-rom-manager.png,SteamROMManager,7402,dfcef88c8e8b262f548c8d2799ff1f13e688bd0f710b5afdf780f9fc2686243b
external-and-mods/gamescope/.editorconfig,gamescope,114,14d516fb73a35e64618404a766a3e5ebfa4035859fac96799fc1481e88ee3be9
external-and-mods/gamescope/.github/ISSUE_TEMPLATE/bug_report.yml,gamescope,3235,833abcf8d408cf02e562b519a286b2d301c836cf557df0fc103b4168ace0e47d
external-and-mods/gamescope/.github/ISSUE_TEMPLATE/feature_request.yml,gamescope,231,8818115241945493512848f4bf3795a081fd4452d0ec8182115353314554e5cb
external-and-mods/gamescope/.github/workflows/main.yml,gamescope,1379,11392f6e26451d1fd63e04f13e34761259e6e318aa484d40473b35fad69e198e
external-and-mods/gamescope/.gitmodules,gamescope,826,f3afc2eff527267bf2506a7c768eb021907bd3223eca48d1462efae119db745f
external-and-mods/gamescope/LICENSE,gamescope,4593,907dd845489cd09c25f18b6819f476805285e2adcad8c099e3506260023e9e5f
external-and-mods/gamescope/README.md,gamescope,5030,83fdd0f027dfb011b9ae40d9716b81139467d0861d5db8c2257f41e1edc7674c
external-and-mods/gamescope/default_extras_install.sh,gamescope,862,a680b3a989a654d16bda6475bcd7b7d07782c98f38989a3cd1b531e07156eb72
external-and-mods/gamescope/layer/VkLayer_FROG_gamescope_wsi.cpp,gamescope,65450,00d3e34c9829da5ee12edec97c3a136e390dbf6f86608c51b32164d622f2a52c
external-and-mods/gamescope/layer/VkLayer_FROG_gamescope_wsi.json.in,gamescope,633,d821225ebe9b628c6370e8c88c1492ac968e4760f85ad5dacd0fb449f0cf0204
external-and-mods/gamescope/layer/meson.build,gamescope,816,4d7e0d39ed2a16efd38adcdea7d6e898531d7855ae1b1e9841c4970706a2c6a8
external-and-mods/gamescope/layer/vulkan_operators.hpp,gamescope,1888,dea9b8bef8f8a7e266a4987c84f142606fa648f30379c4800d5867498b291ac9
external-and-mods/gamescope/layer/xcb_helpers.hpp,gamescope,5454,21521dd7b3a9cc35f5f38019449c41df9e771ac8ba680a0ffa99ec070f21e1df
external-and-mods/gamescope/looks/cb_deut_g22.cube,gamescope,39945,5c28d6f6b555daabbea9210c384b488fd61d29fa151a31145b71c763fdebfb27
external-and-mods/gamescope/looks/cb_deut_pq.cube,gamescope,147405,e819ba9ed40841ee34bc4512bae910446c7ccfa1f8713c701d0a7a00d1817b0a
external-and-mods/gamescope/looks/cb_prot_g22.cube,gamescope,39945,0b665245672fea715cee2e5882ae215db8ec62eb4923311f71850a3e8b43d9d5
external-and-mods/gamescope/looks/cb_prot_pq.cube,gamescope,147405,6a16599e793797c1308beef1c5d99bd7f8e758b2165631ce44d9ca5b45662b3f
external-and-mods/gamescope/looks/cb_trit_g22.cube,gamescope,39945,52f8fbcd4013bdf5349b028de87132a91f4f62f21f01d0f512e93fb74122c921
external-and-mods/gamescope/looks/cb_trit_pq.cube,gamescope,147405,609f2850e6698b5db1bc0ef37e7361932d59dc26df5b80a050d7b7d1c9557401
external-and-mods/gamescope/looks/grayscale_g22.cube,gamescope,3423,f4f3d61188b67fd4145b5d6d7ef87bcec121cb75ccac171670ab7db1bb017350
external-and-mods/gamescope/looks/grayscale_pq.cube,gamescope,3423,f4f3d61188b67fd4145b5d6d7ef87bcec121cb75ccac171670ab7db1bb017350
external-and-mods/gamescope/looks/invertbrightness_g22.cube,gamescope,35986,481800ecf787dcb80bf0ca3853c9cdeed5632a43092df85b12fe78c83368deb4
external-and-mods/gamescope/looks/invertbrightness_pq.cube,gamescope,35986,32afbde71cf69c637b9c46e3e465006952de6b331936cb14fdce2481b96a888f
external-and-mods/gamescope/looks/invertcolors_g22.cube,gamescope,3423,ada6d7d263289085026f212ccbdd32b4d06ea2d6563a37b0ec1ccc429cfcd8bb
external-and-mods/gamescope/looks/invertcolors_pq.cube,gamescope,35986,0e787d25bafb82a141a7a5784d5847dff0d79656337a5456f2590e352a9e7fc1
external-and-mods/gamescope/meson.build,gamescope,3441,f1fae93ebd9e3b775ac8d1d5f1d6cacf7a9e7854663121ef93ba5535df10dce0
external-and-mods/gamescope/meson_options.txt,gamescope,1004,8aecd67a43e3c3c5ac42d6d63340fa180816df7158800c3b729de90587173dde
external-and-mods/gamescope/patches/0008-sm8550-clean-exit-nested-wsi.patch,gamescope,2391,83cbe794bfb4f9a487178936e07e9d89a578577926da378c72341b1429a12e1b
external-and-mods/gamescope/patches/0009-wlroots-libinput-keypad-slide.patch,gamescope,754,065df3f84fb18fa825c8c2b05f87a637a098953698645e712e110e8266bbc9a8
external-and-mods/gamescope/patches/0010-sm8550-dont-shrink-game-on-qam.patch,gamescope,1334,9ac94f184f9ab4616ba3666a214c0d723f95bef216b0d25070dcd8ad40b69f99
external-and-mods/gamescope/protocol/color-management-v1.xml,gamescope,74842,b3c54f9e6837b38f715c97003a8654fc8526f16857fd002652a38234ee37c509
external-and-mods/gamescope/protocol/frog-color-management-v1.xml,gamescope,16036,5b7e983e4407a7db98e45804dcd1f9ff81f9169ad6d1d6d4605fd7a54c54e973
external-and-mods/gamescope/protocol/gamescope-action-binding.xml,gamescope,3615,d48b3d8af7b081ea36e3bca11c2ee657b001dc12fb9425adbc9e4e6956236a88
external-and-mods/gamescope/protocol/gamescope-control.xml,gamescope,7393,9f732cd790dbc0d263462e4693fff67f89f3ec210301660933cc0484f12ba1ca
external-and-mods/gamescope/protocol/gamescope-input-method.xml,gamescope,8945,da35711f5d1d750bc47931132a89bf34e6b96a72bafc054d34092d3f42358ec4
external-and-mods/gamescope/protocol/gamescope-pipewire.xml,gamescope,2001,fe9c78678465c3ad93351573f9efc08bce82ecc92dc931fade235d9a5978f0ca
external-and-mods/gamescope/protocol/gamescope-private.xml,gamescope,1970,0c449fe68e4cae304f6c61eb8fcc86915c712dade054c3cc9d6832cdd09a69d8
external-and-mods/gamescope/protocol/gamescope-reshade.xml,gamescope,3009,27674188d107db68ce9d8b3c47c98136e3be350fb87dba2d67e598df5a9cde68
external-and-mods/gamescope/protocol/gamescope-swapchain.xml,gamescope,10257,b6f2f1c62abbaf5574e99291a9aaafa0f17af8da1c9468dc8091f2d114b2d479
external-and-mods/gamescope/protocol/gamescope-xwayland.xml,gamescope,2552,6a0d8a3496016c66a6f123feb2b0d5d9536cb44fe8a946c16106d41117d7d9af
external-and-mods/gamescope/protocol/meson.build,gamescope,2431,039b734807236f3dda671637363e3691a7c336e8e43b9e34fd63c4448842e72c
external-and-mods/gamescope/protocol/wlr-gamma-control-unstable-v1.xml,gamescope,5510,27eb8803b65cfa75986c26ef2d6ca46eb244fbadea3e6c9ca52fd00bd210f35e
external-and-mods/gamescope/protocol/wlr-layer-shell-unstable-v1.xml,gamescope,18462,996b8c66e1c2276c443336d4cb174634e8e5948823779042f244930525b79cc2
external-and-mods/gamescope/protocol/xdg-toplevel-icon-v1.xml,gamescope,9188,030280b3d3f8be97389824809c348507fc2f3e644c2d853f2325f013270f09af
external-and-mods/gamescope/scripts/00-gamescope/common/inspect.lua,gamescope,9132,51244d458fb2a0c91d92b3e1cdeb057f6649bc11d190b623bb9aaeed0378a70d
external-and-mods/gamescope/scripts/00-gamescope/common/modegen.lua,gamescope,1169,b9d4a2b0cd66253b7739c5f7e4e674bed023d88fc7234ac77f18eebc5c131f2d
external-and-mods/gamescope/scripts/00-gamescope/common/util.lua,gamescope,371,6a47571c287ddd8e2699ae2c7b74cd7f5570744a9141f29b49aaaeef0a3f2721
external-and-mods/gamescope/scripts/00-gamescope/displays/asus.rogally.lcd.lua,gamescope,3599,3d3d26e19b13c31ed77c85b4001fa9fc2f56ae07349b32f64b6872581168c666
external-and-mods/gamescope/scripts/00-gamescope/displays/ayn.odin2.dsi.lua,gamescope,1204,560e541a8607b5e13ce5d44ef1c4b7f755a3865af08392d821df4968217183f0
external-and-mods/gamescope/scripts/00-gamescope/displays/deckhd.steamdeck.deckhd-lcd.lua,gamescope,1914,3343cb4d86d44d6cc5448ce32c1cebc80846be355ebecdd195f1f3000d8b6296
external-and-mods/gamescope/scripts/00-gamescope/displays/gpd.win4.lcd.lua,gamescope,2047,daa23992fbd0988665b8fe86c3b03b7a6d0749496cd4f6ad810d8d088e4869d8
external-and-mods/gamescope/scripts/00-gamescope/displays/lenovo.legiongo.lcd.lua,gamescope,1831,a89560351d213cf85c497fdac5a9572a75560ce2f88599813b1cee35be5554e6
external-and-mods/gamescope/scripts/00-gamescope/displays/lenovo.legiongos.lcd.lua,gamescope,2337,e8bf99017a14146e80f365181818efde6b75508d2bf3c3385d2eb731052121ce
external-and-mods/gamescope/scripts/00-gamescope/displays/valve.steamdeck.lcd.lua,gamescope,2450,98b0470a8094606c3d255f66c36c044dd356c966a04f4647434a71de2b0eb93e
external-and-mods/gamescope/scripts/00-gamescope/displays/valve.steamdeck.oled.lua,gamescope,3419,a297da62b8d3af5b421aea4500c1da92b8c1e8b19b0bd91e02a1a8c0208475ff
external-and-mods/gamescope/scripts/README.md,gamescope,2653,529eed10a1ca1bba9d98e561655c6942f3c5f2f47ab41ae2cbd037fbd0d64d78
external-and-mods/gamescope/scripts/build-debug.sh,gamescope,640,8c38bc509c429f2723cade196d4fdb2aabae9d8899416942f69019b6f74a7e29
external-and-mods/gamescope/scripts/repro-steam-home-menu-bug.sh,gamescope,3291,9e302fc3f5520c286c7bdf64acd44ab0d4a937ca0d004c6ac58a84ca53f803c5
external-and-mods/gamescope/scripts/test-windowed-quick.sh,gamescope,3197,2a122b28ccc1fb73e696e6f4cb447ad71112aec441d15b2d29888035592f7f9a
external-and-mods/gamescope/scripts/udev/60-gamescope-backlight.rules,gamescope,359,3ad391cce01d458dd5569021b765c5a9b677f7907df433ed2a63d555484f8796
external-and-mods/gamescope/src/Apps/gamescope_hotkey_example.cpp,gamescope,5422,d73718fae70f6d30a320e67e305cbd2c181047df35b9367efc6895d2633e7152
external-and-mods/gamescope/src/Apps/gamescopectl.cpp,gamescope,11848,17383b90723dc35f8e693b0e7bd1130e83dac5336ffb81524e7f131728b579b3
external-and-mods/gamescope/src/Apps/gamescopereaper.cpp,gamescope,5692,63c439da21bf2693cf3e7fc82243236a668476c9305d840c304dbd14daea31e1
external-and-mods/gamescope/src/Apps/gamescopestream.cpp,gamescope,20084,0663243a76a6c8d2d2fd49f72a5e628a7a2ea8fd31f10e1b5881cf3bc1e253c6
external-and-mods/gamescope/src/Backends/DRMBackend.cpp,gamescope,134215,64004c4c8c460a939c21d7e273ac914eed9cd41b8583ced4160c1d621c24ea88
external-and-mods/gamescope/src/Backends/HeadlessBackend.cpp,gamescope,6392,0b4293e418629b957325f0d52e3c89dc2bddddc2e239b3075e67dc5a024a7f1c
external-and-mods/gamescope/src/Backends/OpenVRBackend.cpp,gamescope,71764,26436f1aa8c238d91dbe656d1ff15b99ed182baf0743bb80c0c5b86bd80cb691
external-and-mods/gamescope/src/Backends/SDLBackend.cpp,gamescope,27426,7fc2fbdb0cba903ff7dcc56aead94b6979ab7e4f65f24c5dae4ce01a1f71410b
external-and-mods/gamescope/src/Backends/WaylandBackend.cpp,gamescope,132687,5d7c0ebb5de7e66c16033e735d70534f6326fda14bbd9781e34158d2736d61e2
external-and-mods/gamescope/src/BufferMemo.cpp,gamescope,2573,3bc6c889def27c3c00eda083eb3e67a5967a4a72ab3f37e3fae55328b2a29bce
external-and-mods/gamescope/src/BufferMemo.h,gamescope,1855,ea0ab4aa55381f26a42d83b08b870f4efe7025961acdec948b0dd5597f1912ce
external-and-mods/gamescope/src/GamescopeVersion.h.in,gamescope,107,c3a2d7829a71292283a21b4cd6028dd29e0a5317964a0c9aee410659b44c9c1f
external-and-mods/gamescope/src/InputEmulation.cpp,gamescope,10005,c4a95095da569893fc8fd9390f397764ba054328ebafc249f0932022a0309218
external-and-mods/gamescope/src/InputEmulation.h,gamescope,456,5f91b07d478d2d4e37dbd56c82704d5fc8d0eadda4e1552721270bdf960d7922
external-and-mods/gamescope/src/LibInputHandler.cpp,gamescope,6452,f5dfd6c642bd701530bbd5565f0523392679a305522412746c112492d69c07a9
external-and-mods/gamescope/src/LibInputHandler.h,gamescope,542,1c47afaa7bbadcd2dd6df35212739471ce2b97ba5ffd1e408aea198d74b190bd
external-and-mods/gamescope/src/Ratio.h,gamescope,1958,8d4da7e085fc0d884e2e7aa697d7cec768b11f1b44ee53d82213659e9ae4ea10
external-and-mods/gamescope/src/Script/Script.cpp,gamescope,9948,9f89cf2b87798c92e53d232184e29d621c4c31f5c019e18cde2e63c57389bec5
external-and-mods/gamescope/src/Script/Script.h,gamescope,4902,2d02bec9b85da94476b4f05999530e5c008b4d489c05e8e66d8e4731c9fd7994
external-and-mods/gamescope/src/Timeline.cpp,gamescope,5195,0d64b475de713c0253995ae41c1acf653b29d606cb1ce74ac5ec2900e1a44b47
external-and-mods/gamescope/src/Timeline.h,gamescope,2658,7ae7eea38c0e5b294d1e59b8801e92d3071083f0cf1da9f4ac7891d331c1aa8d
external-and-mods/gamescope/src/Utils/Algorithm.h,gamescope,4965,866ee1e2f604f8d81423a6d64303b91c991ff578f556c64248e4c32115ad0266
external-and-mods/gamescope/src/Utils/Defer.h,gamescope,540,4f189939ea6b63568d6aba0432c70b10a683039bfe0437e32f037848acb8028d
external-and-mods/gamescope/src/Utils/Dict.h,gamescope,800,cb781d96705b6b44eebe2b3af83f4278a0789c603a6a16c73aba98b3f35b661a
external-and-mods/gamescope/src/Utils/NonCopyable.h,gamescope,228,54ee745d25522d381b236a143f54d9cae276344b54df3318339c318175cc6f83
external-and-mods/gamescope/src/Utils/Process.cpp,gamescope,14385,9bccecb1bfbe62d66a48ca777f2245f8cce4fca33f2df88377169210961343f7
external-and-mods/gamescope/src/Utils/Process.h,gamescope,1259,5993cd526f83cd1ffcaaab85e5b194d1239887bf3d98e852a18c7c37acdcafa0
external-and-mods/gamescope/src/Utils/TempFiles.cpp,gamescope,2006,6b75f938d9d013a6c00d82b303e3d7c982a44f8e502303e497f33f3c00111391
external-and-mods/gamescope/src/Utils/TempFiles.h,gamescope,703,475ee86e19d702ab42fbb508b1c6396972d50ce3f7de6a28b920d7bd51ccd0d3
external-and-mods/gamescope/src/Utils/Version.cpp,gamescope,260,073f8ceff1c1cd0178aceb75d8b08db95d6b82fbb943adb6057e1f6fcb2fe75e
external-and-mods/gamescope/src/Utils/Version.h,gamescope,63,f8cf1862e5cb18aa661a2effabb00d22d150c269e35f6017600cd6b6e8881b91
external-and-mods/gamescope/src/WaylandServer/GamescopeActionBinding.h,gamescope,7099,3b6b3c87e35b77358333c942af64a004f7e971b2a59ec08980e0b38c115f138d
external-and-mods/gamescope/src/WaylandServer/LinuxDrmSyncobj.h,gamescope,4899,a2cbaa976ea8278d380026f697674f7842230bab3aad9dbe63bd2539aa3944b8
external-and-mods/gamescope/src/WaylandServer/Reshade.h,gamescope,1390,d0ab2e3e04a11b684930f14c9e7f83c4c2417e9b27f9610b9b23403b93e91bdd
external-and-mods/gamescope/src/WaylandServer/WaylandDecls.h,gamescope,541,733524435b9c41e8859fcfc96dfffce92047ecfb7efadd276f4d6c6a842eecbf
external-and-mods/gamescope/src/WaylandServer/WaylandProtocol.h,gamescope,1034,f539310f6840fb818149dd7a9ec2b5f721b1f8f1f6cfa7da918612b6b60c52a8
external-and-mods/gamescope/src/WaylandServer/WaylandResource.h,gamescope,2965,c44c0ec7d25cd13ac8851689455785c6bddb62b0158a245ae71403914e10b1fc
external-and-mods/gamescope/src/WaylandServer/WaylandServerLegacy.h,gamescope,1504,1a09eacf7ab34bcc1d9355b3620cccb8308a36cacb034d5ed3edcb7966370025
external-and-mods/gamescope/src/backend.cpp,gamescope,6859,663d101990433c58517382d9d9fc7b27361d1c9528eeccc4b7795f4910dde3ed
external-and-mods/gamescope/src/backend.h,gamescope,14897,48a28a04a9f6893664146a2bb57dc7a5d0aeac73b4337cf86bfdfc5df64e5e52
external-and-mods/gamescope/src/backends.h,gamescope,354,dc97df8ad56bdad6874a0519eeed88a0d83cb4dad562c1f8a03701727140317b
external-and-mods/gamescope/src/backlight.cpp,gamescope,7229,c2deb15d30cfb39a09b3a1595d984cce0be59c7cf43f0353d69f7ca19cb15dfc
external-and-mods/gamescope/src/backlight.hpp,gamescope,840,4288a207d093c24fbbda1da13aa5f539c089e339d754e106e9bedee9fad054d7
external-and-mods/gamescope/src/color_bench.cpp,gamescope,6814,3d1bc75eb4791f40afb8d1785ee78176980080bf2fab90999af0423586df8534
external-and-mods/gamescope/src/color_helpers.cpp,gamescope,33916,4bcf9a8e9a9efa89e6f803a2a702ad41da531fda61fe29420533ee1e35be5974
external-and-mods/gamescope/src/color_helpers.h,gamescope,14799,b7ca1a97cc9ec34c8a671c3e598e7094974dcf8b1831e99fc83f787f84e5fc0e
external-and-mods/gamescope/src/color_helpers_impl.h,gamescope,474,083ae336213a8ae42ec9e2f10c0df75473b2a4fcc39c1ee85f58fe861cc085e8
external-and-mods/gamescope/src/color_tests.cpp,gamescope,8388,86e7a5b4e3892a9eb7183a62527273e453a50cf1ebd51cb1f57324cdd573b8cb
external-and-mods/gamescope/src/commit.cpp,gamescope,4064,361c4230ab832728707ae3e436f47f86653568ae9b969f398c8f60ae6f17d108
external-and-mods/gamescope/src/commit.h,gamescope,2335,6e2632c4ccbcf042fe1aa5dea3fad442ba3d67720df38ded1f95bf9777971ad3
external-and-mods/gamescope/src/convar.cpp,gamescope,2483,c4911527b94c96391d61bc283a4d167866f11f17c9c4fa116a831b4810f8e4fa
external-and-mods/gamescope/src/convar.h,gamescope,7693,8a37c877b44934eebe60be741f32f9628b52299c37c0ae183a52588e95a2840c
external-and-mods/gamescope/src/docs/Steam Deck Display Pipeline.png,gamescope,190582,d580104a7f328da8fe06bcef6cdde213e9c8679a448b3ab2ba33dd2832a7ea90
external-and-mods/gamescope/src/drm_include.h,gamescope,2691,668c9b43a8a3b034f600b63666acb57281273a4e29db345dfd535478481a1350
external-and-mods/gamescope/src/edid.cpp,gamescope,14654,5b1c1413133c67fd5d8dba0fec4b05f11a75b4b6e3c912fd2d4d3cca584144e0
external-and-mods/gamescope/src/edid.h,gamescope,523,f7e32bc1632451b32b6bcc7cdcd50fb5d615d56e2194ef229f53befc0f71b1da
external-and-mods/gamescope/src/gamescope_base_edid.bin,gamescope,256,205755721ac7d49cec4162857b8a5696d91282f578e03230c67bacc71f1e8426
external-and-mods/gamescope/src/gamescope_paint_debug.hpp,gamescope,2162,16e42aff2806087c12752161c666ac37b7e69538bcb3c9c2c871651846ab85c8
external-and-mods/gamescope/src/gamescope_shared.h,gamescope,1468,da1b54e72f6d34df1a16325c213cea8ba2e9281c9be0803b31bb9823db71f8e1
external-and-mods/gamescope/src/gpuvis_trace_utils.h,gamescope,23041,13a82e2a677a0c735c742ebabaa53a1ca03c83bfde3bd042f7e139dd290f951f
external-and-mods/gamescope/src/hdmi.h,gamescope,2787,21656a0f86d2b78a415f2fb87cf87e532488e5b31f740412be9832cb70872a30
external-and-mods/gamescope/src/ime.cpp,gamescope,21149,aca9045bc5ba2649717a5438712877cae5ad923599afadf96afe98ab78f2b25a
external-and-mods/gamescope/src/ime.hpp,gamescope,291,82cfa0f646c930a02ee7055eccdf3739fac88b095cc05d4d70f4572dc4312ac6
external-and-mods/gamescope/src/layer_defines.h,gamescope,483,cc3e3eec0a035d51e96e3f360ed8d31b521d14f171e0a6cb0ba10da59fb467ed
external-and-mods/gamescope/src/log.cpp,gamescope,4184,21f2d48c1934e5c303475c27b01d0ab1b52844f2f042faeab41aba8f8ca55657
external-and-mods/gamescope/src/log.hpp,gamescope,1717,cf54c2ee87588f27fbd2e30a70f6c419ed82d6dfce6e9e39e5765aa43d08eb98
external-and-mods/gamescope/src/main.cpp,gamescope,37719,8e390511b6e7c37372792686fe8122a4e16dead2079aebe2e7aa8918fcac6ace
external-and-mods/gamescope/src/main.hpp,gamescope,1700,50c316f8d53136adb4b637aaea606fb0dc9eff9ee160f9e1e54a5f2e51ff41fc
external-and-mods/gamescope/src/mangoapp.cpp,gamescope,3220,c24caa2762a2619ad009fd9a29b1052de5c8aba3bb733b21a649c2095f5c4496
external-and-mods/gamescope/src/meson.build,gamescope,7683,e4b92c517e43b809a2f3eeb87408a459dfd9920d58df5913f199fad52e3ef9ae
external-and-mods/gamescope/src/messagey.h,gamescope,10613,89002d06c2bc24a8b1f782f4bd633208be8eb9fe2de425bafc020f951e9c6111
external-and-mods/gamescope/src/modegen.cpp,gamescope,8845,deb559a20689dd468c8a50a2bae30151a6d947669f3c2e6e04950e686959caf0
external-and-mods/gamescope/src/modegen.hpp,gamescope,367,74c65e81f08b9e407add9fbfd366b5bd490cf643d0e9136fcdf5bbb6ad9f7b9c
external-and-mods/gamescope/src/pipewire.cpp,gamescope,23328,6dbccb336444aa5a1cbf9bc305ff419cb4c63fcd0eb354d96cde82e1d43f0823
external-and-mods/gamescope/src/pipewire.hpp,gamescope,1692,b68aa5d4162ef7410c455ec2cd3f7a574030cded90b11e42fb63efe94f67ea7b
external-and-mods/gamescope/src/pipewire_gamescope.hpp,gamescope,2051,f3c1cd5fd01e891226832f9702137eb7de1e5ef78298a2f9bc1909d2fc372990
external-and-mods/gamescope/src/rc.h,gamescope,5171,83002fd45f6d00bae5b798b1065ae20a3894a06b0a82a5eca5fafa87845c2ebe
external-and-mods/gamescope/src/refresh_rate.h,gamescope,1243,a586afbdf5dbc2450abadf248bff88747b192b12972e30701e574e7ee8a6b5e8
external-and-mods/gamescope/src/rendervulkan.cpp,gamescope,136428,633180d0d1496db50b9ea2a5eb02994a1e797e9cb14085d6813caac3cd3e4633
external-and-mods/gamescope/src/rendervulkan.hpp,gamescope,29701,96d3c76da4b519c785d5554ced4d84f4f0d90ef0d0fd35b50da34dab520a0880
external-and-mods/gamescope/src/reshade/.editorconfig,gamescope,2909,5d2dd3043f3c6dd6249c385c6af9dd80e27fbffd210bc87f9169e5e55a200a49
external-and-mods/gamescope/src/reshade/.gitignore,gamescope,517,964057a79c2881b0890ca0833a7e6e65a4e7dc1fc88740da0b850ab874af2d85
external-and-mods/gamescope/src/reshade/.gitmodules,gamescope,1024,9f97f0142bcc62ced709db464d55dd292769251f3d98eb583d57b9426ff6f51a
external-and-mods/gamescope/src/reshade/Common.props,gamescope,380,cd081ca7da4ed6966897e1cfb11737ac785138b2c5abbc4bbdfe3263d469ffd9
external-and-mods/gamescope/src/reshade/Doxyfile,gamescope,914,7062b8bb345d66df7af0f3c9c59dbe4e315192bc1d2ebe93fa88702fae18a0ea
external-and-mods/gamescope/src/reshade/FUNDING.yml,gamescope,17,9f3a55f9539b44b70e7c8dae28a80af988deba5aafe3cffebdb201a6e9b678fa
external-and-mods/gamescope/src/reshade/LICENSE.md,gamescope,1481,237ded5b8344f820113efab1e65e91e1f159d9202c5b4856606a0590d3ffdab0
external-and-mods/gamescope/src/reshade/README.md,gamescope,3952,8f6c4f56ea24a880dc3420b94ba121565b3eb54c2f638be2c7f55cfe2aef77a5
external-and-mods/gamescope/src/reshade/REFERENCE.md,gamescope,13702,ab0cfe697d3a80279400284e463bba5d9f2292cc1e49632725a3244b9daa5d13
external-and-mods/gamescope/src/reshade/ReShade.sln,gamescope,19082,c8b0d3e47aa75875518998b89e76bb5d7849d1b6d87807ecf1ad3506455c888d
external-and-mods/gamescope/src/reshade/ReShade.vcxproj,gamescope,45631,09f78fa49c82843d6557b5290c23216a9dfc37c6fa892a27c1e0c6c58eed4802
external-and-mods/gamescope/src/reshade/ReShade.vcxproj.filters,gamescope,29308,ba09bd9e854ce016c1ea225c7414a31eb25561fe09561d75fd299d73ef47d0cf
external-and-mods/gamescope/src/reshade/ReShadeFX.vcxproj,gamescope,8915,a5e31fdeb77d4a7582ae6ce2df5c6962ba6a4f782eb4439958defd7ad0372b8f
external-and-mods/gamescope/src/reshade/ReShadeFX.vcxproj.filters,gamescope,1252,23314c87c91c60bb3367dafa2f91880374fabe3900376c9512634037a4e9e776
external-and-mods/gamescope/src/reshade/ReShadeFXC.vcxproj,gamescope,7968,19afeb60d26ffd60ac0d7198782738a70214cb4f10f4ae6fbf5e1849aaaf17fd
external-and-mods/gamescope/src/reshade/ReShadeFXC.vcxproj.filters,gamescope,291,89fe9df063084a43baec0b797dbba21936b95c271d9b2c2cf6bc1cc25a43975f
external-and-mods/gamescope/src/reshade/ReShadeInject.vcxproj,gamescope,6751,4931ed57463b969814d4e5a0f48f25d6a93aa5e987ae23201575cf131be68e83
external-and-mods/gamescope/src/reshade/cpp.hint,gamescope,436,e507e09d6d5ce71c6d3d5b6ecc1453e779ee22796224245782629df8a8eefec6
external-and-mods/gamescope/src/reshade/deps/D3D12On7.props,gamescope,531,3bf689886436f11625c8fe2acf890c732a5c2e3181caf285a229e4379149a5bd
external-and-mods/gamescope/src/reshade/deps/ImGui.props,gamescope,591,b39ac6da701f0474d33247e1ce8752a138809d92a7678b51e3de116339ac1f66
external-and-mods/gamescope/src/reshade/deps/ImGui.vcxproj,gamescope,4502,fab4daef0f87b902373f37a20ac377b8448bad54dc509bbf9c4e9fdb2e7c4bd4
external-and-mods/gamescope/src/reshade/deps/MinHook.props,gamescope,398,7bc4a97dd59c125c75a4599715eccfd91899f130487739641baefb8b75651a27
external-and-mods/gamescope/src/reshade/deps/MinHook.vcxproj,gamescope,4510,4ce3429db07e167fb99fec381d4c9bca569c8fbc4c680a70850650dd4218a8e4
external-and-mods/gamescope/src/reshade/deps/MinHook.vcxproj.filters,gamescope,1485,b83ca6b851fa6607ef1f4ef2efd1d1aed69247990759e36ecc80c0cebf06add0
external-and-mods/gamescope/src/reshade/deps/OpenVR.props,gamescope,427,dbee6230ed68a221ccb40a0f481aaa73b398e6cb5aff9cd18c0ec8a5d01360c4
external-and-mods/gamescope/src/reshade/deps/OpenXR.props,gamescope,533,cc1d649f444179f8a1630e64747e0d7cacdd3ccafd7eb711312395c4fc6d890e
external-and-mods/gamescope/src/reshade/deps/SPIRV.props,gamescope,411,c92cd6d69a5d9cd67c0c9c65226dd4bc2f249cf6391092e65e7b51f40b4047e3
external-and-mods/gamescope/src/reshade/deps/Vulkan.props,gamescope,769,c56ad1054e5edf6adebcaebc2287e102366fa1c86d1b22143195994bfec534e3
external-and-mods/gamescope/src/reshade/deps/Windows.props,gamescope,953,e1b902b3115663c4ab16b4c2aa9a6407b10373e79ea7a7512a33fa49e5d5f115
external-and-mods/gamescope/src/reshade/deps/d3d12/.gitignore,gamescope,207,2f406d09d7c05dbd59fe6516456c864a0da046ab8ad70ba51cff13b964beccb6
external-and-mods/gamescope/src/reshade/deps/d3d12/Android.bp,gamescope,393,5d1b253573aca10ccf28d8ba7aa9abfc626ec8ab4781148e1b34957dc1ed13bf
external-and-mods/gamescope/src/reshade/deps/d3d12/CMakeLists.txt,gamescope,5140,7c8a1e3fda1fd47d2182792c3b99b288389719678c4d429dd838410dccc734bc
external-and-mods/gamescope/src/reshade/deps/d3d12/CMakePresets.json,gamescope,8930,41e00ae3b78d3e363e63b107e3815d14ff31bfd84c03f3bd1d9b4a2c8855b708
external-and-mods/gamescope/src/reshade/deps/d3d12/LICENSE,gamescope,1093,903df5512f7d02609fed0c780a9b704f5a3eeb6e4d84ebe42a29845c81899a3c
external-and-mods/gamescope/src/reshade/deps/d3d12/README.md,gamescope,6099,1d2bc9d96e0cc3d482c02b45a606dca5b23804ec1aac214c3a74eb1e81f67eab
external-and-mods/gamescope/src/reshade/deps/d3d12/SECURITY.md,gamescope,2820,e9faa9064a6be1582ac63de2869d0df12d111f4e40486fdd2ede1d76edbd81dc
external-and-mods/gamescope/src/reshade/deps/d3d12/cmake/DirectX-Headers.pc.in,gamescope,316,c5f607f79fbb509229c81d2ac42d28ef0c6fb2a2784fad909e6a1fac989e53a0
external-and-mods/gamescope/src/reshade/deps/d3d12/cmake/JoinPaths.cmake,gamescope,817,794b0d8fa62a3b798c7df12d50114580d1a47a234bfb6b4d83092eb646a6ecc4
external-and-mods/gamescope/src/reshade/deps/d3d12/cmake/directx-headers-config.cmake.in,gamescope,129,5b32c518045397d8d77863966e00c102738dbd4f287ce4360429958822a85679
external-and-mods/gamescope/src/reshade/deps/d3d12/googletest/CMakeLists.txt,gamescope,1408,acef01652bb5219bc950377e0447e8ba3a11b7ef7cf2f880d27454e946eb46e5
external-and-mods/gamescope/src/reshade/deps/d3d12/googletest/MockDevice.hpp,gamescope,51009,da58e31e545fc3d80d9f02527f2f54f0cecfe5b7f8d4d33d721347a7d27bc81d
external-and-mods/gamescope/src/reshade/deps/d3d12/googletest/feature_support_test.cpp,gamescope,52429,e54f89048ead673d61e2182d8543c834de1684a0b833b40c7cdaed947ffe7cb1
external-and-mods/gamescope/src/reshade/deps/d3d12/googletest/meson.build,gamescope,518,3830c1859076d3e074586ed555ab5878ae125a076fb3ee7d76f6ca2dbd98c5aa
external-and-mods/gamescope/src/reshade/deps/d3d12/include/directx/D3D12TokenizedProgramFormat.hpp,gamescope,130378,5862ef7c8b819f0d02ba73563a9df4dc0e89f11fe59d8f598def39122273c626
external-and-mods/gamescope/src/reshade/deps/d3d12/include/directx/d3d12.h,gamescope,1541863,7db430e5a414236739dbbf386db4cc5f534e24eee3178c495e6482e973ebc5ca
external-and-mods/gamescope/src/reshade/deps/d3d12/include/directx/d3d12.idl,gamescope,274411,1e02b40db763b9174a59a3eff3bbb65ccdc97f19bd0a3d8ef1f425c4e2788784
external-and-mods/gamescope/src/reshade/deps/d3d12/include/directx/d3d12compatibility.h,gamescope,23378,7f3ba7f8818be1dc0f68df0d72e544470460fa8e18c1e7a126ebc7468981e7b6
external-and-mods/gamescope/src/reshade/deps/d3d12/include/directx/d3d12compatibility.idl,gamescope,4669,b7145873155a46aa56684969f9ae76bb560ce242b5f3181961b9ae9fa9a2cb7a
external-and-mods/gamescope/src/reshade/deps/d3d12/include/directx/d3d12sdklayers.h,gamescope,178725,d5ef307e846824a2aa82889a26e46c5b12f61be59d689623bc2b5ef810db20f7
external-and-mods/gamescope/src/reshade/deps/d3d12/include/directx/d3d12sdklayers.idl,gamescope,94119,58112d0bcbcbea7c86bbd06a96f949738fea88200ce5192f9ef395376ddb7b30
external-and-mods/gamescope/src/reshade/deps/d3d12/include/directx/d3d12shader.h,gamescope,28117,5d8af6cdc1689dbfd38147b8253ddcd81a0fb74832cfd538e1a5d2923df07a9c
external-and-mods/gamescope/src/reshade/deps/d3d12/include/directx/d3d12video.h,gamescope,393144,0486ed9cfaeb73f7b1fbb86c74a799e1ee04b6e35fc12632d574bd194e679128
external-and-mods/gamescope/src/reshade/deps/d3d12/include/directx/d3d12video.idl,gamescope,155942,f4ec16f5a4c4180b52340ef32df5c33f304d555de67cc307e286812185ecb081
external-and-mods/gamescope/src/reshade/deps/d3d12/include/directx/d3dcommon.h,gamescope,51955,8c236985415516302faf0cb725fa78312cb1ac05ba866e29eeab23d695a0f5cb
external-and-mods/gamescope/src/reshade/deps/d3d12/include/directx/d3dcommon.idl,gamescope,47674,2513f619ece3bda0af925b8120ba1adfd6ac1d27a9cb62e4635ef3fafbd09fd2
external-and-mods/gamescope/src/reshade/deps/d3d12/include/directx/d3dx12.h,gamescope,915,22ba33de657577a9528c20eb729ae9b94a6d45864346ccfc43ba4a9e4053c9c4
external-and-mods/gamescope/src/reshade/deps/d3d12/include/directx/d3dx12_barriers.h,gamescope,6443,55aef3331bfd628c99fc0f7856d3a6001449c9373f6c9c7799757c2e06be0966
external-and-mods/gamescope/src/reshade/deps/d3d12/include/directx/d3dx12_check_feature_support.h,gamescope,44349,59dccd2ce5143fbfba9b6e91b7b19e3662185fe3dedb6a2d2cb5f32134891831
external-and-mods/gamescope/src/reshade/deps/d3d12/include/directx/d3dx12_core.h,gamescope,58368,8043dafb6fdfb960b50d6e7bd912d46932ffff4dde9490a884720064521f3853
external-and-mods/gamescope/src/reshade/deps/d3d12/include/directx/d3dx12_default.h,gamescope,313,a41a985b72913cfc53946f1a99f7dd1964e75e44109db95d18978080b01c65c8
external-and-mods/gamescope/src/reshade/deps/d3d12/include/directx/d3dx12_pipeline_state_stream.h,gamescope,84340,49a1ccd2a50b47f8f12b650dabfac812e762dded13a6827b6dafae4f93429ae3
external-and-mods/gamescope/src/reshade/deps/d3d12/include/directx/d3dx12_property_format_table.h,gamescope,11059,12902798158408dfb7b8e6fe15c6c7d2e3bbd0d7db1eac3fafb46015bae585c3
external-and-mods/gamescope/src/reshade/deps/d3d12/include/directx/d3dx12_render_pass.h,gamescope,4149,c18738c946b773b226d6987e71a205fef7d3ee6bdb0a882d74bd2b2d9ec9e79e
external-and-mods/gamescope/src/reshade/deps/d3d12/include/directx/d3dx12_resource_helpers.h,gamescope,25376,cfb4e7968378163eeb20dfee08ac67b14757021a30904aaa28297705d92ef30c
external-and-mods/gamescope/src/reshade/deps/d3d12/include/directx/d3dx12_root_signature.h,gamescope,52198,b6446912da91384cb368c6f3c15ed6e21c33987af0483352d459066bd64abc86
external-and-mods/gamescope/src/reshade/deps/d3d12/include/directx/d3dx12_state_object.h,gamescope,74544,cacea63b5a56a4717782f5cb50398af9bd850c35d07d656e61e154e01b424bcf
external-and-mods/gamescope/src/reshade/deps/d3d12/include/directx/dxcore.h,gamescope,1133,63810a79e8cf27becb12be85af84e9a09acef613b23bc866f63cc7c3f54e72dc
external-and-mods/gamescope/src/reshade/deps/d3d12/include/directx/dxcore_interface.h,gamescope,14943,56b11f1e6d8a73f0e35f1cd2f58ca7205e3b5999bd7dc81ddb69292fd5cd890a
external-and-mods/gamescope/src/reshade/deps/d3d12/include/directx/dxgicommon.h,gamescope,2262,10b795959eef2771c5f4d20c49b20d56353cf9439e49667c391f32b9e74b09f6
external-and-mods/gamescope/src/reshade/deps/d3d12/include/directx/dxgicommon.idl,gamescope,2199,e74cf909cfcaad9129915c575153bf2b5fe24c14293210d2c0fc062534396d7a
external-and-mods/gamescope/src/reshade/deps/d3d12/include/directx/dxgiformat.h,gamescope,8022,0ac14d7da595c528e0f14c64685d83596c392d36a0ab49ce2ecab05299e6c0d0
external-and-mods/gamescope/src/reshade/deps/d3d12/include/directx/dxgiformat.idl,gamescope,7909,dec3bd183947ebf7bdef8547aff8f1b3aa6e6f6be770d3be15b14d39b626618f
external-and-mods/gamescope/src/reshade/deps/d3d12/include/dxguids/dxguids.h,gamescope,15920,247a7c0741bae581ddf83f7e60ee981ee74a52a59c453662bfb5cdfedbed3c87
external-and-mods/gamescope/src/reshade/deps/d3d12/include/wsl/stubs/basetsd.h,gamescope,12750,a13f32227ff7371438e13381a3ac46cd748db5df5a40902cd5aae9d365816e6a
external-and-mods/gamescope/src/reshade/deps/d3d12/include/wsl/stubs/oaidl.h,gamescope,130,6169e7f95762b9304753c3f6da81c3a78bd86dc46788357ea4988902bc8394a0
external-and-mods/gamescope/src/reshade/deps/d3d12/include/wsl/stubs/ocidl.h,gamescope,130,6169e7f95762b9304753c3f6da81c3a78bd86dc46788357ea4988902bc8394a0
external-and-mods/gamescope/src/reshade/deps/d3d12/include/wsl/stubs/rpc.h,gamescope,130,6169e7f95762b9304753c3f6da81c3a78bd86dc46788357ea4988902bc8394a0
external-and-mods/gamescope/src/reshade/deps/d3d12/include/wsl/stubs/rpcndr.h,gamescope,3700,83e90cd4f1746c22e970c443131cbc9154863aff6be8aad05d380ea320d44422
external-and-mods/gamescope/src/reshade/deps/d3d12/include/wsl/stubs/unknwn.h,gamescope,41,f29eaad0480e4a7da9c64cc2caed0abcefc6b30c677f7a8309f5bb13030833e4
external-and-mods/gamescope/src/reshade/deps/d3d12/include/wsl/stubs/unknwnbase.h,gamescope,3259,6f0cd0479cea416de9f960ffa81a9927302f4c7f7103614a131fc124401b1ab2
external-and-mods/gamescope/src/reshade/deps/d3d12/include/wsl/stubs/winapifamily.h,gamescope,212,c42b24ba228cfe80aa1e75772ba364dffb16f0aad7b61e9d9c6a9064c2359646
external-and-mods/gamescope/src/reshade/deps/d3d12/include/wsl/stubs/wrl/client.h,gamescope,152,6b31920f8bb071f1a1222c1b60f7fc751fc599fcea34cb1506cb162ce5443fc8
external-and-mods/gamescope/src/reshade/deps/d3d12/include/wsl/stubs/wrl/implements.h,gamescope,159,2c144204cb6088b8ee13614650a232670dc442e9ffd69684a54b1ab68d19bd44
external-and-mods/gamescope/src/reshade/deps/d3d12/include/wsl/winadapter.h,gamescope,110,32dc819b324189ddb8bf95c2cd301f5370622cd269bd9cad3d0b77d10cc798dc
external-and-mods/gamescope/src/reshade/deps/d3d12/include/wsl/wrladapter.h,gamescope,25653,bed45f4c0552a15572cc05d28acacffe6d7e660c31c95d7feb42b9a3635b9f00
external-and-mods/gamescope/src/reshade/deps/d3d12/meson.build,gamescope,2544,cd198b489f910c69d2b66ecfdc26b08d2ecede4f464d90b7f34aed3090565e8c
external-and-mods/gamescope/src/reshade/deps/d3d12/meson_options.txt,gamescope,187,ab63da6f2fe4ef6c55d22ce964163d5dd1f589e15645f03fb4a7e894272be3df
external-and-mods/gamescope/src/reshade/deps/d3d12/src/d3dx12_property_format_table.cpp,gamescope,165252,c853a7777b2685ea260fb52f12b9f60c81868879b1cbde7ea4bb3de1b329704e
external-and-mods/gamescope/src/reshade/deps/d3d12/src/dxguids.cpp,gamescope,303,868b89e5e1995db67fd90510f457191cd90e63e1febc8524a4421635ad827c4e
external-and-mods/gamescope/src/reshade/deps/d3d12/test/CMakeLists.txt,gamescope,1799,306a3b3f378571f2df4a2ebcbb26801c2c003b6f62ce5850a641e9d97b348e72
external-and-mods/gamescope/src/reshade/deps/d3d12/test/feature_check_test.cpp,gamescope,30792,a831e6fdaab9f21b812869aacde198e4e97ce5f5e7d9d9b80e567a1eb3252ce4
external-and-mods/gamescope/src/reshade/deps/d3d12/test/meson.build,gamescope,627,3ad0d4e609006100690ee6e2c0c16f51adc6ec3f5e578499ca176bb7d3f9752d
external-and-mods/gamescope/src/reshade/deps/d3d12/test/test.cpp,gamescope,1134,6ff077a364a5f0f96b675d21aa8f053711fbef75bfdb193b44cc10b8475e2294
external-and-mods/gamescope/src/reshade/deps/d3d12on7/LICENSE.txt,gamescope,9841,db7f7695c04c02150be7ef961a106120e7cb516584ce6bcf9e14dc4907851887
external-and-mods/gamescope/src/reshade/deps/d3d12on7/include/D3D12Downlevel.h,gamescope,7565,e1dbe0f7479f5667cc5ae0dd61c29542d2427625c9eebf35813069bfa5c520cc
external-and-mods/gamescope/src/reshade/deps/d3d911on12/LICENSE.txt,gamescope,1073,fd532481d828e13a0b13ccb598e02338a3617740675a862ee6bdc1541b68e93d
external-and-mods/gamescope/src/reshade/deps/d3d911on12/include/d3d11on12.h,gamescope,18572,8fc00378790bd9cc0f4794a494a5e0f65c085ac294be985285184fd65786b2d3
external-and-mods/gamescope/src/reshade/deps/d3d911on12/include/d3d9on12.h,gamescope,3992,150fc301a90400f883a291d01ff6e33f03a83ce6b77ee857f9f0c47414d77829
external-and-mods/gamescope/src/reshade/deps/fpng.props,gamescope,489,e40fa9c0ebb02fb237cabc422d7b6a87820c1ae3444e40b20c3a825e012cd052
external-and-mods/gamescope/src/reshade/deps/fpng.vcxproj,gamescope,4142,c1626a68004175444764fd20d6fc536a86c918dfadd347ecbdc8872b38c37583
external-and-mods/gamescope/src/reshade/deps/fpng/CMakeLists.txt,gamescope,2499,fe89a82d47f9c9075588f86413de14ccbccfea4bf32316944fb0326b2bdd65e8
external-and-mods/gamescope/src/reshade/deps/fpng/README.md,gamescope,13317,12f989bf53fee618778886bc028cc92484bb6a906a98451aea2d840a8295d10c
external-and-mods/gamescope/src/reshade/deps/fpng/example.png,gamescope,1479224,2227d55a5368f1ead1861f5c1b921d2a0c00f3060da604dff6975de7bde7ab7e
external-and-mods/gamescope/src/reshade/deps/fpng/fpng.sln,gamescope,1397,0ef463309912c5b699be53f7fcc6b77bd7284642ec2a743480059d0090f29223
external-and-mods/gamescope/src/reshade/deps/fpng/fpng.vcxproj,gamescope,7571,9f0abda301c12b7c7e87a99e817c81f209223ce29ac58745bc526f22af9aec30
external-and-mods/gamescope/src/reshade/deps/fpng/fpng.vcxproj.filters,gamescope,1649,7ccf35e0a0f5f4af3e8b0eaf8b50a80bc0c07fe2983e428681a7a7b1d936e6e9
external-and-mods/gamescope/src/reshade/deps/fpng/src/fpng.cpp,gamescope,115094,21b3e2a17cd2592269930e5e9a88df329924ae92f2ec3f1be72e52a6b069eba0
external-and-mods/gamescope/src/reshade/deps/fpng/src/fpng.h,gamescope,6285,604c7e3757dba53b32f7e2523927c7e02ad90939d631a76f94f0690efa2c1fc9
external-and-mods/gamescope/src/reshade/deps/fpng/src/fpng_test.cpp,gamescope,43217,6f63973c01a839249f7eeb50ddf509e76acbd3a74cf40db482fea3ce4d20ef1f
external-and-mods/gamescope/src/reshade/deps/fpng/src/lodepng.cpp,gamescope,265087,6c61ad12196fde3d2cbb2e5ce689db414ae7f64c98f709b227928b451280ed1b
external-and-mods/gamescope/src/reshade/deps/fpng/src/lodepng.h,gamescope,97441,e6cb1736b11217209873f02b8859256e662e14d297f1f9346fbf1778d5efadbb
external-and-mods/gamescope/src/reshade/deps/fpng/src/qoi.h,gamescope,18885,9aa73386267612654eef55b6a6867838aa217d0d3e6e4ddaf521069b3512a833
external-and-mods/gamescope/src/reshade/deps/fpng/src/stb_image.h,gamescope,279338,3df226c4a4e9269228bc2b28992ffa04aff81d8697bc1d7b23e0f3613387f06e
external-and-mods/gamescope/src/reshade/deps/fpng/src/stb_image_write.h,gamescope,71220,24d110c51536eea49b99b3ef9eb717e3587338358d41b2596d5b1d1c0b0a18b8
external-and-mods/gamescope/src/reshade/deps/fpng/src/wuffs-v0.3.c,gamescope,1626317,b047ec75b9cbb114856cbc37e0da15a6fecd55d63362d4f28534477981b9fb2e
external-and-mods/gamescope/src/reshade/deps/gl3w.props,gamescope,395,9fa1964050af1f5757d22854da3424bb8dcc0350f05027739d521c62f89674ca
external-and-mods/gamescope/src/reshade/deps/gl3w.vcxproj,gamescope,4841,52d8cab903734e60881bd983b931a61912deb632f345ea6c3bb9a82aa82c4856
external-and-mods/gamescope/src/reshade/deps/gl3w/CMakeLists.txt,gamescope,3532,9e99da905e660cc7068655fd419c6159df1adbd74a97e8e9660207a37060838e
external-and-mods/gamescope/src/reshade/deps/gl3w/README.rst,gamescope,3618,27e5068a94426f09c6ab07ba27acf0b737222fbc9c5208932f56bc39443e1fea
external-and-mods/gamescope/src/reshade/deps/gl3w/SConstruct,gamescope,833,51dbc5c3f0d8ad2a904b641c9f8f2a3feb01031adb331e24a4ab2e9d51bfade1
external-and-mods/gamescope/src/reshade/deps/gl3w/UNLICENSE,gamescope,1148,e0e03ff770a493833206786f6e8d83c378f2e0d5f3197d5e51ae97efb4db945b
external-and-mods/gamescope/src/reshade/deps/gl3w/gl3w_gen.py,gamescope,11196,a2346c5a31ae9987e0ef17f536eaaa2df52e8e784ced43c15e477c2c364180e8
external-and-mods/gamescope/src/reshade/deps/gl3w/public-domain-mark.png,gamescope,6316,8071310c9c2bfca836106b037071dfe76353850521a26adb53c88cd737af7fe1
external-and-mods/gamescope/src/reshade/deps/gl3w/src/glfw_test.c,gamescope,2797,7434642530532ca8835c728d4df1256a732269413632c7d4b12181576d0f7a34
external-and-mods/gamescope/src/reshade/deps/gl3w/src/glut_test.c,gamescope,2549,d4ea4040aa7dbe793469f2f7f95272265383b3bfc3aecc9c89f87f06322a86ad
external-and-mods/gamescope/src/reshade/deps/imgui/.editorconfig,gamescope,1063,6da5b9a182522f84c23fa2c7af67f9cba7dfc31e2d16255733a090f360df5a26
external-and-mods/gamescope/src/reshade/deps/imgui/.gitattributes,gamescope,397,14e7aafb0cfe8cc44ee59c6b0aa8ce72f8735b478b0adc2f45f14db77d78d3c0
external-and-mods/gamescope/src/reshade/deps/imgui/.github/FUNDING.yml,gamescope,59,d16f505c7b553b0554fcd72e40d0e83b538e0f99058b954e86387d4ef81734e2
external-and-mods/gamescope/src/reshade/deps/imgui/.github/ISSUE_TEMPLATE/config.yml,gamescope,28,1f103c6a9dd07cd13a9a6f17ace6b813f47747eb9cb7e00488cb2073caaf91bb
external-and-mods/gamescope/src/reshade/deps/imgui/.github/ISSUE_TEMPLATE/issue_template.yml,gamescope,5065,eb4a6acfd83ec73c6c3f4bcf55897f1cfe042b2b275824784fe7b0816269b6fa
external-and-mods/gamescope/src/reshade/deps/imgui/.github/pull_request_template.md,gamescope,233,ca7fe3f4324cc175325ddd6debbb0888ffad67025cbc83a14e3866e2bf9ed422
external-and-mods/gamescope/src/reshade/deps/imgui/.github/workflows/build.yml,gamescope,21167,6658d72eaf3e38a9adb8fb0ae785191413c764688c24f768a52cb86e260791a5
external-and-mods/gamescope/src/reshade/deps/imgui/.github/workflows/scheduled.yml,gamescope,312,7c8fe6635b04cca24d036638d587726e551f4f69b92bc25683e3eeb002b9d1a0
external-and-mods/gamescope/src/reshade/deps/imgui/.github/workflows/static-analysis.yml,gamescope,1826,c04b396bff3f7c474685c8a1dbda33acd6f4ae988a096aac9e4d523cdf01b1b7
external-and-mods/gamescope/src/reshade/deps/imgui/.gitignore,gamescope,1173,453fc0ee5ff5d5e507aa39ec60201a3c8191bcdf9c6fa027e9eed095353adc4b
external-and-mods/gamescope/src/reshade/deps/imgui/LICENSE.txt,gamescope,1083,0ebf8feb061536bdebd7c6a365b64808ae3479048b1c44113e19037680c5f2be
external-and-mods/gamescope/src/reshade/deps/imgui/backends/imgui_impl_allegro5.cpp,gamescope,29657,794788be3977c9550f67477738c02e7e9421eed760d687915ccdc45c004bd1e8
external-and-mods/gamescope/src/reshade/deps/imgui/backends/imgui_impl_allegro5.h,gamescope,2260,ceed296c66394fc88bd798c35f0eefda9959a64bd9804699ac74e9dab5c88cd1
external-and-mods/gamescope/src/reshade/deps/imgui/backends/imgui_impl_android.cpp,gamescope,16277,c6afff00054c8df3e6bc07ddf74d8b9ba5520c90b31d57d6ab1959c0753b42bf
external-and-mods/gamescope/src/reshade/deps/imgui/backends/imgui_impl_android.h,gamescope,2241,c98e058c7555f0fc95bc27c38d7829ff04ea21a63aabe9adc4a365c3cd5f6913
external-and-mods/gamescope/src/reshade/deps/imgui/backends/imgui_impl_dx10.cpp,gamescope,33305,7bfd77a7927c81e85b3f08ec11d9160bc889a49375094fdbd285564679e2fee7
external-and-mods/gamescope/src/reshade/deps/imgui/backends/imgui_impl_dx10.h,gamescope,1600,1a49768fc7a4c03f2044f45b77a03c7ffec6b5af9e0b9d162b9a7c23cd3e1065
external-and-mods/gamescope/src/reshade/deps/imgui/backends/imgui_impl_dx11.cpp,gamescope,35295,065535729e2052eea90604d411d0dbe23a56bb01fdf8e86d45ddee9f27cfa9df
external-and-mods/gamescope/src/reshade/deps/imgui/backends/imgui_impl_dx11.h,gamescope,1665,19d458f5c00d0787d9a5a0b8f7bb2c8d2ea54328d33ff24b2e6c3db80fdeb0e5
external-and-mods/gamescope/src/reshade/deps/imgui/backends/imgui_impl_dx12.cpp,gamescope,49692,59c4263e7a64761d081da6101ab1778991705d6df1cafecea248a6d5f74fa408
external-and-mods/gamescope/src/reshade/deps/imgui/backends/imgui_impl_dx12.h,gamescope,2671,75a9f4d8dfcf20d5714fb3b921d0ce292c7b8896050ef406352cdba249a70fdb
external-and-mods/gamescope/src/reshade/deps/imgui/backends/imgui_impl_dx9.cpp,gamescope,27282,64c4d63038e74dde67e8578d6bdd8f45d257342ea769958fc5d27228c37e1f75
external-and-mods/gamescope/src/reshade/deps/imgui/backends/imgui_impl_dx9.h,gamescope,1594,0ab57b919d1ea60c338e7ddf10266b2695da561d6c5fcf68909904d2505d9f39
external-and-mods/gamescope/src/reshade/deps/imgui/backends/imgui_impl_glfw.cpp,gamescope,72584,1c8a6ef9476541b3893f9dc16a6e344e18240ee747375a0aff01acd60a89013c
external-and-mods/gamescope/src/reshade/deps/imgui/backends/imgui_impl_glfw.h,gamescope,4356,ba5b4619537235428e685398bf1348f60b875fc0725785d370323a64ab097aec
external-and-mods/gamescope/src/reshade/deps/imgui/backends/imgui_impl_glut.cpp,gamescope,14239,c24e3abbf592e324ebc5e0d960472d1713b84d96b735ba92598e7d3e9d81a22a
external-and-mods/gamescope/src/reshade/deps/imgui/backends/imgui_impl_glut.h,gamescope,3133,8119be593d6d6a8b2cc2808f7e4f8ca0bfa77ca5904849024fa51171c936d9c0
external-and-mods/gamescope/src/reshade/deps/imgui/backends/imgui_impl_metal.h,gamescope,3445,91930e11d18b826ae14d0cc9fe39b123441352bb83361f7804ef5cd18ff46020
external-and-mods/gamescope/src/reshade/deps/imgui/backends/imgui_impl_metal.mm,gamescope,34692,da39c75109ab68722d1a5f14d48678f9c183a5ab1f7ae42dc234a36e1f147e4d
external-and-mods/gamescope/src/reshade/deps/imgui/backends/imgui_impl_opengl2.cpp,gamescope,17414,fc7d65a1276e2b165c66c0d5b25bee7404013748c188d714891b1e532469a307
external-and-mods/gamescope/src/reshade/deps/imgui/backends/imgui_impl_opengl2.h,gamescope,2289,510c83dca436b3f2b96139391da84ef9304a00571a15fc983aa6d36ccd8cb9ff
external-and-mods/gamescope/src/reshade/deps/imgui/backends/imgui_impl_opengl3.cpp,gamescope,49590,01abd00f659bd33e450ef6592bf2bf2b2da3372e1b480591e36db1346a8b824b
external-and-mods/gamescope/src/reshade/deps/imgui/backends/imgui_impl_opengl3.h,gamescope,3529,470e961d725b9f2b04800f5fd5cc0fe725a891723a90af476b0fa2dade6862ec
external-and-mods/gamescope/src/reshade/deps/imgui/backends/imgui_impl_opengl3_loader.h,gamescope,36439,1cbbbca692740621cf8a3791b3f4c76f637269ace30097d8949fc3428d172c2d
external-and-mods/gamescope/src/reshade/deps/imgui/backends/imgui_impl_osx.h,gamescope,2542,d0c721727d6ca03b4683a174698350a4bd8032c95ad694deba635adc6736f94e
external-and-mods/gamescope/src/reshade/deps/imgui/backends/imgui_impl_osx.mm,gamescope,49075,bcfb849c4d5769dd0b32e80fae741f66d3bc461b5c4b45febe433a75e87bf59a
external-and-mods/gamescope/src/reshade/deps/imgui/backends/imgui_impl_sdl2.cpp,gamescope,58746,853a54c86c52efc6d0c553cd22dd1b50364fdd7e7f3a900182d59a621f20f632
external-and-mods/gamescope/src/reshade/deps/imgui/backends/imgui_impl_sdl2.h,gamescope,3216,5a3e56e6880b22825801d0dac813e263c40f1a646e11aa3316965a22d82d9ac0
external-and-mods/gamescope/src/reshade/deps/imgui/backends/imgui_impl_sdl3.cpp,gamescope,50760,38cdc37758f36863659dd24cdc09201174547ee235c182ccd5d62e9a6250cc45
external-and-mods/gamescope/src/reshade/deps/imgui/backends/imgui_impl_sdl3.h,gamescope,3462,df755991408c14ab0e6c0dad31d079bad376555e0f72511506e89565b18103d4
external-and-mods/gamescope/src/reshade/deps/imgui/backends/imgui_impl_sdlrenderer2.cpp,gamescope,11879,e578a084a81110d0bc9d73119ebb179b0d2372e5a30d21b00087ec8801abbc61
external-and-mods/gamescope/src/reshade/deps/imgui/backends/imgui_impl_sdlrenderer2.h,gamescope,2061,66db9bc0dfecadaf6579866f690c566a0868d48021731ddbf82d8a2c9a45279f
external-and-mods/gamescope/src/reshade/deps/imgui/backends/imgui_impl_sdlrenderer3.cpp,gamescope,11414,6ef5ec21be669783350d863774304551e36ebffb4702a681b5c88e7312eef7d3
external-and-mods/gamescope/src/reshade/deps/imgui/backends/imgui_impl_sdlrenderer3.h,gamescope,2069,927dc7e92ac1bd967df1b888d6f5453806a0edafd215a6693853c1d767a97d1a
external-and-mods/gamescope/src/reshade/deps/imgui/backends/imgui_impl_vulkan.cpp,gamescope,99895,11d0682346c99091be02b1c022e7f1b7f7e9524112badc948ca235ecd5643fac
external-and-mods/gamescope/src/reshade/deps/imgui/backends/imgui_impl_vulkan.h,gamescope,11268,d344ecf72ca417b72074eac0d4eb7ad194796c98090f10df04d3c48027c39291
external-and-mods/gamescope/src/reshade/deps/imgui/backends/imgui_impl_wgpu.cpp,gamescope,33731,405050d5131aaf9db849f02d5a4a7ffba864d2615e7147dea35166a1bf100a9b
external-and-mods/gamescope/src/reshade/deps/imgui/backends/imgui_impl_wgpu.h,gamescope,2288,89c157304db155fafc7d0f7c87d22b92dcdfbf55f548e7b7b359802e20eba630
external-and-mods/gamescope/src/reshade/deps/imgui/backends/imgui_impl_win32.cpp,gamescope,67662,349fbd54b98908c6ae595c6187ee854bdfca954daa4dd620e9ba15409f9cbfa9
external-and-mods/gamescope/src/reshade/deps/imgui/backends/imgui_impl_win32.h,gamescope,3560,f4508be7e0255aee25c49ac4e747c0da6aa1731de4b9f3b93cb611523b30f5a1
external-and-mods/gamescope/src/reshade/deps/imgui/backends/vulkan/generate_spv.sh,gamescope,254,c3abb9fe51a4c033003ddabfd97c79583c89675572225b2d7b615619b58ee798
external-and-mods/gamescope/src/reshade/deps/imgui/backends/vulkan/glsl_shader.frag,gamescope,249,77ae928b0eb30858ba2ea90f896c1c505d74dbdcd223df87e628898c28038836
external-and-mods/gamescope/src/reshade/deps/imgui/backends/vulkan/glsl_shader.vert,gamescope,454,50809004520a548046a5d139213a577a092fadea8761d5f4089f21df70c68a87
external-and-mods/gamescope/src/reshade/deps/imgui/docs/BACKENDS.md,gamescope,8898,0890ef8ed71ac282f81991dab2ae0d6ddd70afcca05fb1e56221d4f3139015b8
external-and-mods/gamescope/src/reshade/deps/imgui/docs/CHANGELOG.txt,gamescope,475854,2c950bdac74f9ef0125531e97fd3c37485ed63b8d9e51a5e780e82e7b985d665
external-and-mods/gamescope/src/reshade/deps/imgui/docs/CONTRIBUTING.md,gamescope,10123,9b308cd1ff4357c64e83c150b6eb8c94c075d1e6d517caa6d0aeb33cf6a01412
external-and-mods/gamescope/src/reshade/deps/imgui/docs/EXAMPLES.md,gamescope,12912,881dec8d429eadf6d15f38f9d2af550013541725231d7be8cf71be4d06d22a8c
external-and-mods/gamescope/src/reshade/deps/imgui/docs/FAQ.md,gamescope,45061,6fbabddd9b85fadc2a3ef763a4e03c63890192dcfe01788e3bbdf6737e4e348f
external-and-mods/gamescope/src/reshade/deps/imgui/docs/FONTS.md,gamescope,24284,9b94b5b176439a415d4281b45bdceff2a1f5000ec6790c56d7b8569df02b2960
external-and-mods/gamescope/src/reshade/deps/imgui/docs/README.md,gamescope,20686,ba3761d39294c9b2ebc289abdf3874b488793b00cedb32885a2390539037cf5f
external-and-mods/gamescope/src/reshade/deps/imgui/docs/TODO.txt,gamescope,38253,387d202d20af88431a9c4bda7765039da56b02aaa2e3ab125ebbb5633e9597fd
external-and-mods/gamescope/src/reshade/deps/imgui/examples/README.txt,gamescope,595,31bda8014593a0ff3d6e64a94fd4bbb7785e07e36844c510ba150d086b26b187
external-and-mods/gamescope/src/reshade/deps/imgui/examples/example_allegro5/README.md,gamescope,1659,4e13af50661d1d08335fd4c2eebb800a1511bb94e83d6d3a46aa749a0ec9cd43
external-and-mods/gamescope/src/reshade/deps/imgui/examples/example_allegro5/example_allegro5.vcxproj,gamescope,9769,25d62e379b60127dbb52be4beb348cd139b0631dd3720c2428010dedf2eb5de4
external-and-mods/gamescope/src/reshade/deps/imgui/examples/example_allegro5/example_allegro5.vcxproj.filters,gamescope,2014,b36e525c43ed14ea815c86ade45d7acdd6576d0ba8f8f1e4a339093048b6e152
external-and-mods/gamescope/src/reshade/deps/imgui/examples/example_allegro5/imconfig_allegro5.h,gamescope,556,0c3bf7813a06eaf40c89653c66a322826eeab17032677c5f6e1fb7e52792f335
external-and-mods/gamescope/src/reshade/deps/imgui/examples/example_allegro5/main.cpp,gamescope,7278,caa0587994b06e53e220b0d9eb493196415efa8e3474d1ea4d300cd45e46a94a
external-and-mods/gamescope/src/reshade/deps/imgui/examples/example_android_opengl3/CMakeLists.txt,gamescope,1156,d59fb499e2b450bdf7c62639c53df46d6c1dcef314b6c025e6751aa04948c53c
external-and-mods/gamescope/src/reshade/deps/imgui/examples/example_android_opengl3/android/.gitignore,gamescope,154,0f29fb1ec8d8a0318ef1e562d8351cd9cc7cf1e43e0db3f40c930795d08818f8
external-and-mods/gamescope/src/reshade/deps/imgui/examples/example_android_opengl3/android/app/build.gradle,gamescope,990,9d675e59608d39ec1bd85dd557b1bfbededaa1ac70b887a8a4488b9a9a188d17
external-and-mods/gamescope/src/reshade/deps/imgui/examples/example_android_opengl3/android/app/src/main/AndroidManifest.xml,gamescope,900,8d9f8a9e83da8f99345143119e898b1cd8acf7169ca01ca6208ce31c14dd36c8
external-and-mods/gamescope/src/reshade/deps/imgui/examples/example_android_opengl3/android/app/src/main/java/MainActivity.kt,gamescope,1513,153eb040f0f61c1c09f18b939d916a8f2e1896ec60955091fb540e63434aec30
external-and-mods/gamescope/src/reshade/deps/imgui/examples/example_android_opengl3/android/build.gradle,gamescope,420,bfbd4d7a327c13fc09c80a38d82d8cf4054dec38a657a164137407a03f1af8fb
external-and-mods/gamescope/src/reshade/deps/imgui/examples/example_android_opengl3/android/settings.gradle,gamescope,15,4b919cfffaed71637d1ee9c89f21f4247273e14eb8433afdcd0672eba906b41f
external-and-mods/gamescope/src/reshade/deps/imgui/examples/example_android_opengl3/main.cpp,gamescope,14749,98961085358a9383c36c68813b034e815fd5015a52478239399901c2a0909727
external-and-mods/gamescope/src/reshade/deps/imgui/examples/example_apple_metal/README.md,gamescope,343,3c15a1612c07141055ceab584b732e55f9880527de22bd2c9cc93448852a1ab0
external-and-mods/gamescope/src/reshade/deps/imgui/examples/example_apple_metal/example_apple_metal.xcodeproj/project.pbxproj,gamescope,26545,a0e3338f0233bbd56970acf5233b17ff7c4ff4a75c9135495191324ac51b488a
external-and-mods/gamescope/src/reshade/deps/imgui/examples/example_apple_metal/iOS/Info-iOS.plist,gamescope,1563,f1d7e2cb10ef6b10c3cf31ff705867dfa20969882b338865b055870b69238820
external-and-mods/gamescope/src/reshade/deps/imgui/examples/example_apple_metal/iOS/LaunchScreen.storyboard,gamescope,1805,108f181eedc6c4f03d1b3b53c1e6ce5c737663b4c33f63380a2557f1a6fcd51e
external-and-mods/gamescope/src/reshade/deps/imgui/examples/example_apple_metal/macOS/Info-macOS.plist,gamescope,941,97102296b109ad28aa43b6c27a15a1ef4cbe1ff03452655e8b206f08113d1f81
external-and-mods/gamescope/src/reshade/deps/imgui/examples/example_apple_metal/macOS/MainMenu.storyboard,gamescope,6256,790070eb4c5fce0b3e3a6b410f73c83c96f440b5df0906c3570bd760eb68ee28
external-and-mods/gamescope/src/reshade/deps/imgui/examples/example_apple_metal/main.mm,gamescope,12712,c110fc3abc45ba9852c82e707ff979e94b4e9b71c95af65b50dbf445d1bba2a1
external-and-mods/gamescope/src/reshade/deps/imgui/examples/example_apple_opengl2/example_apple_opengl2.xcodeproj/project.pbxproj,gamescope,15452,4ecc237c5b2716b9dc34a929fd28ab77a0062045be6ef9687bbbc6fc2743d00c
external-and-mods/gamescope/src/reshade/deps/imgui/examples/example_apple_opengl2/main.mm,gamescope,10546,13709a93df8daaebdad4a09d0ee4805e9dbcf952fe6d4384c0dca5b9ad8028cb
external-and-mods/gamescope/src/reshade/deps/imgui/examples/example_emscripten_wgpu/Makefile.emscripten,gamescope,2973,129dea48225f98def0dd2a73c1be6225ce837caad4c2fad4b8774a4a5a05be59
external-and-mods/gamescope/src/reshade/deps/imgui/examples/example_emscripten_wgpu/README.md,gamescope,2311,55ce1dae978c6df8ed64db604f6cedf47260ac745219c03564aee19cb1a4f6ec
external-and-mods/gamescope/src/reshade/deps/imgui/examples/example_emscripten_wgpu/main.cpp,gamescope,12093,e746ae642b9723c37a7731b362bc1fc2cbe73b9990787bdc0e1081525151aea2
external-and-mods/gamescope/src/reshade/deps/imgui/examples/example_glfw_metal/Makefile,gamescope,1288,387b7385b278528e48f7fc04727403f2f3a12c596b7e91aae477a4e958e8de96
external-and-mods/gamescope/src/reshade/deps/imgui/examples/example_glfw_metal/main.mm,gamescope,9195,f91c665697807a47034931ac915f0d1ccd5c3bad2bbf90282dbe73fc72d5ff22
external-and-mods/gamescope/src/reshade/deps/imgui/examples/example_glfw_opengl2/Makefile,gamescope,2154,8d53d199e110af55dffb8ede7ad7aee702625c02db79d00da1b3f49c5d367192
external-and-mods/gamescope/src/reshade/deps/imgui/examples/example_glfw_opengl2/build_win32.bat,gamescope,553,dddb6ab5b698cb60b1c1a1fde353c7fb2aa6b572f1286daa5b6378f8bde4f015
external-and-mods/gamescope/src/reshade/deps/imgui/examples/example_glfw_opengl2/example_glfw_opengl2.vcxproj,gamescope,10080,eae7e2cc611ed91bab15eb9cab9a01994bacc67db971c5ffbcfa241c4bfb811d
external-and-mods/gamescope/src/reshade/deps/imgui/examples/example_glfw_opengl2/example_glfw_opengl2.vcxproj.filters,gamescope,2137,1a2a0f8f8219ee33b0671da2a4695b8c5a8e94087d610e3622f908fb813716f5
external-and-mods/gamescope/src/reshade/deps/imgui/examples/example_glfw_opengl2/main.cpp,gamescope,9326,058da8ecc81b0c48cd9b9c7a3aad021a3d525b90dad338e83740e4fd06e9e050
external-and-mods/gamescope/src/reshade/deps/imgui/examples/example_glfw_opengl3/Makefile,gamescope,2485,3f9e8d5171627e61635436369bde6707b21d357e96ca25a452e41a7c5c36a542
external-and-mods/gamescope/src/reshade/deps/imgui/examples/example_glfw_opengl3/Makefile.emscripten,gamescope,3133,c8484aa34718f57d04ff19844851e597b32afff1edea0f7ffd76479fc45cef92
external-and-mods/gamescope/src/reshade/deps/imgui/examples/example_glfw_opengl3/build_win32.bat,gamescope,553,ad90a2905a5da3a2713383c25ae3746ea87ffbc30cef508a6d13631997dff69c
external-and-mods/gamescope/src/reshade/deps/imgui/examples/example_glfw_opengl3/example_glfw_opengl3.vcxproj,gamescope,10152,529aa1bcd941eb16bffa5b83003a9ed00b529ee5d8df900f106c4a8117d49f42
external-and-mods/gamescope/src/reshade/deps/imgui/examples/example_glfw_opengl3/example_glfw_opengl3.vcxproj.filters,gamescope,2257,0437bfd9da1906917db8f8d850c91cca6785220ba31df5909be3adc706c13016
external-and-mods/gamescope/src/reshade/deps/imgui/examples/example_glfw_opengl3/main.cpp,gamescope,10591,65d6f22f32d76c89f2e120e7d2e7f124d5017c8bb3938ac826ef55b37b5abc3a
external-and-mods/gamescope/src/reshade/deps/imgui/examples/example_glfw_vulkan/CMakeLists.txt,gamescope,1658,6e6227b32a617cf0772cece1ef89f30bb89e47f53adc97ab494cd8e0f090c530
external-and-mods/gamescope/src/reshade/deps/imgui/examples/example_glfw_vulkan/build_win32.bat,gamescope,807,8f8d2857fc669ad86b39d442ad5ef11fe27149dce127d763e35de164b9c9153f
external-and-mods/gamescope/src/reshade/deps/imgui/examples/example_glfw_vulkan/build_win64.bat,gamescope,768,caf92388114ee8140d2059cb4817109e3451e1c119da77c9be06f7fd14e973ec
external-and-mods/gamescope/src/reshade/deps/imgui/examples/example_glfw_vulkan/example_glfw_vulkan.vcxproj,gamescope,10669,29ead048661634225164257a13d14a0bdad34611cc23bb52539c37f72d239a0a
external-and-mods/gamescope/src/reshade/deps/imgui/examples/example_glfw_vulkan/example_glfw_vulkan.vcxproj.filters,gamescope,2135,ccc046f87f51b2ca98fb6293c30d9ae7d735eb7153777df272c92543c8ab81d4
external-and-mods/gamescope/src/reshade/deps/imgui/examples/example_glfw_vulkan/main.cpp,gamescope,25750,56f79ed71d94775ede59594407657e2537b4a0cffafa5c4329a2b4db273b32e6
external-and-mods/gamescope/src/reshade/deps/imgui/examples/example_glut_opengl2/Makefile,gamescope,1955,bd30313c292667a24c5d333c72c714c043106c51c7159b66512bbcc20edee6c4
external-and-mods/gamescope/src/reshade/deps/imgui/examples/example_glut_opengl2/example_glut_opengl2.vcxproj,gamescope,10076,9d2412a3effdc4f49da10d5dc417b255117edf19acf97da236e0d58dbb8bb201
external-and-mods/gamescope/src/reshade/deps/imgui/examples/example_glut_opengl2/example_glut_opengl2.vcxproj.filters,gamescope,2137,943a0d7d7fa3b9373b6cd1bbda5ec8e4e6aedebdaa163f6e0739489a61ccacec
external-and-mods/gamescope/src/reshade/deps/imgui/examples/example_glut_opengl2/main.cpp,gamescope,7834,c28b5cb02d93ec488f2fec37c90cc3043471beac90e5ce4a01ff0fdc0ccde9eb
external-and-mods/gamescope/src/reshade/deps/imgui/examples/example_null/Makefile,gamescope,2701,2c36a6ad9417b4d8b0aeed2f8a59367bf8bfefa6b03e630d0941e575e722b22d
external-and-mods/gamescope/src/reshade/deps/imgui/examples/example_null/build_win32.bat,gamescope,260,12722237a9a714b61da6e0966ad2cf4a26eb590a46fcbd102e0eb28a2f306c7a
external-and-mods/gamescope/src/reshade/deps/imgui/examples/example_null/main.cpp,gamescope,1081,34bb81f29b7095461a184b24720378d102dbe2a9e7f4084171a796343947e616
external-and-mods/gamescope/src/reshade/deps/imgui/examples/example_sdl2_directx11/build_win32.bat,gamescope,697,68d7fd9c058ba3712e5520c7c1fbcdfd17d5da30d41742f8fbeac309538af468
external-and-mods/gamescope/src/reshade/deps/imgui/examples/example_sdl2_directx11/example_sdl2_directx11.vcxproj,gamescope,10471,a8a8e3573ac1f27b5191ebd7b991981bd043944018b83b676dd933d3e99849da
external-and-mods/gamescope/src/reshade/deps/imgui/examples/example_sdl2_directx11/example_sdl2_directx11.vcxproj.filters,gamescope,2057,684dabb0a03a6f99f99c970c13d66f7e78edd2d7455e0b68f8f1f22669d6c4da
external-and-mods/gamescope/src/reshade/deps/imgui/examples/example_sdl2_directx11/main.cpp,gamescope,11594,68bf1a9b70fca3b930548df50adfa42aaec49f70925f39617ec84b2bdfdec4f7
external-and-mods/gamescope/src/reshade/deps/imgui/examples/example_sdl2_metal/Makefile,gamescope,1257,aec1ac5e25ed423d9d25d5711be7114bb9a8cc2e5e62c641a4c0eaf579935856
external-and-mods/gamescope/src/reshade/deps/imgui/examples/example_sdl2_metal/main.mm,gamescope,10039,d7c8c8394b08096a6ba41cf2885775b4ee52bee7c7a55098eadf24a65b39e3a7
external-and-mods/gamescope/src/reshade/deps/imgui/examples/example_sdl2_opengl2/Makefile,gamescope,2095,7112397f365b176ee6c9993b2bf617174bfaf850a741dfa4aafe2e629ae7cf61
external-and-mods/gamescope/src/reshade/deps/imgui/examples/example_sdl2_opengl2/README.md,gamescope,1451,32e40535989090c89a85eb0fa455e85ef24b5411a18fff435d716e97c756c000
external-and-mods/gamescope/src/reshade/deps/imgui/examples/example_sdl2_opengl2/build_win32.bat,gamescope,564,241a0d303a9dd5260906223ee63b9a4b723c4cd3e17500188b4d060a1648e69f
external-and-mods/gamescope/src/reshade/deps/imgui/examples/example_sdl2_opengl2/example_sdl2_opengl2.vcxproj,gamescope,10248,0185060bb027424de5951468f3322a082145190f1864bf5f417acf878e1f343d
external-and-mods/gamescope/src/reshade/deps/imgui/examples/example_sdl2_opengl2/example_sdl2_opengl2.vcxproj.filters,gamescope,2137,71ffca9592f8fac57559c9645f2b6807a9a0a8231f8391c3c4de22f958822aea
external-and-mods/gamescope/src/reshade/deps/imgui/examples/example_sdl2_opengl2/main.cpp,gamescope,9408,f16c033084c2bb28af2b8affcd44e25f6eff1320721f837e1588091eb0fe008f
external-and-mods/gamescope/src/reshade/deps/imgui/examples/example_sdl2_opengl3/Makefile,gamescope,2581,f8306c387dd6b0248986f0f7fe1ebd20e2cd6ae796b6085c88971d5ef75359ee
external-and-mods/gamescope/src/reshade/deps/imgui/examples/example_sdl2_opengl3/Makefile.emscripten,gamescope,3138,8c8e81ead07f4f9041e13cd77bf5a22b8c7e9c0454e4aa4e665f17bdf0b2ebea
external-and-mods/gamescope/src/reshade/deps/imgui/examples/example_sdl2_opengl3/README.md,gamescope,3742,1d8f78f864173a1ff94d8a90304e9ba1f4f41f888883e020a46f8238dd7268b5
external-and-mods/gamescope/src/reshade/deps/imgui/examples/example_sdl2_opengl3/build_win32.bat,gamescope,564,83676ce67ded3b27eca4c055c6d6189cea3600bee522eb94ecbdbc0df653c9c9
external-and-mods/gamescope/src/reshade/deps/imgui/examples/example_sdl2_opengl3/example_sdl2_opengl3.vcxproj,gamescope,10320,871ca4f9ba68da4085134104863284d7871e57b3b448c33dcdfd13b440082783
external-and-mods/gamescope/src/reshade/deps/imgui/examples/example_sdl2_opengl3/example_sdl2_opengl3.vcxproj.filters,gamescope,2257,8d2f278f1e4773d7f4704dc81572b163b345f568d967e7586b74dd879c745b3f
external-and-mods/gamescope/src/reshade/deps/imgui/examples/example_sdl2_opengl3/main.cpp,gamescope,10933,982a0f3175e54752b7c9b3221c7e96b499afa5a5539a6890018797fa07832924
external-and-mods/gamescope/src/reshade/deps/imgui/examples/example_sdl2_sdlrenderer2/Makefile,gamescope,2105,fda4ab50e7aecef013532425c2fc74bc6c708869dba25d905fc4e786e4f5b702
external-and-mods/gamescope/src/reshade/deps/imgui/examples/example_sdl2_sdlrenderer2/README.md,gamescope,1338,9410869e4d7e14af0e6ebdbfedbe42a41cb2f3944e2260ee7cf4a09488308e3c
external-and-mods/gamescope/src/reshade/deps/imgui/examples/example_sdl2_sdlrenderer2/build_win32.bat,gamescope,549,54608712fa43ad7bea8c9d69dfd9c57838fd552ff68fe0be29acd4816c0431c0
external-and-mods/gamescope/src/reshade/deps/imgui/examples/example_sdl2_sdlrenderer2/example_sdl2_sdlrenderer2.vcxproj,gamescope,10111,b1104b89b042e7392806c35c9b4605bff8e9ff515de60ec02d643f8ee6ff7517
external-and-mods/gamescope/src/reshade/deps/imgui/examples/example_sdl2_sdlrenderer2/example_sdl2_sdlrenderer2.vcxproj.filters,gamescope,2149,a3ffd260f30290b00e57766c33a1831a7d1be61df6e60be4f0a30df07d9fb54a
external-and-mods/gamescope/src/reshade/deps/imgui/examples/example_sdl2_sdlrenderer2/main.cpp,gamescope,8099,15996dd3f87699d1f99b1124c14f67d34e95f65083062174d3efeadabbb7988c
external-and-mods/gamescope/src/reshade/deps/imgui/examples/example_sdl2_vulkan/build_win32.bat,gamescope,637,36c5a113f1ab7a23af84f95650bb47a00327707e12f3365a40deeb85d8186a8c
external-and-mods/gamescope/src/reshade/deps/imgui/examples/example_sdl2_vulkan/example_sdl2_vulkan.vcxproj,gamescope,10837,16d91764ddba8393c04f4927272972d3c0052386e5f3161b4392db2f8828213e
external-and-mods/gamescope/src/reshade/deps/imgui/examples/example_sdl2_vulkan/example_sdl2_vulkan.vcxproj.filters,gamescope,2135,7d3a7f85a22b971e05db80f121c3f696c773e7e6232c69e067c0cce3602c7e47
external-and-mods/gamescope/src/reshade/deps/imgui/examples/example_sdl2_vulkan/main.cpp,gamescope,25781,0926fc55eef9c4724efd46cb3ee1a2fe6ee6cd6aab6ce861f42b38563872d8cd
external-and-mods/gamescope/src/reshade/deps/imgui/examples/example_sdl3_opengl3/Makefile,gamescope,2498,f22c2d0cdc1d8227e87269ba43f73b01ce671c0427c97df8b8b46b2a937fbb0e
external-and-mods/gamescope/src/reshade/deps/imgui/examples/example_sdl3_opengl3/Makefile.emscripten,gamescope,3302,edfed97578a77f5c36aa029863d50a65e3907febfa5b524658f9bb5edd7c2ec1
external-and-mods/gamescope/src/reshade/deps/imgui/examples/example_sdl3_opengl3/README.md,gamescope,1656,76a1ab5330be79485e12bfe4980ab0b25a8eff7554ecfeb78c08add0f339c9f6
external-and-mods/gamescope/src/reshade/deps/imgui/examples/example_sdl3_opengl3/build_win32.bat,gamescope,551,837f6c7c7ecb9992d290be52d6d31f8efa521f20a57d34fd5fc489693310406d
external-and-mods/gamescope/src/reshade/deps/imgui/examples/example_sdl3_opengl3/example_sdl3_opengl3.vcxproj,gamescope,10268,6ec1ada23aad38509e26c8962a5a3110438abe8e6427e33b0859c373ad20c485
external-and-mods/gamescope/src/reshade/deps/imgui/examples/example_sdl3_opengl3/example_sdl3_opengl3.vcxproj.filters,gamescope,2257,7ca0c1218f9f853c2669c5701a27ddda8eb0c693c967579e844ad561fa3b9dda
external-and-mods/gamescope/src/reshade/deps/imgui/examples/example_sdl3_opengl3/main.cpp,gamescope,10887,34582d5eaf0e06c02961a85b09e5fd106b7710188882e12b177f186560038354
external-and-mods/gamescope/src/reshade/deps/imgui/examples/example_sdl3_sdlrenderer3/Makefile,gamescope,2050,a096b19b2f083282746bc8970a3f1cfa74612d59f2f0839210b59286619e9084
external-and-mods/gamescope/src/reshade/deps/imgui/examples/example_sdl3_sdlrenderer3/build_win32.bat,gamescope,536,f94076362e1ae3a99e631ce3546817d61e27665cbe0a94886faac7227cea4c13
external-and-mods/gamescope/src/reshade/deps/imgui/examples/example_sdl3_sdlrenderer3/example_sdl3_sdlrenderer3.vcxproj,gamescope,10206,79ae87d477e9e691a20d0a3b6fdd69661af33abae6929c0a98e4bf601a3c188b
external-and-mods/gamescope/src/reshade/deps/imgui/examples/example_sdl3_sdlrenderer3/example_sdl3_sdlrenderer3.vcxproj.filters,gamescope,2147,e0c7991d64b7c0bb4eeb38e87b22664fcec46471dd00ef0908b704d6fbdf62b2
external-and-mods/gamescope/src/reshade/deps/imgui/examples/example_sdl3_sdlrenderer3/main.cpp,gamescope,8445,3d3ea8e856d9afb86e1436ccb289a2db265e610f1d01dd3bcc3ea6ba1b7063c5
external-and-mods/gamescope/src/reshade/deps/imgui/examples/example_win32_directx10/build_win32.bat,gamescope,620,3e4e70b23bfb3a570a358ed11c6015d1f5e73fb960ce3d95811ffa7fb92986e8
external-and-mods/gamescope/src/reshade/deps/imgui/examples/example_win32_directx10/example_win32_directx10.vcxproj,gamescope,9499,92ee5cae248008b670d36491fc9ea8b7e12190aecc9e953e71e6359788a6e9af
external-and-mods/gamescope/src/reshade/deps/imgui/examples/example_win32_directx10/example_win32_directx10.vcxproj.filters,gamescope,2059,ff918661428a1cc39d54889a0424ce0984050f0ff32aaf76b228624a06df614d
external-and-mods/gamescope/src/reshade/deps/imgui/examples/example_win32_directx10/main.cpp,gamescope,11740,f5b08b7a0b33838aaff774dbdd35592439ee3d50c7d5fae8ce80a8275b613cb8
external-and-mods/gamescope/src/reshade/deps/imgui/examples/example_win32_directx11/build_win32.bat,gamescope,621,e51ec8807f532ecc2e40b6309942304e9946fb12caf6788c69824fe6b44b90f3
external-and-mods/gamescope/src/reshade/deps/imgui/examples/example_win32_directx11/example_win32_directx11.vcxproj,gamescope,9429,dab3be95054790958e8ed63e4d0e59cd9d6ff9523d0413383737b0378e36d699
external-and-mods/gamescope/src/reshade/deps/imgui/examples/example_win32_directx11/example_win32_directx11.vcxproj.filters,gamescope,2059,95da12fdd393abf7e1bb34ceaf04b0b54b20a9e6489973df8aa44cf376aad151
external-and-mods/gamescope/src/reshade/deps/imgui/examples/example_win32_directx11/main.cpp,gamescope,13209,4770a559353235eefb88af8b48f790d6c2930619223fe7f7311fec75b3edef0f
external-and-mods/gamescope/src/reshade/deps/imgui/examples/example_win32_directx12/build_win32.bat,gamescope,708,84ae1a8f488a3bf4294d5373001e5a1c029dfc56f1b206112d9e2bba0598d7b4
external-and-mods/gamescope/src/reshade/deps/imgui/examples/example_win32_directx12/example_win32_directx12.vcxproj,gamescope,9821,4bc24f47bd2f8640906270f56981f5ec6dda4b43a6bf10ba7eadd81c62f9861f
external-and-mods/gamescope/src/reshade/deps/imgui/examples/example_win32_directx12/example_win32_directx12.vcxproj.filters,gamescope,2094,680111bb638b973057ba73695b5dfe78fe8c4802f92555f29ad2fbd38c2cabf3
external-and-mods/gamescope/src/reshade/deps/imgui/examples/example_win32_directx12/main.cpp,gamescope,20693,6e6e40610d5344435fe24b9ff5643f2b56005f759f50f1ae972afe0df9541ccb
external-and-mods/gamescope/src/reshade/deps/imgui/examples/example_win32_directx9/build_win32.bat,gamescope,536,82fa2a3c252e19db1015487e6e04b3aa91f2c7e128ca8c8a82f298ea4a55897d
external-and-mods/gamescope/src/reshade/deps/imgui/examples/example_win32_directx9/example_win32_directx9.vcxproj,gamescope,9472,314f9a4441cf230028987f9a073b82622b4ec207fc8cdd124c4c817152ac02ad
external-and-mods/gamescope/src/reshade/deps/imgui/examples/example_win32_directx9/example_win32_directx9.vcxproj.filters,gamescope,2131,35f5054588f6cae26ec2bc1d0720892008e12a4cd5e869b20e254c7142ba76fc
external-and-mods/gamescope/src/reshade/deps/imgui/examples/example_win32_directx9/main.cpp,gamescope,12140,0456ac49ede630c8f0ce4a15fbdfd7748d45ae0a7510a89e257172398d6a00cc
external-and-mods/gamescope/src/reshade/deps/imgui/examples/example_win32_opengl3/build_win32.bat,gamescope,487,602ed6c5e6a0bf61d63958cae108ad6c253042d0a64be219a93739bab79c33b9
external-and-mods/gamescope/src/reshade/deps/imgui/examples/example_win32_opengl3/example_win32_opengl3.vcxproj,gamescope,9207,1553465c90e6b401f10e7296ae5d0be7cd3a1e1dc4dbddb1e527db041b0a05a0
external-and-mods/gamescope/src/reshade/deps/imgui/examples/example_win32_opengl3/example_win32_opengl3.vcxproj.filters,gamescope,2152,c2c972570bdcb114c1adb6b5d018608e445a069264b97519d57d2ca7aba8eb0a
external-and-mods/gamescope/src/reshade/deps/imgui/examples/example_win32_opengl3/main.cpp,gamescope,12539,de895257898dc6ecba3ed3192d7b15b37a09497e52a453ef01334f3c34f2dc93
external-and-mods/gamescope/src/reshade/deps/imgui/examples/imgui_examples.sln,gamescope,11136,8bea1f1c8c41d7b4775b4ffe91462d0ece899deca191d75c59bf7523804c46e3
external-and-mods/gamescope/src/reshade/deps/imgui/examples/libs/emscripten/emscripten_mainloop_stub.h,gamescope,2668,ca2b6554f448b87ea76386f81ca79998c8ebc71d6f49b4c525feea99823c69c6
external-and-mods/gamescope/src/reshade/deps/imgui/examples/libs/emscripten/shell_minimal.html,gamescope,2264,335ca4947ffdf270a47fa2ed6d8618715b1aeb6850065e115337611c555351eb
external-and-mods/gamescope/src/reshade/deps/imgui/examples/libs/glfw/COPYING.txt,gamescope,934,da2fb2c802537710cdebe8881b55356d07b88a6dbd7e4b912ac3091f8e6b5f6a
external-and-mods/gamescope/src/reshade/deps/imgui/examples/libs/glfw/include/GLFW/glfw3.h,gamescope,151427,cccbda83db22f05a1b8a4d305b5da52499ea5b1a557516d55ecbcb33f70e96f3
external-and-mods/gamescope/src/reshade/deps/imgui/examples/libs/glfw/include/GLFW/glfw3native.h,gamescope,13600,a25d3a5a1e0d2af35b5a3cdc5cd75bb3314f01fe1366020d47ab666685932bed
external-and-mods/gamescope/src/reshade/deps/imgui/examples/libs/glfw/lib-vc2010-32/glfw3.lib,gamescope,187376,2e00d21cfb87d1a390d8e31237b1cc7dd6aeb00ff7eaade82640412496259b9c
external-and-mods/gamescope/src/reshade/deps/imgui/examples/libs/glfw/lib-vc2010-64/glfw3.lib,gamescope,291120,aa4f5523a503e1c2aee397f9c252cb78d1c5c85be39e325d5723bd8969152e7b
external-and-mods/gamescope/src/reshade/deps/imgui/examples/libs/usynergy/README.txt,gamescope,278,98740c2d17218ed0e567e2b54d9342957544217c3a8e6f610b6247cd938d8904
external-and-mods/gamescope/src/reshade/deps/imgui/examples/libs/usynergy/uSynergy.c,gamescope,18289,920599393e47b11f040e98dc64efd3c06421fbdc917e5aa706ab50788a97143e
external-and-mods/gamescope/src/reshade/deps/imgui/examples/libs/usynergy/uSynergy.h,gamescope,16644,b1a63eec318d9ac91f370c5f67a5628e2e808ddd90bb8722832a62465677014a
external-and-mods/gamescope/src/reshade/deps/imgui/imconfig.h,gamescope,10507,a253e82c1960f8aa7594a51a8ac606a6235738c923f12d67a7742e88bf07ed63
external-and-mods/gamescope/src/reshade/deps/imgui/imgui.cpp,gamescope,1109097,f9f4795e82cedbfe9dd42b91d32bf59da3b76196263a351ee9475da0d049473d
external-and-mods/gamescope/src/reshade/deps/imgui/imgui.h,gamescope,361255,23266bcc23f307e7015e05cefb590230e57f388785a6d15e98e2e34ed59403b4
external-and-mods/gamescope/src/reshade/deps/imgui/imgui_demo.cpp,gamescope,458877,3dea81b2bf011a37f9a5629b4af4444d1e07d8ab8b3bb9140d0e0d747b534715
external-and-mods/gamescope/src/reshade/deps/imgui/imgui_draw.cpp,gamescope,222958,384d48618ef74fc41ea987570cd978e2958cd1df49ed55277d13a2ee15b3a685
external-and-mods/gamescope/src/reshade/deps/imgui/imgui_internal.h,gamescope,289840,0a8de5f5cac9e363283758d1adcd9abe2d9b1582cf16174ff7f6870745b06b0e
external-and-mods/gamescope/src/reshade/deps/imgui/imgui_tables.cpp,gamescope,237948,f2ed29a8eb6ef19883a80bf1727120ed2962c0a28e584d4cf70f34f8d061f567
external-and-mods/gamescope/src/reshade/deps/imgui/imgui_widgets.cpp,gamescope,450767,0f28d49020a302f6710f27576d264eab5ea03fd2341ac6c5c3e9d1a3acb7cb68
external-and-mods/gamescope/src/reshade/deps/imgui/imstb_rectpack.h,gamescope,20344,2efa3d5f7d003c19743b15155dad9f46d9f9fc783a18893d703b431d3c990972
external-and-mods/gamescope/src/reshade/deps/imgui/imstb_textedit.h,gamescope,55207,6cb9de88e714f42bdbdc25ba190f01e346a2b6eba727c2044acccc7e70966c70
external-and-mods/gamescope/src/reshade/deps/imgui/imstb_truetype.h,gamescope,199484,5b7693f174b0458c7bec5522c8d6be4fe606d3f5da5082351959c14e59269b53
external-and-mods/gamescope/src/reshade/deps/imgui/misc/README.txt,gamescope,998,c00e156900bcd0db58bfaee14027dd69fcc33c3cce7533b546fdc00dcc9e58dc
external-and-mods/gamescope/src/reshade/deps/imgui/misc/cpp/README.txt,gamescope,586,0adaaf5b7570c7362e31caa1c57f08f2529824a7b27d1fdbad1edfa0f0f1e6a0
external-and-mods/gamescope/src/reshade/deps/imgui/misc/cpp/imgui_stdlib.cpp,gamescope,3357,42a0d3681b4b36f90319781e270d3d929bf6e7a4910e0fcf7e909ab1d1a3b81f
external-and-mods/gamescope/src/reshade/deps/imgui/misc/cpp/imgui_stdlib.h,gamescope,1172,0fbdaacb828e8bf8e061bde0f4eb6c81e1fea128eb405ba866113f38bf1fe3f5
external-and-mods/gamescope/src/reshade/deps/imgui/misc/debuggers/README.txt,gamescope,487,b3e81b9ea21da580e156bae0735281d52a22a2c554185809410ad16b808d26bd
external-and-mods/gamescope/src/reshade/deps/imgui/misc/debuggers/imgui.gdb,gamescope,555,6ed919f8564eb404b730441a95ef6f6a612a91005e09d6adf16ff9c291930cbb
external-and-mods/gamescope/src/reshade/deps/imgui/misc/debuggers/imgui.natstepfilter,gamescope,1419,5405d61cac535ebe28b8599ead5dad2039fc9e5cce0a3e46cee9140bea0fb267
external-and-mods/gamescope/src/reshade/deps/imgui/misc/debuggers/imgui.natvis,gamescope,2179,d19e014ea1fb710f558a61a3e927b7fe99235f1e3f0ac3747faf08b1144b8c29
external-and-mods/gamescope/src/reshade/deps/imgui/misc/fonts/Cousine-Regular.ttf,gamescope,43912,0d5d5eeb6a342432bd63a3c0d16e8470160e019933ee5af3e159d06d665dacce
external-and-mods/gamescope/src/reshade/deps/imgui/misc/fonts/DroidSans.ttf,gamescope,190044,4e2371bc0e4cf6983342e150412f140da79d674c9be0b56458401f581072ecd3
external-and-mods/gamescope/src/reshade/deps/imgui/misc/fonts/Karla-Regular.ttf,gamescope,16848,907c55a993e35b3ae4f3b8b8c28367f4b6d431df8e9ca6fbd382d8317dd3684e
external-and-mods/gamescope/src/reshade/deps/imgui/misc/fonts/ProggyClean.ttf,gamescope,41208,527d2a443ce051f93f7e77b855609722b8cb220a9f104b4aa037be5c90b71324
external-and-mods/gamescope/src/reshade/deps/imgui/misc/fonts/ProggyTiny.ttf,gamescope,35656,79bf8d3896ba83ae2f9c4fa214dce8fc689eae47950474947a4cc5c6e14a9bfc
external-and-mods/gamescope/src/reshade/deps/imgui/misc/fonts/Roboto-Medium.ttf,gamescope,162588,8559132c89ad51d8a2ba5b171887a44a7ba93776e205f553573de228e64b45f8
external-and-mods/gamescope/src/reshade/deps/imgui/misc/fonts/binary_to_compressed_c.cpp,gamescope,13792,7bcd5f00dfb4b30724881e91d7a1e613cd3be1f4b0329bb0d574992c29a0cf52
external-and-mods/gamescope/src/reshade/deps/imgui/misc/freetype/README.md,gamescope,2502,8afc3cab3fb3f0a285cb48108be41adb98362173721a185bda3142d09b954c2e
external-and-mods/gamescope/src/reshade/deps/imgui/misc/freetype/imgui_freetype.cpp,gamescope,46376,f6bd843e7337f7c5b5e8129919f2c2257dc60b1676c31791ef8579083ac853f3
external-and-mods/gamescope/src/reshade/deps/imgui/misc/freetype/imgui_freetype.h,gamescope,3599,3ffa4d9197822fb2c040633206c1a8340794ed13f8832ec5f561c927ec6d650d
external-and-mods/gamescope/src/reshade/deps/imgui/misc/single_file/imgui_single_file.h,gamescope,994,a42f63e51656ee69a9dcc47aec31c0ddb518b593e3455dfe3e9a1b8cf4c71197
external-and-mods/gamescope/src/reshade/deps/imgui_config.cpp,gamescope,85,b6d1fbf588d0ed7b35606cae11d6854507ccaa51cb7cf580ef95c7173b2179a2
external-and-mods/gamescope/src/reshade/deps/imgui_config.hpp,gamescope,108,a1a4fcf74f0447c9526b9732bec0d69fb75a7ba3bf6eb1d716ecac3002473449
external-and-mods/gamescope/src/reshade/deps/minhook/.editorconfig,gamescope,410,29c2f29d3dfd30afc5a1545462fae0746e4dc55ccc93802c134f5092d50038ae
external-and-mods/gamescope/src/reshade/deps/minhook/.gitignore,gamescope,355,b0c5306a19eb742897725de483fba46063d36a9e56ceae48c87e6c084fdd352c
external-and-mods/gamescope/src/reshade/deps/minhook/AUTHORS.txt,gamescope,214,073b4e8b0a5a0cd9f4dfa838369f4fc7a4f47151d930b4e1fd891644060a897f
external-and-mods/gamescope/src/reshade/deps/minhook/LICENSE.txt,gamescope,4365,d5c2224982b0b95a16b098a561335fa93f3eaf4d0aa964b7843edb986df78dc8
external-and-mods/gamescope/src/reshade/deps/minhook/README.md,gamescope,4125,30dc93adb05254a3c9cf15ba8c5cdead1705e42a3741fcf487e5f37869a00ff1
external-and-mods/gamescope/src/reshade/deps/minhook/dll_resources/MinHook.def,gamescope,252,6f7c105459a8739899a78371a9e962a5b8979170e2a51c06534417e6a04198f6
external-and-mods/gamescope/src/reshade/deps/minhook/dll_resources/MinHook.rc,gamescope,879,f311011f4eaab2664bce084d19125e2c8a564f507f2133866394c99d5814ff98
external-and-mods/gamescope/src/reshade/deps/minhook/include/MinHook.h,gamescope,7503,90c0ebe628f33cde497edec646c13adae3f33a6b349acca2a2ea921dc34c2ad7
external-and-mods/gamescope/src/reshade/deps/minhook/src/buffer.c,gamescope,9809,264518ef018e0b8b1b37e75be7773a9dc39d98a0d57eb705e4769d2bc5aa5f83
external-and-mods/gamescope/src/reshade/deps/minhook/src/buffer.h,gamescope,1820,9769702bd625249e59a19ede05c84365fcc7707e1fa0e5df08df42227cee13e3
external-and-mods/gamescope/src/reshade/deps/minhook/src/hde/hde32.c,gamescope,9383,40fb87524aba0266fec60e33d0a5f371c432a7e2246c2060e15b967d9c975218
external-and-mods/gamescope/src/reshade/deps/minhook/src/hde/hde32.h,gamescope,2450,5132de5be8ac7a9d054420f5caef0fb01437faa892f03b3cdc77f795973bf15a
external-and-mods/gamescope/src/reshade/deps/minhook/src/hde/hde64.c,gamescope,9572,338f3124469ee1278dd51d3efb4a58dad42ff215cfd9f1aa8bfd160da830f7f5
external-and-mods/gamescope/src/reshade/deps/minhook/src/hde/hde64.h,gamescope,2602,e99aa4997bda14b534c614c3d8cb78a72c4aca91a1212c8b03ec605d1d75e36e
external-and-mods/gamescope/src/reshade/deps/minhook/src/hde/pstdint.h,gamescope,1662,604d1cdf45c5a95bc9cf1bbf39ca05ef83013541101d34971c5cd7577e3d5247
external-and-mods/gamescope/src/reshade/deps/minhook/src/hde/table32.h,gamescope,3508,43bf687a9fff071b5f46070db4d36c846f8e069cdc57485ee897c499aacdde23
external-and-mods/gamescope/src/reshade/deps/minhook/src/hde/table64.h,gamescope,3577,b774446d2f110ce954fb0a710f4693c5562ddbd8d56fe84106f2ee80db8b50a2
external-and-mods/gamescope/src/reshade/deps/minhook/src/hook.c,gamescope,25043,68f8a4784cc783754ba436dcbcfd367480ab042248a89338aec8fb0954c4d6ca
external-and-mods/gamescope/src/reshade/deps/minhook/src/trampoline.c,gamescope,10574,146215967881eec554918a34ede20db9a20b7165431a08c82ad5a7ed84c1ab93
external-and-mods/gamescope/src/reshade/deps/minhook/src/trampoline.h,gamescope,3759,53ed9934492320617a27bfd952ffe7f5b7a4a1d09963d4512447082fe7b727b4
external-and-mods/gamescope/src/reshade/deps/openvr/LICENSE,gamescope,1488,f56ff606104d4ef18e617921a75c73ad73b5a1a1d70c69590c29de16919e04ad
external-and-mods/gamescope/src/reshade/deps/openvr/headers/openvr.h,gamescope,276158,50f8f6b33148c2bb3d73b5d3a137c8e710bd329c91cdbd7c65b73aff2909f8d5
external-and-mods/gamescope/src/reshade/deps/openvr/src/ivrclientcore.h,gamescope,1246,07c8ce981a59fb7cd1dc30572f0c9972d98e6275e95527f0f7a74a18bc0cf846
external-and-mods/gamescope/src/reshade/deps/openxr/.appveyor.yml,gamescope,2046,b7d91d18fbb5a2891ec2313a0af882d201f771200b1c3c3424f99a5a7fc29e2b
external-and-mods/gamescope/src/reshade/deps/openxr/.azure-pipelines/nuget/NugetTemplate/OpenXR.Loader.nuspec,gamescope,733,d035e279f756cd85f1bc67446785bf6c639b38c0f9fbdd2d6f3429a7ad5a5d01
external-and-mods/gamescope/src/reshade/deps/openxr/.azure-pipelines/nuget/NugetTemplate/build/native/OpenXR.Loader.props,gamescope,314,3e10b3a1951165970fadb2570c65ff42980ff7932d737b9a532ab16f43c63d48
external-and-mods/gamescope/src/reshade/deps/openxr/.azure-pipelines/nuget/NugetTemplate/build/native/OpenXR.Loader.targets,gamescope,1827,52a68f8119383c7d6d9649dc3c774309428e56ace856798454360f5d6f9f5fa9
external-and-mods/gamescope/src/reshade/deps/openxr/.azure-pipelines/nuget/stage_nuget.ps1,gamescope,2589,0d6c5fa4b24965b4d0f4bf4af75c70c8b7b0640c4275f34273c46382a62966cf
external-and-mods/gamescope/src/reshade/deps/openxr/.azure-pipelines/openxr-sdk.yml,gamescope,372,132350a46cb79387bfee18a70f4256cab1ff5e68aefe75e7198ea412de9cce27
external-and-mods/gamescope/src/reshade/deps/openxr/.azure-pipelines/shared/build_jobs.yml,gamescope,6097,795bff746c6a602d4ae0fda1cb39819288ec1b2e7c4b6a91e95d700970106aa0
external-and-mods/gamescope/src/reshade/deps/openxr/.azure-pipelines/shared/build_linux.yml,gamescope,836,bdf931bb8ac12013b1bd756b62be0a6f20f11b11d7b8815191399b932042a920
external-and-mods/gamescope/src/reshade/deps/openxr/.azure-pipelines/shared/build_mingw.yml,gamescope,1449,0be09b5d51da56b08ba72b1c9b621ce7f96f8eaa1400dff85a8210861835556c
external-and-mods/gamescope/src/reshade/deps/openxr/.azure-pipelines/shared/build_msvc.yml,gamescope,1588,25c9f2c3b4138826c9aa32973735f845b43f878011fa99258f47a17fd52c7470
external-and-mods/gamescope/src/reshade/deps/openxr/.azure-pipelines/shared/check_clang_format.yml,gamescope,1022,e0bfcdf59048780a212da0f8c0e5ce35d6a8e0f95ed2a5dda69d22ae2abe2791
external-and-mods/gamescope/src/reshade/deps/openxr/.azure-pipelines/shared/check_file_format.yml,gamescope,924,1654588055d24119397f28770c2b499ae359df333bfd5de9f67d5f68ff739b58
external-and-mods/gamescope/src/reshade/deps/openxr/.azure-pipelines/shared/codespell.yml,gamescope,459,81e3118ee12fd62864a7ac78f2dba81dbb48a49170933fc87c1f40aa5bcbc1de
external-and-mods/gamescope/src/reshade/deps/openxr/.azure-pipelines/shared/generate_windows_matrix_build.py,gamescope,1246,8cf78c77457f9309b697896614b0030ce72d05c069a70ad489c49d02aee3f12f
external-and-mods/gamescope/src/reshade/deps/openxr/.azure-pipelines/shared/install_vulkan.ps1,gamescope,1055,7e39d5c91310e1db4518f2f6010a3ee7aeb736e81c6ef2f4a4734b2bd1f4e0f5
external-and-mods/gamescope/src/reshade/deps/openxr/.azure-pipelines/shared/organize_windows_artifacts.py,gamescope,1261,3cb17216449e659265bc415cf33fa24fc15ffdbf2ec471255063731043618414
external-and-mods/gamescope/src/reshade/deps/openxr/.azure-pipelines/shared/print_windows_artifact_names.py,gamescope,359,635de29c3c9a27ef53eb81de8ee9940d3b3f8ae57a6ee6cdecc58b83588a90c6
external-and-mods/gamescope/src/reshade/deps/openxr/.azure-pipelines/shared/shared.py,gamescope,589,b083cfa04872cba9440252b478a7da8670a5645347c6b64574c61e6b8458d122
external-and-mods/gamescope/src/reshade/deps/openxr/.editorconfig,gamescope,567,d0eb461581205861ffe48286ab68ad61ca550c8f0620ad13ccd21e4dfa665bdb
external-and-mods/gamescope/src/reshade/deps/openxr/.git-blame-ignore-revs,gamescope,1653,247303e2072e313358b82eb90cc0f78ed24381b96caf07062ea940c8fb57515d
external-and-mods/gamescope/src/reshade/deps/openxr/.gitattributes,gamescope,874,e3c6c1b996c141a2debd66aa30ceabdad6f699589582d21dadc35f970d0654e8
external-and-mods/gamescope/src/reshade/deps/openxr/.github/pull_request_template.md,gamescope,238,343aec7a67e4e570dfe51533abc3b2a0f74041bdc7d39ec0775c930452aa4835
external-and-mods/gamescope/src/reshade/deps/openxr/.github/scripts/CMakePresets.json,gamescope,2653,f7f129b9cdd21c6836a335f4a0c39d78783700c3598bbf6f2c555ae366ec5098
external-and-mods/gamescope/src/reshade/deps/openxr/.github/scripts/CMakePresets.json.license,gamescope,77,2c5d83f0db3bc1b96a7b6d4faecdec13f021aa0250ac57f90e27073892c4b648
external-and-mods/gamescope/src/reshade/deps/openxr/.github/scripts/generate_windows_matrix_build.py,gamescope,429,3c15edc3106dd4f4186f1d7f35a28052db4946d77f5df31f24755500d3485c52
external-and-mods/gamescope/src/reshade/deps/openxr/.github/scripts/install_vulkan.ps1,gamescope,1185,104481b389ff01eb54e1a95a201ce00fb4aa07794702b839f906e148cdc71faa
external-and-mods/gamescope/src/reshade/deps/openxr/.github/scripts/organize_windows_artifacts.py,gamescope,964,fbaea8c00134201abaa255e5bdf26e76bf6052d4cd140da16231dc0ec0ce8bcf
external-and-mods/gamescope/src/reshade/deps/openxr/.github/scripts/shared.py,gamescope,1715,7733cdbcde098bb9d192b825cd1b141e65e599e5b53f76d7aaabf8821bfb6702
external-and-mods/gamescope/src/reshade/deps/openxr/.github/workflows/android.yml,gamescope,2315,156693d5514fb7dbb71bb1f91dd5250d3753249edf291cbf035455828855a713
external-and-mods/gamescope/src/reshade/deps/openxr/.github/workflows/check_clang_format_and_codespell.yml,gamescope,1107,336e5d06cc3d4624a804ec29ff2abbaa928e5e00149be1c59e96f72044505d27
external-and-mods/gamescope/src/reshade/deps/openxr/.github/workflows/msvc-build-preset.yml,gamescope,1878,4df1e5741e3da8cc076d02d57d43e5972b4c5f2882ff0b126917f793db9e95d2
external-and-mods/gamescope/src/reshade/deps/openxr/.github/workflows/windows-matrix.yml,gamescope,2594,f8b645772b7e6fd8fd6c3d5ffe6248bfec9f79c972784ded228890a0a63c8a33
external-and-mods/gamescope/src/reshade/deps/openxr/.gitignore,gamescope,1210,c08e5778aa19b87c478fe8acb1e28aba9c84559180737e6858358875053f4486
external-and-mods/gamescope/src/reshade/deps/openxr/.mailmap,gamescope,1022,2c35c5c32e1dd0cae2f2b1075c894f2561a274b1a598f13ed04674621bd963e3
external-and-mods/gamescope/src/reshade/deps/openxr/.reuse/dep5,gamescope,4567,c71e4e5fd9d6a16460445ec76c6fc69bfbe4625db6c03d1e05619940e1ba3320
external-and-mods/gamescope/src/reshade/deps/openxr/CHANGELOG.SDK.md,gamescope,137987,a73e2208d707b570ffedd5acfe81e714b244b8a6340aa14945698a603363e9ab
external-and-mods/gamescope/src/reshade/deps/openxr/CMakeLists.txt,gamescope,6102,81f06687952f3111989588f5fad853718caf5fc7884fb37eccd9c92a1f8af3af
external-and-mods/gamescope/src/reshade/deps/openxr/CODE_OF_CONDUCT.md,gamescope,429,2cacff1639c493dd498c717e993b2f4b626cf2bbb907bd048e8989e3185abbf5
external-and-mods/gamescope/src/reshade/deps/openxr/COPYING.adoc,gamescope,5472,56e17fd90cc5ff1d930db979bfbfcffeb7f311a57068f435e14e4f0548b3a4fc
external-and-mods/gamescope/src/reshade/deps/openxr/LICENSE,gamescope,11358,cfc7749b96f63bd31c3c42b5c471bf756814053e847c10f3eb003417bc523d30
external-and-mods/gamescope/src/reshade/deps/openxr/LICENSES/Apache-2.0.txt,gamescope,10283,d3910dee6fe9fe134856d76268fe82adb1ade1ecf51b3568b7da6b94894b88f3
external-and-mods/gamescope/src/reshade/deps/openxr/LICENSES/BSD-3-Clause.txt,gamescope,1480,e11af671c491efac2f94c1d752bea92f4308ca2450c7d11e582e4b48c40e4de1
external-and-mods/gamescope/src/reshade/deps/openxr/LICENSES/BSL-1.0.txt,gamescope,1338,ced281c5b79c2d6bc368e557c738cba0892fa8b4f25cff0bbdf9d7f1b26b2070
external-and-mods/gamescope/src/reshade/deps/openxr/LICENSES/CC-BY-4.0.txt,gamescope,16814,b89aeb7c2a164a0576786dd2a8b57f2fb628b23981f0a06bd77e2f99a9befa0f
external-and-mods/gamescope/src/reshade/deps/openxr/LICENSES/CC0-1.0.txt,gamescope,6916,6a573fb2f9082662978cf21fb153096df0a1981deaea7dbc10a11046fe005d9f
external-and-mods/gamescope/src/reshade/deps/openxr/LICENSES/ISC.txt,gamescope,823,f2ec607f67bb0dd3053b49835b02110d5cd0f8eb6da3aac4dc0b142a6b299be9
external-and-mods/gamescope/src/reshade/deps/openxr/LICENSES/LicenseRef-Khronos-Free-Use-License-for-Software-and-Documentation.txt,gamescope,1036,631caf35cb7a21e2fa4e36617551d72566cc272619003857fe79b82399e8e8fa
external-and-mods/gamescope/src/reshade/deps/openxr/LICENSES/LicenseRef-KhronosSpecCopyright-WithNormativeWording-v10.txt,gamescope,2827,35dea6a17ed48dfac1e6ad8491332af7acee340681ffc61a631ec9a1656476ad
external-and-mods/gamescope/src/reshade/deps/openxr/LICENSES/LicenseRef-jsoncpp-public-domain.txt,gamescope,861,c8da3722b796121a751f8ea76d9edcad976de2313b23345a895154b448744ee0
external-and-mods/gamescope/src/reshade/deps/openxr/LICENSES/MIT.txt,gamescope,1108,8f25018489d6fe0dec34a352314c38dc146247b7de65735790f4398a92afa84b
external-and-mods/gamescope/src/reshade/deps/openxr/LICENSES/OFL-1.1-RFN.txt,gamescope,4292,797832eda5ff4360a10fee3be94a3250995e76423b79675c9c44204c37ca492d
external-and-mods/gamescope/src/reshade/deps/openxr/LICENSES/Unlicense.txt,gamescope,1211,567675401b124cc8ed1095665474a4f04ce1ed44134ee7eec46a691e387a1397
external-and-mods/gamescope/src/reshade/deps/openxr/LICENSES/Zlib.txt,gamescope,838,bfb1112d49db5b1daecdfef24bd7e2f3ea0bafb33aa67aa0ab51e2bf8407c03d
external-and-mods/gamescope/src/reshade/deps/openxr/README.md,gamescope,4003,9cc887646e985d3c6de721cd61a5cac89a8c01564bf688a408e0d91bebe707d9
external-and-mods/gamescope/src/reshade/deps/openxr/include/CMakeLists.txt,gamescope,662,23c31090067d0ad4ac7e6b552900233f15a5f17010e936e792da64e25d7b0d9e
external-and-mods/gamescope/src/reshade/deps/openxr/include/generated_header_list.txt,gamescope,138,0ed9febfbd40b625b0d609fb6f55580d2d0f3e22386b0896fbffd7659f8d2813
external-and-mods/gamescope/src/reshade/deps/openxr/include/generated_header_list.txt.license,gamescope,184,616795144590feb087f40096156b31f5c589133c0cb3567cac51c4f7af7fb9e5
external-and-mods/gamescope/src/reshade/deps/openxr/include/openxr/CMakeLists.txt,gamescope,4807,50c11928ec5d153873512a8fd4cc46ac5573101f10f2ac0154255d92a24aa3ef
external-and-mods/gamescope/src/reshade/deps/openxr/include/openxr/openxr.h,gamescope,296090,146b79976c2aa4bf2f7f8377289b29414002433710edaaa2089b23bf412e393b
external-and-mods/gamescope/src/reshade/deps/openxr/include/openxr/openxr_loader_negotiation.h,gamescope,4930,2718bdb6868023f0fc74307e94deed1c756e070701f276c2ed5837b384ea8924
external-and-mods/gamescope/src/reshade/deps/openxr/include/openxr/openxr_platform.h,gamescope,29804,d6749812d1c6fded6c4c8756e95accff90f04cc20415e46fa381da52ff493b14
external-and-mods/gamescope/src/reshade/deps/openxr/include/openxr/openxr_platform_defines.h,gamescope,3913,47738e2088a63051ab586fd44da1e0c556aa6f78ccc841bb5eeb29b13e3704c3
external-and-mods/gamescope/src/reshade/deps/openxr/include/openxr/openxr_reflection.h,gamescope,202921,289a9906969b886814a0121f7f7db9c338501137899df817a7f53d8778c26f14
external-and-mods/gamescope/src/reshade/deps/openxr/include/openxr/openxr_reflection_parent_structs.h,gamescope,13635,92e7197e3ee0b50131dc4738b33e32b9319a3686bc9eec1bbb96db70cec01f17
external-and-mods/gamescope/src/reshade/deps/openxr/include/openxr/openxr_reflection_structs.h,gamescope,36271,1401d63221a8823caadda9cb784c6ad29a49a6d8bd05ad89a8855e4d9cbabe5e
external-and-mods/gamescope/src/reshade/deps/openxr/specification/registry/xr.xml,gamescope,972102,73d154c3088e8119d3591a7e9094062d22bbb67e3c93c6bfafd1a0b6065e2407
external-and-mods/gamescope/src/reshade/deps/openxr/src/.clang-format,gamescope,239,5a86063d65065cb182479962b2b2bb3c16dc3e5f5329926d538386f38b4ec305
external-and-mods/gamescope/src/reshade/deps/openxr/src/CMakeLists.txt,gamescope,18580,ed6a4b0aecaa08e8c0704ce99eedd728a070526f59561a32731a0e3f5287b818
external-and-mods/gamescope/src/reshade/deps/openxr/src/cmake/FindEGL.cmake,gamescope,6386,d02cb7949f7b33ec76d4bec2591e28c52c0eb5e565fd6f88cf5a5c6dd0e99f00
external-and-mods/gamescope/src/reshade/deps/openxr/src/cmake/FindJsonCpp.cmake,gamescope,16415,9c213d8d845387db3f6ef9974d9c89e0927edb5d0bc25d3bb94c6ac37f582289
external-and-mods/gamescope/src/reshade/deps/openxr/src/cmake/FindOpenGLES.cmake,gamescope,8552,78a633d3dfcf17b85149fe84442b7781c5f5eb8aa16a4302ff60b44c3f3cf8bf
external-and-mods/gamescope/src/reshade/deps/openxr/src/cmake/GetGitRevisionDescription.cmake,gamescope,9502,02b33c44f1884586c88ede09379fb7156c4597f005dc29174590e974d04e4288
external-and-mods/gamescope/src/reshade/deps/openxr/src/cmake/GetGitRevisionDescription.cmake.in,gamescope,1498,f1688a5f0a5575f2af9e169b05ff1f1f03ac61d32f884d636e7e1856374c98a0
external-and-mods/gamescope/src/reshade/deps/openxr/src/cmake/StdFilesystemFlags.cmake,gamescope,7155,7397b29db723e1457e0c8ab5b3a69fbcbb36b565a27b7f777f047cd5bbee5769
external-and-mods/gamescope/src/reshade/deps/openxr/src/cmake/cmake_uninstall.cmake.in,gamescope,2783,2474f782668c5261633c20a5b875964e59255c4db53142f2342353a1d8e55878
external-and-mods/gamescope/src/reshade/deps/openxr/src/cmake/fxc_shader.cmake,gamescope,1146,c08c24903817be4f887a1299cff5240d791ddcb382e5b17fb16503ee3b312063
external-and-mods/gamescope/src/reshade/deps/openxr/src/cmake/glsl_shader.cmake,gamescope,1854,9f0990dbfa3cb3095b1dbb99bcf390dcad190e0e217da6e190ab564c47f7022a
external-and-mods/gamescope/src/reshade/deps/openxr/src/cmake/make_includable.cmake,gamescope,1016,fdfb7ffe480f02803abe7c5b72996869040f66650bfee831d4bbd5f5107fecc9
external-and-mods/gamescope/src/reshade/deps/openxr/src/cmake/metaconfig.cmake.in,gamescope,596,781d4b1ee770d48db941103f5fbb0ea139eca0b8713fd71fd730a5d3fbd6f8a2
external-and-mods/gamescope/src/reshade/deps/openxr/src/cmake/presentation.cmake,gamescope,6305,85503d2f434fcb16af6b80458ddc815063da27c6fd2a5c0310d513b911ec4473
external-and-mods/gamescope/src/reshade/deps/openxr/src/common/extra_algorithms.h,gamescope,1525,7399026fcf7de642996effe9ba01e54d885a2f8052973cc3234e6944f20aafbd
external-and-mods/gamescope/src/reshade/deps/openxr/src/common/filesystem_utils.cpp,gamescope,10843,d5e0bf8c56bce5fd908cede837a1ccbcc16b73418dae85c9d985016742afc356
external-and-mods/gamescope/src/reshade/deps/openxr/src/common/filesystem_utils.hpp,gamescope,1658,94162f9a295c5228a9c4e1fabc0412572c8f4198e21018d0c1a0820eb6de3b2d
external-and-mods/gamescope/src/reshade/deps/openxr/src/common/hex_and_handles.h,gamescope,3084,d03d68fa95fd9f8ef0703b34d778cb8326086d46dfe356208108001bffc3d973
external-and-mods/gamescope/src/reshade/deps/openxr/src/common/object_info.cpp,gamescope,10938,56f3f1ebf0add2d66c2e10fb2e89df07227ea8c5188470e54a4c264aa7a8a8c0
external-and-mods/gamescope/src/reshade/deps/openxr/src/common/object_info.h,gamescope,8654,48c947a17925f069c626b12ac7cf21a19306d431aed6b481084989f93f21532d
external-and-mods/gamescope/src/reshade/deps/openxr/src/common/platform_utils.hpp,gamescope,15293,d415118f54925fd9c517f13dd04563946ce54e3e1270dbb29ae2e5505d74c317
external-and-mods/gamescope/src/reshade/deps/openxr/src/common/stdfs_conditions.h,gamescope,1216,637127b2a8d03722da6274a4a3fbca7f4bbdf9da64f716210696e2c32f73eb61
external-and-mods/gamescope/src/reshade/deps/openxr/src/common/unique_asset.h,gamescope,727,9ce65c0f98d70b369b6f1af68db27cee1c5ecd31159164113bc744405e647951
external-and-mods/gamescope/src/reshade/deps/openxr/src/common/vulkan_debug_object_namer.hpp,gamescope,2205,9ac132f5e8d91389e6ca690abec8347b019ba4bf4f2f97435f8d8c62aece89d7
external-and-mods/gamescope/src/reshade/deps/openxr/src/common/xr_dependencies.h,gamescope,2364,3b70b3d6fa4e6c39d88ac27c00a24bccbd9713d6c0a495e10ae81d5a577ec283
external-and-mods/gamescope/src/reshade/deps/openxr/src/common/xr_linear.h,gamescope,39322,ceec3dbba1c1b5602a796760fc75bb6cd11423e6746d503f17060835b5d3f1d2
external-and-mods/gamescope/src/reshade/deps/openxr/src/common_config.h.in,gamescope,1027,a2361d258b1283cb6ecfb46d5739f163be48a6e9cfdd1e68f55a5c2f39f2204d
external-and-mods/gamescope/src/reshade/deps/openxr/src/external/android-jni-wrappers/wrap/ObjectWrapperBase.h,gamescope,9401,b6b0a34fdb88e3cd7e3c0f8364b9d2dccdbefe06013ac6d3a577abf1c1fa9744
external-and-mods/gamescope/src/reshade/deps/openxr/src/external/android-jni-wrappers/wrap/android.content.cpp,gamescope,2093,7bb9b44bfebaa0ca762207f84c32d1f2fa879d8b0fd34bedbda3a33c5eac864c
external-and-mods/gamescope/src/reshade/deps/openxr/src/external/android-jni-wrappers/wrap/android.content.h,gamescope,8306,592b4c82f73fa1518d02fbe6a84b6eaa1c7ee70de99d922fe08aa9765f99cf1d
external-and-mods/gamescope/src/reshade/deps/openxr/src/external/android-jni-wrappers/wrap/android.content.impl.h,gamescope,3507,4b91f0463df953f4b470ee30a9c3d791f1273fd4a00110ec0a1acd42a48033e2
external-and-mods/gamescope/src/reshade/deps/openxr/src/external/android-jni-wrappers/wrap/android.database.cpp,gamescope,833,a512b7c86dc36c28539a15010b79d240d5febe946d7d019b0acf096499e2ddb7
external-and-mods/gamescope/src/reshade/deps/openxr/src/external/android-jni-wrappers/wrap/android.database.h,gamescope,2582,a3d086703e784b2bff30c71f33858724b68f3caa6710a9957e376f55a0ad00ca
external-and-mods/gamescope/src/reshade/deps/openxr/src/external/android-jni-wrappers/wrap/android.database.impl.h,gamescope,1246,96641b33e6d25b9e1c4be59b2c5fe2b222a8d2b4222832073e0a6a323e8a5c7a
external-and-mods/gamescope/src/reshade/deps/openxr/src/external/android-jni-wrappers/wrap/android.net.cpp,gamescope,996,fe57e7091ab197c0758ac0ac81550f2906cd8745ec8ea044b4fd96b7f53eed1e
external-and-mods/gamescope/src/reshade/deps/openxr/src/external/android-jni-wrappers/wrap/android.net.h,gamescope,3203,bd93c8f26eac988898f8469ad5e821eb7348ca1b874c8085d7893c31701e773b
external-and-mods/gamescope/src/reshade/deps/openxr/src/external/android-jni-wrappers/wrap/android.net.impl.h,gamescope,1254,ca642423754e3d17f5e7805dc3ec00e389cb5f9749b8b25ff4da5f3f04975ae7
external-and-mods/gamescope/src/reshade/deps/openxr/src/external/jnipp/Android.bp,gamescope,384,5ef3762f4cb789cdf9dee66fb236811eb081c090303c146ca43c0f74fefbfe15
external-and-mods/gamescope/src/reshade/deps/openxr/src/external/jnipp/CMakeLists.txt,gamescope,377,a708d81ff9cf17de9717b84d190e48864df6f0efca3910f291608b5027b88fc7
external-and-mods/gamescope/src/reshade/deps/openxr/src/external/jnipp/LICENSE,gamescope,1070,3f46b895fbd843c7abe5b49fa0b699a5093fc8b345940a7c587948c57cc8f270
external-and-mods/gamescope/src/reshade/deps/openxr/src/external/jnipp/README.md,gamescope,2982,06aefc9f34c96878055598eb3713d77bb9f8105d0aee6e0ddfb48af9e3a21e37
external-and-mods/gamescope/src/reshade/deps/openxr/src/external/jnipp/android/AndroidManifest.xml,gamescope,281,f1655843dd2b6072066d2e48e249699a1ef95aa690298f46f03ac5de115158f1
external-and-mods/gamescope/src/reshade/deps/openxr/src/external/jnipp/android/CMakeLists.txt,gamescope,396,d6bc5891d17c74c74a8077ad083e659fd5145a434134dd8dc19c3d251214d011
external-and-mods/gamescope/src/reshade/deps/openxr/src/external/jnipp/build.gradle,gamescope,553,262f381736c2d410736848564be7b3c0183a3a8636f6d5ca8c72833cab5e556c
external-and-mods/gamescope/src/reshade/deps/openxr/src/external/jnipp/jnipp.cpp,gamescope,49995,4ed914f1207f8b5f4f61ee7510df60dd7253cde9c5da1fe0562596f9e7ff86b5
external-and-mods/gamescope/src/reshade/deps/openxr/src/external/jnipp/jnipp.h,gamescope,42638,d647fe0757ec66ee8eaaa3f65c5682895f8569d016cb9b9c572bdfaf3ab63367
external-and-mods/gamescope/src/reshade/deps/openxr/src/external/jnipp/makefile,gamescope,496,dfecb6c2fe8287a037ee7cb9203246781cb56e26d06951260d0a09f614919fe6
external-and-mods/gamescope/src/reshade/deps/openxr/src/external/jnipp/tests/CMakeLists.txt,gamescope,720,2245be6c6736f645d2290de958f260c557c89b6da980bc7185a65685df070eec
external-and-mods/gamescope/src/reshade/deps/openxr/src/external/jnipp/tests/external_create.cpp,gamescope,672,3867a77699db1a1beb0138924d430891221edb25a17dacd56dc542d5c1401ad6
external-and-mods/gamescope/src/reshade/deps/openxr/src/external/jnipp/tests/external_detach.cpp,gamescope,571,ae3bb8080a909ed3046a8aef35a1fd5c9b423bf819d4651b0fc25253b87dfdd9
external-and-mods/gamescope/src/reshade/deps/openxr/src/external/jnipp/tests/main.cpp,gamescope,15590,1d88630b3dece572d9e429eb03a69d8cbfa44e9aa1402dfc21b03039dfe15a78
external-and-mods/gamescope/src/reshade/deps/openxr/src/external/jnipp/tests/testing.h,gamescope,1022,c445762a896eed0fcf68fce9a9f27c49b2bb75da872e24685f71ba21fd14f0b5
external-and-mods/gamescope/src/reshade/deps/openxr/src/external/jsoncpp/.clang-format,gamescope,74,4afcc7d8a7bb41a2668f03994b75cc34c4529de047323821099d2ee63d5e6757
external-and-mods/gamescope/src/reshade/deps/openxr/src/external/jsoncpp/.clang-tidy,gamescope,465,3f43f43c9e077e3b88dcd5dcaf14ace79fc72460ac5c69484b7d8b4786b60b8d
external-and-mods/gamescope/src/reshade/deps/openxr/src/external/jsoncpp/.gitattributes,gamescope,221,42b2be87f57cd0e4d54db154f6e2ac801b4aede45ecff607cab489c8a69687ed
external-and-mods/gamescope/src/reshade/deps/openxr/src/external/jsoncpp/.github/ISSUE_TEMPLATE/bug_report.md,gamescope,498,559951936498209cc84ba6d9e4d2f12ca4a517dd5e30cb25107ef1bb4ec27141
external-and-mods/gamescope/src/reshade/deps/openxr/src/external/jsoncpp/.github/ISSUE_TEMPLATE/feature_request.md,gamescope,595,1f48c52f209a971b8e7eae4120144d28fcf8ee38a7778a7b4d8cf1ab356617d2
external-and-mods/gamescope/src/reshade/deps/openxr/src/external/jsoncpp/.gitignore,gamescope,714,039cefe58e1c2423b2b849770e8ab3cc2ac50323c5c8e9de190b8f16478c1c13
external-and-mods/gamescope/src/reshade/deps/openxr/src/external/jsoncpp/AUTHORS,gamescope,4200,0b21b1d9c90421380d30e8b55a02204949cd737535d98bf56076d661816deec4
external-and-mods/gamescope/src/reshade/deps/openxr/src/external/jsoncpp/BUILD.bazel,gamescope,930,e4b2fef217340b177175146cdccb8a2d0b8f14f70fc52f4d983d0d3cb2b9a512
external-and-mods/gamescope/src/reshade/deps/openxr/src/external/jsoncpp/CMakeLists.txt,gamescope,8703,2aeb3aa20d41057e30acb66fbe0b8bf273c4c14125b8e4e4be4dd4bbd4e3c6f1
external-and-mods/gamescope/src/reshade/deps/openxr/src/external/jsoncpp/CONTRIBUTING.md,gamescope,5913,0d7fdef3b969a88c9726ec43ab549637d477cc2ac763b29a3877ee0a610ad8ad
external-and-mods/gamescope/src/reshade/deps/openxr/src/external/jsoncpp/CTestConfig.cmake,gamescope,533,754be28d2e0742e88c9087cc09500204004f9883432e0df3ec4c92b84672c920
external-and-mods/gamescope/src/reshade/deps/openxr/src/external/jsoncpp/LICENSE,gamescope,2714,cec0db5f6d7ed6b3a72647bd50aed02e13c3377fd44382b96dc2915534c042ad
external-and-mods/gamescope/src/reshade/deps/openxr/src/external/jsoncpp/README.md,gamescope,3756,eb5684ec592cae818da5fcfdedc72eb3a258aab1aa6be42b93239b74a510083e
external-and-mods/gamescope/src/reshade/deps/openxr/src/external/jsoncpp/amalgamate.py,gamescope,7176,03f3e6b0f61dbd1fc2857d99a9daee14a622b2c888aa08fe0d4262cb1b072479
external-and-mods/gamescope/src/reshade/deps/openxr/src/external/jsoncpp/appveyor.yml,gamescope,1536,2989857f863160b8a57d77129bb8e809ee5fd10fd303e4b4fbfa88b5b3ec22ad
external-and-mods/gamescope/src/reshade/deps/openxr/src/external/jsoncpp/cmake/JoinPaths.cmake,gamescope,819,861e8bba5577de156ccc23f8b128717648a774e1cefb88897a09105c11d38cc0
external-and-mods/gamescope/src/reshade/deps/openxr/src/external/jsoncpp/dev.makefile,gamescope,1132,cfe0a8bd103a84f2eb794201522a37ce74d17517060a56f5a176c2cc8fb78183
external-and-mods/gamescope/src/reshade/deps/openxr/src/external/jsoncpp/devtools/__init__.py,gamescope,250,50d44eee1449fd56cf5843a260c2146e91e2239ab0b7c49579b3159580dbbf9e
external-and-mods/gamescope/src/reshade/deps/openxr/src/external/jsoncpp/devtools/agent_vmw7.json,gamescope,898,441984c5c22c40c27e0e54ec2068143cd400edd5dc60689419b75d73e446ae2c
external-and-mods/gamescope/src/reshade/deps/openxr/src/external/jsoncpp/devtools/agent_vmxp.json,gamescope,589,a6f6aa0490cc2298a5d0ee16bb844d8b56ca23f88ee6dc81212891f96422535a
external-and-mods/gamescope/src/reshade/deps/openxr/src/external/jsoncpp/devtools/antglob.py,gamescope,7907,28c64608546d58f3beb2fabbbb21477ebb26709759514d14f7339f691c48dbe3
external-and-mods/gamescope/src/reshade/deps/openxr/src/external/jsoncpp/devtools/batchbuild.py,gamescope,11483,3e0b3917aed17cc0cafd5f341532e9f1a36158f7513ea6f0675856ca5f5c4fae
external-and-mods/gamescope/src/reshade/deps/openxr/src/external/jsoncpp/devtools/fixeol.py,gamescope,2218,deba2388311419989636db6c7f12afb8665839a52e322826002d33a9cdd9079d
external-and-mods/gamescope/src/reshade/deps/openxr/src/external/jsoncpp/devtools/licenseupdater.py,gamescope,3962,81d0fc4498e695444090a0ba9a74398f8738cd1ae18c788734be93fec2dc3515
external-and-mods/gamescope/src/reshade/deps/openxr/src/external/jsoncpp/devtools/tarball.py,gamescope,2234,d393421db48cd31738bdbb064bf1b9cf42e3d8a6f4c7bbf40a9ca9343e173ad6
external-and-mods/gamescope/src/reshade/deps/openxr/src/external/jsoncpp/doc/doxyfile.in,gamescope,100514,5c9259c15342d244595dd0e08851b167d4ed7b7e632d08b7e059eeb01679b251
external-and-mods/gamescope/src/reshade/deps/openxr/src/external/jsoncpp/doc/footer.html,gamescope,716,69eb40e1906db07c9a521dfc0bf5f4b094748cafad71117e2a4fd39df49a39d4
external-and-mods/gamescope/src/reshade/deps/openxr/src/external/jsoncpp/doc/header.html,gamescope,1975,ab20d7418cd41642d08702a9c3b8182ef22dbed574367e6414670367f3d12524
external-and-mods/gamescope/src/reshade/deps/openxr/src/external/jsoncpp/doc/jsoncpp.dox,gamescope,5847,25a4c4a882c5c627604cea8755d6a5816795a9eaef0babf5ecf4a62c83819373
external-and-mods/gamescope/src/reshade/deps/openxr/src/external/jsoncpp/doc/readme.txt,gamescope,71,557140d25a4213b1c64ae7663a11a98258f36f4b9c8fca44b710f9359ca36a82
external-and-mods/gamescope/src/reshade/deps/openxr/src/external/jsoncpp/doc/roadmap.dox,gamescope,109,448aa510f07ade61d496d3830ba1dc46fa5a685604889d12cab26289d20d6466
external-and-mods/gamescope/src/reshade/deps/openxr/src/external/jsoncpp/doc/web_doxyfile.in,gamescope,100095,a1a8ecac246779d1a8d93b0d931bc3ab8affcfe29d871dd4e08de0be9679517b
external-and-mods/gamescope/src/reshade/deps/openxr/src/external/jsoncpp/doxybuild.py,gamescope,7411,15618dabe099d751533683566ef5af6243ec04327e5d399c212b2ef5453885e4
external-and-mods/gamescope/src/reshade/deps/openxr/src/external/jsoncpp/example/CMakeLists.txt,gamescope,788,8ebed60313751cb047ae56a80abb2b2dabcfb6bdb8fe0dac42358541c1fe59b7
external-and-mods/gamescope/src/reshade/deps/openxr/src/external/jsoncpp/example/README.md,gamescope,1082,a7e5ef904b7f617658d8580aabd6fb15f8ce9247d44ab974e99c0c3af58ef381
external-and-mods/gamescope/src/reshade/deps/openxr/src/external/jsoncpp/example/readFromStream/errorFormat.json,gamescope,18,602bb28d233f16341b7c919f193c1e8fa5aa1a8805d04359c51cf7d80ed0a9ef
external-and-mods/gamescope/src/reshade/deps/openxr/src/external/jsoncpp/example/readFromStream/readFromStream.cpp,gamescope,727,4217f3c797691e1fe92df9777b1c13b0e1dd158b60536ac30fa4188b8960b846
external-and-mods/gamescope/src/reshade/deps/openxr/src/external/jsoncpp/example/readFromStream/withComment.json,gamescope,98,75425128ff68f45c1d3114ffa180b8a774727903147aef296ca581bb60b3c840
external-and-mods/gamescope/src/reshade/deps/openxr/src/external/jsoncpp/example/readFromString/readFromString.cpp,gamescope,1112,9b7186a4a0ca977216db066a07838729c9ff43269af7466c3d52d55cb55a6c8e
external-and-mods/gamescope/src/reshade/deps/openxr/src/external/jsoncpp/example/streamWrite/streamWrite.cpp,gamescope,518,e7472e895586c5c743153efb87a518f8fcbceaefc60ad5d4dd54534b0e2efae3
external-and-mods/gamescope/src/reshade/deps/openxr/src/external/jsoncpp/example/stringWrite/stringWrite.cpp,gamescope,785,5e8ad4597d3638a14d4bbbe1929d126d9a207d199493f78332248709346bfd7f
external-and-mods/gamescope/src/reshade/deps/openxr/src/external/jsoncpp/get_version.pl,gamescope,60,1393ec18dab992ae0056e1ca1c48aaeefcafb10f16737bbe1472f50b162a5e35
external-and-mods/gamescope/src/reshade/deps/openxr/src/external/jsoncpp/include/CMakeLists.txt,gamescope,122,ffa38de116275d748f250553c0459fb6b085fc89b9582bf519192959c1de221c
external-and-mods/gamescope/src/reshade/deps/openxr/src/external/jsoncpp/include/PreventInBuildInstalls.cmake,gamescope,297,e9a62c62a516bd07cb765edec6c35cedba14b03cb7c5e3d221ac10cfa1d2bdf0
external-and-mods/gamescope/src/reshade/deps/openxr/src/external/jsoncpp/include/PreventInSourceBuilds.cmake,gamescope,1913,b1a4f5b374294ac9adb719e197eec93298040b4f144ee85fde87f34a81ce5a58
external-and-mods/gamescope/src/reshade/deps/openxr/src/external/jsoncpp/include/json/allocator.h,gamescope,2447,e286b3621b0f260fb634fe7c2cf7591ce983ab8e590b9705981295b4c4509fd6
external-and-mods/gamescope/src/reshade/deps/openxr/src/external/jsoncpp/include/json/assertions.h,gamescope,2817,ea30b8fb30ef70a52a6435f6e6efbc37de03555fa192b33832e65cbd159b68bb
external-and-mods/gamescope/src/reshade/deps/openxr/src/external/jsoncpp/include/json/config.h,gamescope,5272,a607e32e34497e2c51df1c61e6627760618d7d6964d9f47dfa8165ad305063b9
external-and-mods/gamescope/src/reshade/deps/openxr/src/external/jsoncpp/include/json/forwards.h,gamescope,917,4e5144062f296c821107af272c39df31b7ac6fcfefbeb66637958738fc09a117
external-and-mods/gamescope/src/reshade/deps/openxr/src/external/jsoncpp/include/json/json.h,gamescope,447,05ccb35afa55a068f8cc2a195db46d89a7f6a458d1943ae009465834c6404a67
external-and-mods/gamescope/src/reshade/deps/openxr/src/external/jsoncpp/include/json/json_features.h,gamescope,1793,5a08a4c1e4afc047915a01dce28bbba69feeb2f452e0871c02d6f90f2d30cd68
external-and-mods/gamescope/src/reshade/deps/openxr/src/external/jsoncpp/include/json/reader.h,gamescope,14147,37f48bcffdb29ef6374b894956956627cfedf106b2ace90bfd26e6f0dfb25577
external-and-mods/gamescope/src/reshade/deps/openxr/src/external/jsoncpp/include/json/value.h,gamescope,30295,4b57ba49499c04de03f5df848f8714ea8b34578d089ae56c1a5aefa0df3c5ffa
external-and-mods/gamescope/src/reshade/deps/openxr/src/external/jsoncpp/include/json/version.h,gamescope,966,752cdd61cb97aca4dcbb6d83d5b91849fcfe01e94bdf3048d543baa7a17fa001
external-and-mods/gamescope/src/reshade/deps/openxr/src/external/jsoncpp/include/json/writer.h,gamescope,12095,55aca7f7eaf0adedf5a1f2aa8006dbaa277dfe7a659b0491304b1043d9091a6b
external-and-mods/gamescope/src/reshade/deps/openxr/src/external/jsoncpp/jsoncpp-namespaced-targets.cmake,gamescope,360,e85287799c83f067153877225a3c985d81a749ddfab40fa1fce5b437482f49ca
external-and-mods/gamescope/src/reshade/deps/openxr/src/external/jsoncpp/jsoncppConfig.cmake.in,gamescope,252,9eb2d038022333a8815ba31bad154a924007f52c5e25d218bb0263f2edf987e5
external-and-mods/gamescope/src/reshade/deps/openxr/src/external/jsoncpp/meson.build,gamescope,3049,57260f3fc916d15c1ce4e4f54b4903f9c49f0381804ace550a18718cbdffec4f
external-and-mods/gamescope/src/reshade/deps/openxr/src/external/jsoncpp/meson_options.txt,gamescope,96,327545202c4a99cbeff1240afb08eb7cf49e0869d3bcf3738d9bdef354706132
external-and-mods/gamescope/src/reshade/deps/openxr/src/external/jsoncpp/pkg-config/jsoncpp.pc.in,gamescope,328,f2e4b18953c7b9cb33d0a5c043d329aad8151fff12283671be05561202239ac5
external-and-mods/gamescope/src/reshade/deps/openxr/src/external/jsoncpp/reformat.sh,gamescope,63,013bed653fdd9a4e126478a72e2e75b05e679fb629df0ac6697c1287630bb7fc
external-and-mods/gamescope/src/reshade/deps/openxr/src/external/jsoncpp/src/CMakeLists.txt,gamescope,131,086c09ab7a410f40db8964d0e29ed2120ad110f78958b079468df70b39bf7e3b
external-and-mods/gamescope/src/reshade/deps/openxr/src/external/jsoncpp/src/jsontestrunner/CMakeLists.txt,gamescope,2072,ae062d2e2dabe14bebb60ba8d55a73b022b55eca164e824dd708ae26770218ff
external-and-mods/gamescope/src/reshade/deps/openxr/src/external/jsoncpp/src/jsontestrunner/main.cpp,gamescope,10874,326619f075f14e410c641d36ff989aba9d79a13a91a0646d12bbe6748b483099
external-and-mods/gamescope/src/reshade/deps/openxr/src/external/jsoncpp/src/lib_json/CMakeLists.txt,gamescope,8874,72c5705139ca458061502e51f5dc8b0c87b846b2c634d8544765b046ed136eb8
external-and-mods/gamescope/src/reshade/deps/openxr/src/external/jsoncpp/src/lib_json/json_reader.cpp,gamescope,58042,77daa7541281ddfdda8cf664acf7e4a4f6d682d931d1e208020f330fbfda1851
external-and-mods/gamescope/src/reshade/deps/openxr/src/external/jsoncpp/src/lib_json/json_tool.h,gamescope,3913,dd86b80bad3a960b34589b97047c63be63a34db1fcdd51a93dbc6aef150cfaf8
external-and-mods/gamescope/src/reshade/deps/openxr/src/external/jsoncpp/src/lib_json/json_value.cpp,gamescope,48173,140d9f2ed741d87d9492c0429c771209340461dad88d19f57a59026b2e2e4a33
external-and-mods/gamescope/src/reshade/deps/openxr/src/external/jsoncpp/src/lib_json/json_valueiterator.inl,gamescope,5214,5b37b47184f65f7a01ea9dbdc454a5be0eee472eff47829f3ffd06de798deaa4
external-and-mods/gamescope/src/reshade/deps/openxr/src/external/jsoncpp/src/lib_json/json_writer.cpp,gamescope,37186,967106ec558fad2c02b28ec632013d9d5a839d466ad2dbb76ebb0e71721866d0
external-and-mods/gamescope/src/reshade/deps/openxr/src/external/jsoncpp/src/test_lib_json/CMakeLists.txt,gamescope,1163,57c3bf53b09ab0f9c6a4e14660d524110a7369400806bee6ad4ddcf129fd2794
external-and-mods/gamescope/src/reshade/deps/openxr/src/external/jsoncpp/src/test_lib_json/fuzz.cpp,gamescope,1971,36a83cd83959213b02e261f2287f1ad7d46990e3e4731b8e30da4a2a15d5cc3b
external-and-mods/gamescope/src/reshade/deps/openxr/src/external/jsoncpp/src/test_lib_json/fuzz.dict,gamescope,488,93219cb07c502247f422b036c17f0f3babdc04fa473d01f2ec93320a870be173
external-and-mods/gamescope/src/reshade/deps/openxr/src/external/jsoncpp/src/test_lib_json/fuzz.h,gamescope,423,61af29b33af2ebd56bd3e38b7d4296c4c6b9c777bf55cf441c677cb805af71dd
external-and-mods/gamescope/src/reshade/deps/openxr/src/external/jsoncpp/src/test_lib_json/jsontest.cpp,gamescope,12268,f187dcf45d3cc0ad08b7b4632e560aaaf3a9a84318ea92e989d86460703cb2e1
external-and-mods/gamescope/src/reshade/deps/openxr/src/external/jsoncpp/src/test_lib_json/jsontest.h,gamescope,12005,84f1aae3ef4a01266a4d1688c8d8d4ce7c522ea3a0a01a644ab0f005752aa6df
external-and-mods/gamescope/src/reshade/deps/openxr/src/external/jsoncpp/src/test_lib_json/main.cpp,gamescope,140539,328b84519687e17fad55df7ddaca90ce22f461ef74a59d812179c519e01c3b56
external-and-mods/gamescope/src/reshade/deps/openxr/src/external/jsoncpp/test/cleantests.py,gamescope,490,3aff20afa032dec4c7ab831c055bcf1d3a4ae930970898050f1710dd27f60fba
external-and-mods/gamescope/src/reshade/deps/openxr/src/external/jsoncpp/test/data/fail_invalid_quote.json,gamescope,23,3455f41de9c8437dec9e64208884f198b2416bfbfb8188d809b033a2c7b3452f
external-and-mods/gamescope/src/reshade/deps/openxr/src/external/jsoncpp/test/data/fail_test_array_01.json,gamescope,9,ba632e3b0e558d4a4ddd6d94f7e8ee54531de7a906ecced62fcc8556d160b0a1
external-and-mods/gamescope/src/reshade/deps/openxr/src/external/jsoncpp/test/data/fail_test_array_02.json,gamescope,6,56690a7eea18d8e9a9208655b9fb924660c3a5f1ec22c713315b18c132b02ac4
external-and-mods/gamescope/src/reshade/deps/openxr/src/external/jsoncpp/test/data/fail_test_object_01.json,gamescope,21,114ab302726bc520e41b6d6b295a347a63996cc91e725cb4232c44e47ac1f042
external-and-mods/gamescope/src/reshade/deps/openxr/src/external/jsoncpp/test/data/fail_test_stack_limit.json,gamescope,4001,8447d235e9eb6f1b9ba359ce9f459d2ec26353dd1165e09ba7ae91d3caf1e84e
external-and-mods/gamescope/src/reshade/deps/openxr/src/external/jsoncpp/test/data/legacy_test_array_01.expected,gamescope,5,77f07f05766c910ff299e454d73e1c08927574e88a478d8f7c39310c8160c095
external-and-mods/gamescope/src/reshade/deps/openxr/src/external/jsoncpp/test/data/legacy_test_array_01.json,gamescope,3,37517e5f3dc66819f61f5a7bb8ace1921282415f10551d2defa5c3eb0985b570
external-and-mods/gamescope/src/reshade/deps/openxr/src/external/jsoncpp/test/data/legacy_test_array_02.expected,gamescope,12,daa5e6d09e5bdb2cb999971f3973013229ed8248967e6ce1db9c417a2b4800c1
external-and-mods/gamescope/src/reshade/deps/openxr/src/external/jsoncpp/test/data/legacy_test_array_02.json,gamescope,4,acc07b62f23f458923737c4cd4a66bd05d1e71eb4f384003baaf2dcc760d6349
external-and-mods/gamescope/src/reshade/deps/openxr/src/external/jsoncpp/test/data/legacy_test_array_03.expected,gamescope,40,96f1d95dabfae3e3a4c458a1282f7f8a893421bf71de38c7e593280ea4a2383b
external-and-mods/gamescope/src/reshade/deps/openxr/src/external/jsoncpp/test/data/legacy_test_array_03.json,gamescope,17,4e633466c855196e49ebc0ad737fdbb24eefb7eeb1fc871d28b571974fe77f4a
external-and-mods/gamescope/src/reshade/deps/openxr/src/external/jsoncpp/test/data/legacy_test_array_04.expected,gamescope,41,42b73678b9a915eab2931bc2ed4cea8edc0eb92c55a6270ba7a6cf6183cf4725
external-and-mods/gamescope/src/reshade/deps/openxr/src/external/jsoncpp/test/data/legacy_test_array_04.json,gamescope,22,71b9d8d6ca48ad274a199467213caa8cc67afdb142a1ec346366505825e63293
external-and-mods/gamescope/src/reshade/deps/openxr/src/external/jsoncpp/test/data/legacy_test_array_05.expected,gamescope,877,bfa9d003e3a9b262ef4bc5db4bfb409ccc6b12de9a0894187204ed709fcc147f
external-and-mods/gamescope/src/reshade/deps/openxr/src/external/jsoncpp/test/data/legacy_test_array_05.json,gamescope,387,15e28797a68120e90e101d0d5b56b2b935ce234d491819709b47fa0c67655465
external-and-mods/gamescope/src/reshade/deps/openxr/src/external/jsoncpp/test/data/legacy_test_array_06.expected,gamescope,185,d1232ec1eee85314c13212348cbc107ef9e67358c0e53e358720437e2cb00a92
external-and-mods/gamescope/src/reshade/deps/openxr/src/external/jsoncpp/test/data/legacy_test_array_06.json,gamescope,172,34614569b1c815a5580c49cf9bcabb8aa12b9483ec520d302d8a39185eb740eb
external-and-mods/gamescope/src/reshade/deps/openxr/src/external/jsoncpp/test/data/legacy_test_array_07.expected,gamescope,31712,9b4d9d3f5e4905353bb9447c237608d061825b79658b827d82ed5f7173a8524d
external-and-mods/gamescope/src/reshade/deps/openxr/src/external/jsoncpp/test/data/legacy_test_array_07.json,gamescope,9493,da196295d91bb5ab20dcf850735c3442a8bd08ced3f501e57e848e3f2d830ea8
external-and-mods/gamescope/src/reshade/deps/openxr/src/external/jsoncpp/test/data/legacy_test_basic_01.expected,gamescope,12,3dc781528b800233837fac0f93b13e5d8959535e5a8cd5128e86e2d0e3995ed7
external-and-mods/gamescope/src/reshade/deps/openxr/src/external/jsoncpp/test/data/legacy_test_basic_01.json,gamescope,11,c67c199595622dfbdc9e415c4a0ad6166eb49cbf74c6aac7bb3e958604d5ecb8
external-and-mods/gamescope/src/reshade/deps/openxr/src/external/jsoncpp/test/data/legacy_test_basic_02.expected,gamescope,13,5c0bc69112c7193027799513f934f6d2c2907ce09576bbc7c87f4d611a239202
external-and-mods/gamescope/src/reshade/deps/openxr/src/external/jsoncpp/test/data/legacy_test_basic_02.json,gamescope,12,ef4e4e90bc547008c323b3ccbd54c01ff1e0a10f4691c23f96f405e1a2f64039
external-and-mods/gamescope/src/reshade/deps/openxr/src/external/jsoncpp/test/data/legacy_test_basic_03.expected,gamescope,14,7042bf2980acf79f7976fb955f9794927e155306ce452920ddb68b08aebaade6
external-and-mods/gamescope/src/reshade/deps/openxr/src/external/jsoncpp/test/data/legacy_test_basic_03.json,gamescope,12,83e1254d394a1b14bf2812775e1aa589fff45fbcec0d4ab60e9ac3c32da4fb91
external-and-mods/gamescope/src/reshade/deps/openxr/src/external/jsoncpp/test/data/legacy_test_basic_04.expected,gamescope,12,6e976c00b4d56ff0eec449c80e9d45426e64acd82c2f0da9072e33d74cb55f3b
external-and-mods/gamescope/src/reshade/deps/openxr/src/external/jsoncpp/test/data/legacy_test_basic_04.json,gamescope,10,ef980df0c86fd16af296ad4a7f4198cc694105f3d018a15895ac86f5fceac11e
external-and-mods/gamescope/src/reshade/deps/openxr/src/external/jsoncpp/test/data/legacy_test_basic_05.expected,gamescope,8,e76ff0e208a0410f89fd27e73df52c8a615174c0d14ac8f4d145bff66739f909
external-and-mods/gamescope/src/reshade/deps/openxr/src/external/jsoncpp/test/data/legacy_test_basic_05.json,gamescope,6,d08e54f6aa60dc061aad4c6f0ba7b19961b7762c35ea199fa23632b753241db4
external-and-mods/gamescope/src/reshade/deps/openxr/src/external/jsoncpp/test/data/legacy_test_basic_06.expected,gamescope,8,29669020f23f4ee10c830567d162cf4c7f88d18762a8789f5f573cb47e136c64
external-and-mods/gamescope/src/reshade/deps/openxr/src/external/jsoncpp/test/data/legacy_test_basic_06.json,gamescope,6,e3949a4b725d800a0fe4abecf0429f8f90154826911cca138b05e47bdc683bd2
external-and-mods/gamescope/src/reshade/deps/openxr/src/external/jsoncpp/test/data/legacy_test_basic_07.expected,gamescope,9,31fad8dcdd7f246e6988c32b4c62b99571e59f10a8a544c817d8906e5e0efcbc
external-and-mods/gamescope/src/reshade/deps/openxr/src/external/jsoncpp/test/data/legacy_test_basic_07.json,gamescope,7,6a1b6c94b811b12562d66c6e2d26cf4f23f4e2ab0568c4366a0b3a217328dff5
external-and-mods/gamescope/src/reshade/deps/openxr/src/external/jsoncpp/test/data/legacy_test_basic_08.expected,gamescope,29,a607df4de7b2d5f5ecce55dbc5e9ae7b7d944050beb4ed9e5886ee23b1e48c50
external-and-mods/gamescope/src/reshade/deps/openxr/src/external/jsoncpp/test/data/legacy_test_basic_08.json,gamescope,27,3379d484baf5ce8037d032ae46f30af9e84ab1d47db010221317295945a1a0c5
external-and-mods/gamescope/src/reshade/deps/openxr/src/external/jsoncpp/test/data/legacy_test_basic_09.expected,gamescope,31,1364b3db582818e17cf4fc5ab6da2f27a05123bf935be43282412d6d865c325c
external-and-mods/gamescope/src/reshade/deps/openxr/src/external/jsoncpp/test/data/legacy_test_basic_09.json,gamescope,29,13711768f7473d1dbee93d1b847627899a39263b03a87b41bfc7b0a4e0c4a386
external-and-mods/gamescope/src/reshade/deps/openxr/src/external/jsoncpp/test/data/legacy_test_comment_00.expected,gamescope,69,f8782f22360dd7abc4b1936b29f54ac88a8b92341e35f7aa6a927c53b1ed6928
external-and-mods/gamescope/src/reshade/deps/openxr/src/external/jsoncpp/test/data/legacy_test_comment_00.json,gamescope,69,20f9d769ce8699c2da5ffefb11e76779486450990383b099c7e1ba3f276cc67e
external-and-mods/gamescope/src/reshade/deps/openxr/src/external/jsoncpp/test/data/legacy_test_comment_01.expected,gamescope,146,d3c59292d0335afe7c551794aeecd3e4dca63a839bde7e40fa9759c14ed92d46
external-and-mods/gamescope/src/reshade/deps/openxr/src/external/jsoncpp/test/data/legacy_test_comment_01.json,gamescope,206,88a34b209436dba7183a769db3471f828b6ab5efb15b4364c59c2c39bb050444
external-and-mods/gamescope/src/reshade/deps/openxr/src/external/jsoncpp/test/data/legacy_test_comment_02.expected,gamescope,421,3793eae3b775e877b883a0ad9ac636332e3d19003ef520dd0f3f2f5275afad77
external-and-mods/gamescope/src/reshade/deps/openxr/src/external/jsoncpp/test/data/legacy_test_comment_02.json,gamescope,505,d3515ae647f4a263788f609585335f977ad9e83ae63997d38ef4fc3536d0bd61
external-and-mods/gamescope/src/reshade/deps/openxr/src/external/jsoncpp/test/data/legacy_test_complex_01.expected,gamescope,338,b23d99779e167fc193acb933016804dcdbb9d072ccee446dd6b1b283d397745f
external-and-mods/gamescope/src/reshade/deps/openxr/src/external/jsoncpp/test/data/legacy_test_complex_01.json,gamescope,236,f72fd6dfc8b0f441bf32759f0b7875803633c2a4e14dc580ae465ab1dd37f9f7
external-and-mods/gamescope/src/reshade/deps/openxr/src/external/jsoncpp/test/data/legacy_test_integer_01.expected,gamescope,35,4744d5115a02d86016756ec92d3c59ce287fa05ab097bc4aaeee37264d881066
external-and-mods/gamescope/src/reshade/deps/openxr/src/external/jsoncpp/test/data/legacy_test_integer_01.json,gamescope,33,c53c6bd2e0da0a4c79c98a6b6eb16fbd6b8470d01141a2337c3dced1e64b5a56
external-and-mods/gamescope/src/reshade/deps/openxr/src/external/jsoncpp/test/data/legacy_test_integer_02.expected,gamescope,36,d7b1b8569b3c98ffe79e322ab2088ec6482f9a8f4f2c4df5a6b48939b073c8ce
external-and-mods/gamescope/src/reshade/deps/openxr/src/external/jsoncpp/test/data/legacy_test_integer_02.json,gamescope,34,630cc3905a54938bf8d355a0afce2cb9cf06d9b07abe7828c89f47e181da01a6
external-and-mods/gamescope/src/reshade/deps/openxr/src/external/jsoncpp/test/data/legacy_test_integer_03.expected,gamescope,37,4a8bc326ef8589201da7be8cc0fcb6d1e6f26df74b1fbcd49700c0f82c533963
external-and-mods/gamescope/src/reshade/deps/openxr/src/external/jsoncpp/test/data/legacy_test_integer_03.json,gamescope,35,accd6692206fb310c1b5fda680196e29b41d6bc02c2f39eeca61a886fdf4f82b
external-and-mods/gamescope/src/reshade/deps/openxr/src/external/jsoncpp/test/data/legacy_test_integer_04.expected,gamescope,29,4879bd2723faf1f3fbf651f871a0bc70484e04a8e4719a5e27a757f43661468e
external-and-mods/gamescope/src/reshade/deps/openxr/src/external/jsoncpp/test/data/legacy_test_integer_04.json,gamescope,27,511736047f8e03c33917976cf63a442218a273b6e40df63b7f6772eadba46300
external-and-mods/gamescope/src/reshade/deps/openxr/src/external/jsoncpp/test/data/legacy_test_integer_05.expected,gamescope,5,58e71e874b2648384e117692cc3a53c34bff05a852957a66a5226cbc1ae49e03
external-and-mods/gamescope/src/reshade/deps/openxr/src/external/jsoncpp/test/data/legacy_test_integer_05.json,gamescope,3,5a0a2b76858bf8cc147613f783d84cd22c0047d142ba0d9ce13fcedf953b57ed
external-and-mods/gamescope/src/reshade/deps/openxr/src/external/jsoncpp/test/data/legacy_test_integer_06_64bits.expected,gamescope,22,dacadeaaee2257f0aa890190b9740b9e7b4b30d91209e369ba4d14b97be9dd4e
external-and-mods/gamescope/src/reshade/deps/openxr/src/external/jsoncpp/test/data/legacy_test_integer_06_64bits.json,gamescope,21,76f153aeaae282d8ef11dd18c8c0e90a525f20936c206cd144e8961591e45575
external-and-mods/gamescope/src/reshade/deps/openxr/src/external/jsoncpp/test/data/legacy_test_integer_07_64bits.expected,gamescope,23,b79e26262565797854d099c59c1ffb8366ecc84e0c25a2a96daa6a215579901a
external-and-mods/gamescope/src/reshade/deps/openxr/src/external/jsoncpp/test/data/legacy_test_integer_07_64bits.json,gamescope,22,821072bb7399748137189a9f5d032a6a7c8f3568cb3cd487064b8e9c0e4ee9c9
external-and-mods/gamescope/src/reshade/deps/openxr/src/external/jsoncpp/test/data/legacy_test_integer_08_64bits.expected,gamescope,23,e09f147729c35ad1fe34ea862e5fbe703aaa562e5fa2290d6c10a068dfd20012
external-and-mods/gamescope/src/reshade/deps/openxr/src/external/jsoncpp/test/data/legacy_test_integer_08_64bits.json,gamescope,22,17dc9f57ff8954fd708b04653004b281f2feb1678fe6c90aa159a60cccb61e77
external-and-mods/gamescope/src/reshade/deps/openxr/src/external/jsoncpp/test/data/legacy_test_large_01.expected,gamescope,31712,9b4d9d3f5e4905353bb9447c237608d061825b79658b827d82ed5f7173a8524d
external-and-mods/gamescope/src/reshade/deps/openxr/src/external/jsoncpp/test/data/legacy_test_large_01.json,gamescope,9493,da196295d91bb5ab20dcf850735c3442a8bd08ced3f501e57e848e3f2d830ea8
external-and-mods/gamescope/src/reshade/deps/openxr/src/external/jsoncpp/test/data/legacy_test_object_01.expected,gamescope,5,44c7db60db7e621734900132c421d27de0824539cdc94435b66aa4eaf7a32f63
external-and-mods/gamescope/src/reshade/deps/openxr/src/external/jsoncpp/test/data/legacy_test_object_01.json,gamescope,3,ca3d163bab055381827226140568f3bef7eaac187cebd76878e0b63e9e442356
external-and-mods/gamescope/src/reshade/deps/openxr/src/external/jsoncpp/test/data/legacy_test_object_02.expected,gamescope,17,9e98db473e4d8b210281f8453e0a3131f5cfa1cca7b19f549ee0aac7de5af01f
external-and-mods/gamescope/src/reshade/deps/openxr/src/external/jsoncpp/test/data/legacy_test_object_02.json,gamescope,19,4d5d2e1fd2450cdb62865ab6ad4cda075f8e87e18903cf50476cab4e364ccb1f
external-and-mods/gamescope/src/reshade/deps/openxr/src/external/jsoncpp/test/data/legacy_test_object_03.expected,gamescope,50,cbf39bf70ee89de01d8dd4d58f2bc130843165ddce8d86c3aa43ba336890a408
external-and-mods/gamescope/src/reshade/deps/openxr/src/external/jsoncpp/test/data/legacy_test_object_03.json,gamescope,63,322cbc879ebbe3fb77f9448e78fef6f8c54fd79f096b5dcc8c22cb1683a71f30
external-and-mods/gamescope/src/reshade/deps/openxr/src/external/jsoncpp/test/data/legacy_test_object_04.expected,gamescope,12,2c91a528d6d022191cf6ac2f000885ec730f285d19ce47545f45e18ace8247ae
external-and-mods/gamescope/src/reshade/deps/openxr/src/external/jsoncpp/test/data/legacy_test_object_04.json,gamescope,15,6efafe060156ec04d91efd4883b4fe0ce05bca94afc0e7d0b33e53222c89f9a7
external-and-mods/gamescope/src/reshade/deps/openxr/src/external/jsoncpp/test/data/legacy_test_preserve_comment_01.expected,gamescope,149,9884760f3fbac5f461bd0da52d5a26e69d522cf476f2f30b4c4871fc0e50a27f
external-and-mods/gamescope/src/reshade/deps/openxr/src/external/jsoncpp/test/data/legacy_test_preserve_comment_01.json,gamescope,205,bb1826b49e0bf2a5da0e2a9725c804f35da0b32396b09390f684751e5e916079
external-and-mods/gamescope/src/reshade/deps/openxr/src/external/jsoncpp/test/data/legacy_test_real_01.expected,gamescope,64,c33823c6a96a0886ad71d087b7b3025eef6dd88616397ed763273f273c5f092d
external-and-mods/gamescope/src/reshade/deps/openxr/src/external/jsoncpp/test/data/legacy_test_real_01.json,gamescope,62,bf19a6c513b665d94f3fa521a36e7248d6c7e39f1b04989435962bfc6f2fef3b
external-and-mods/gamescope/src/reshade/deps/openxr/src/external/jsoncpp/test/data/legacy_test_real_02.expected,gamescope,73,e6a6aaea446f3f17abc401b173e11dfce9a8a5efebe02ae284835ba3c7a72e11
external-and-mods/gamescope/src/reshade/deps/openxr/src/external/jsoncpp/test/data/legacy_test_real_02.json,gamescope,71,a0f28c147988c26a7b0321e06f0c32b70cf6dfe5d9c7b0f4c02512b9f3370bac
external-and-mods/gamescope/src/reshade/deps/openxr/src/external/jsoncpp/test/data/legacy_test_real_03.expected,gamescope,73,e6a6aaea446f3f17abc401b173e11dfce9a8a5efebe02ae284835ba3c7a72e11
external-and-mods/gamescope/src/reshade/deps/openxr/src/external/jsoncpp/test/data/legacy_test_real_03.json,gamescope,71,a0f28c147988c26a7b0321e06f0c32b70cf6dfe5d9c7b0f4c02512b9f3370bac
external-and-mods/gamescope/src/reshade/deps/openxr/src/external/jsoncpp/test/data/legacy_test_real_04.expected,gamescope,26,f22f2a5ebfee7e6e544496d2fcd774a91de3f3330a1e269003fafe015e1af9eb
external-and-mods/gamescope/src/reshade/deps/openxr/src/external/jsoncpp/test/data/legacy_test_real_04.json,gamescope,26,338f311848ce83e287b918930c5bfecaa6c0048e28447cdce593b9cc0760fc01
external-and-mods/gamescope/src/reshade/deps/openxr/src/external/jsoncpp/test/data/legacy_test_real_05.expected,gamescope,27,42829ac5ecae4d0d470777bfb32a0da3701c698e95068e551aa10a1da635516d
external-and-mods/gamescope/src/reshade/deps/openxr/src/external/jsoncpp/test/data/legacy_test_real_05.json,gamescope,27,734df1383d838a9c24b5a435c018272ac4e855460aa44a892a94f3c7fc6986f3
external-and-mods/gamescope/src/reshade/deps/openxr/src/external/jsoncpp/test/data/legacy_test_real_06.expected,gamescope,29,f8d2bf0e46f4ab0c958c68e1bb95e75fb58c98e923ccdc2e30508978b1beca6d
external-and-mods/gamescope/src/reshade/deps/openxr/src/external/jsoncpp/test/data/legacy_test_real_06.json,gamescope,28,ae921d86c6deef54bc06469d3ff706817643cc6888dd95b37c716ba55ffa45e0
external-and-mods/gamescope/src/reshade/deps/openxr/src/external/jsoncpp/test/data/legacy_test_real_07.expected,gamescope,29,abdaa6db44c0bb870170d40406bda1ac9a514b2624af8e0f753613aad4406ded
external-and-mods/gamescope/src/reshade/deps/openxr/src/external/jsoncpp/test/data/legacy_test_real_07.json,gamescope,29,5b5a6b2a05743ee353da7088fde6c169eb181bb69e722ab2a6d277d4af493fc0
external-and-mods/gamescope/src/reshade/deps/openxr/src/external/jsoncpp/test/data/legacy_test_real_08.expected,gamescope,210,72c91e63378d089f84f2e21b1b26a18d2df19a280d5bc1924e07025979bc33de
external-and-mods/gamescope/src/reshade/deps/openxr/src/external/jsoncpp/test/data/legacy_test_real_08.json,gamescope,208,8394ecaba3468a9102f6803c2287778f797ccb8a4a15289fb56a118cc7ae0c03
external-and-mods/gamescope/src/reshade/deps/openxr/src/external/jsoncpp/test/data/legacy_test_real_09.expected,gamescope,207,f33535e448b9b5d158959a74a130aa451303c450742a5e091426045ef44d960c
external-and-mods/gamescope/src/reshade/deps/openxr/src/external/jsoncpp/test/data/legacy_test_real_09.json,gamescope,218,ad7894b09e8b267f055d37a66795dd9ac2d26d663baa7d6dbe2b8f6f598f77cc
external-and-mods/gamescope/src/reshade/deps/openxr/src/external/jsoncpp/test/data/legacy_test_real_10.expected,gamescope,214,ebbd15bb46373ce28ae02dda0b47eaf515d07b82f2f47e175f9dc69682976748
external-and-mods/gamescope/src/reshade/deps/openxr/src/external/jsoncpp/test/data/legacy_test_real_10.json,gamescope,212,2b8911292f66af818397099b4f802fc14810dd63d3ec69bd7c15bd6012fb81e4
external-and-mods/gamescope/src/reshade/deps/openxr/src/external/jsoncpp/test/data/legacy_test_real_11.expected,gamescope,213,bb5a3e1ad73d90f8c88a8a5e11901f8921ed8377e97f2671c782a87e89cf8f5e
external-and-mods/gamescope/src/reshade/deps/openxr/src/external/jsoncpp/test/data/legacy_test_real_11.json,gamescope,223,e876c96179bb9e7ebf0a44b196867e39d1aa50723f74fccd4c215a70a5d70169
external-and-mods/gamescope/src/reshade/deps/openxr/src/external/jsoncpp/test/data/legacy_test_real_12.expected,gamescope,53,a2a25aee2c3be39ea97b7060dcdedb5c67a86738b956bd74bc434b01bc7cda57
external-and-mods/gamescope/src/reshade/deps/openxr/src/external/jsoncpp/test/data/legacy_test_real_12.json,gamescope,50,dd50fc1100f45737991dcd7a9224dc751be141467762b5f62d8cd63c6f57dad0
external-and-mods/gamescope/src/reshade/deps/openxr/src/external/jsoncpp/test/data/legacy_test_string_01.expected,gamescope,98,3ee77d9360068fb6e94d6386667eb2eb5651f42a262440aa1226278cbe733e83
external-and-mods/gamescope/src/reshade/deps/openxr/src/external/jsoncpp/test/data/legacy_test_string_01.json,gamescope,99,1f14615c12c9fb4a0dcc691daf2f6207c264147f838723a916d710a4b0fdecaf
external-and-mods/gamescope/src/reshade/deps/openxr/src/external/jsoncpp/test/data/legacy_test_string_02.expected,gamescope,1884,e65f0ddcc4124dbfc99a29318b6de9425eda09b28b997394f39f5d6e83f47861
external-and-mods/gamescope/src/reshade/deps/openxr/src/external/jsoncpp/test/data/legacy_test_string_02.json,gamescope,1923,3cae2cb030fac7e4c7d573ad1c1da8e467080edab25c6fa6bfffc6428acce859
external-and-mods/gamescope/src/reshade/deps/openxr/src/external/jsoncpp/test/data/legacy_test_string_03.expected,gamescope,35,3a6800d4a108fb8281732ff5e6c7e6d4d0b653f6a73f8340e8f448eb820bf3e7
external-and-mods/gamescope/src/reshade/deps/openxr/src/external/jsoncpp/test/data/legacy_test_string_03.json,gamescope,37,cc10ec5ead443b571fd21e0656911b177e5bf8b8780f66eb49178701bb6b97e1
external-and-mods/gamescope/src/reshade/deps/openxr/src/external/jsoncpp/test/data/legacy_test_string_04.expected,gamescope,15,44b2db505e6054cc288902d345bbd33150b06c005f5e371d636f1e383ec59bd8
external-and-mods/gamescope/src/reshade/deps/openxr/src/external/jsoncpp/test/data/legacy_test_string_04.json,gamescope,16,5172719d4d5763da959e68d0da6bcad22103e7f2f7ba6414d81e84bf0bf663ef
external-and-mods/gamescope/src/reshade/deps/openxr/src/external/jsoncpp/test/data/legacy_test_string_05.expected,gamescope,45,8e9e07d5e1606d7f1c827ac2883c7b9a9d6b95954532c4acbc2a78741cd03215
external-and-mods/gamescope/src/reshade/deps/openxr/src/external/jsoncpp/test/data/legacy_test_string_05.json,gamescope,82,5c4a29014638603583793d3ad484a368fd6e3e438fe80659cf1a6d75ae4f8c4f
external-and-mods/gamescope/src/reshade/deps/openxr/src/external/jsoncpp/test/data/legacy_test_string_unicode_01.expected,gamescope,6,cf12e1b6f19cdd9d2a91ee0dd308ed7b64e4ec5bfcc32754318b5421ffbe9af3
external-and-mods/gamescope/src/reshade/deps/openxr/src/external/jsoncpp/test/data/legacy_test_string_unicode_01.json,gamescope,8,0aeb95f62766e68469af9ce64f77530be1109235683599a36a2186b9584cbf53
external-and-mods/gamescope/src/reshade/deps/openxr/src/external/jsoncpp/test/data/legacy_test_string_unicode_02.expected,gamescope,7,367808997cd9800ed8f8c1ea674a5f39029fefc8b755b45ed9b3bed1d101a556
external-and-mods/gamescope/src/reshade/deps/openxr/src/external/jsoncpp/test/data/legacy_test_string_unicode_02.json,gamescope,8,9dff52fa9c14255abd41292e881a4655655731888c35ffe6720653e881cd1d09
external-and-mods/gamescope/src/reshade/deps/openxr/src/external/jsoncpp/test/data/legacy_test_string_unicode_03.expected,gamescope,8,dec185493a5059bc9fdf6df325b1b33cfb29995a0855f8380674ece80a8b2070
external-and-mods/gamescope/src/reshade/deps/openxr/src/external/jsoncpp/test/data/legacy_test_string_unicode_03.json,gamescope,8,8f25aa9a5ab78e1d2ecfe9363201fa103ee046c3010124dda178a2a6e41662b7
external-and-mods/gamescope/src/reshade/deps/openxr/src/external/jsoncpp/test/data/legacy_test_string_unicode_04.expected,gamescope,9,bbbc431c0408043d41127d6fa5a86deab73ca3da16fd6058beb953f4996a7fa8
external-and-mods/gamescope/src/reshade/deps/openxr/src/external/jsoncpp/test/data/legacy_test_string_unicode_04.json,gamescope,14,9d231df813d5c2c9ba7043e768d78043eb27262ebdaab8c00ec82ba3bed7124d
external-and-mods/gamescope/src/reshade/deps/openxr/src/external/jsoncpp/test/data/legacy_test_string_unicode_05.expected,gamescope,32,c402707058a3207c42cc64a3f756ba4b5ba29f7f8d93e709cc63fce65a2a7b95
external-and-mods/gamescope/src/reshade/deps/openxr/src/external/jsoncpp/test/data/legacy_test_string_unicode_05.json,gamescope,28,72b7af314741f7fa270965170ea838465f33666290da26b42064929f61953ffd
external-and-mods/gamescope/src/reshade/deps/openxr/src/external/jsoncpp/test/data/test_array_08.expected,gamescope,12,daa5e6d09e5bdb2cb999971f3973013229ed8248967e6ce1db9c417a2b4800c1
external-and-mods/gamescope/src/reshade/deps/openxr/src/external/jsoncpp/test/data/test_array_08.json,gamescope,5,b7573fde0a44ae5f41e83b2a28dbbaf6964f021285c83d8ea7d003a2cd241e91
external-and-mods/gamescope/src/reshade/deps/openxr/src/external/jsoncpp/test/data/test_object_05.expected,gamescope,17,9e98db473e4d8b210281f8453e0a3131f5cfa1cca7b19f549ee0aac7de5af01f
external-and-mods/gamescope/src/reshade/deps/openxr/src/external/jsoncpp/test/data/test_object_05.json,gamescope,20,5c31a0d435dab114aee9c9119b19d9407a9cccd723b6def6277a35b792b05a1d
external-and-mods/gamescope/src/reshade/deps/openxr/src/external/jsoncpp/test/generate_expected.py,gamescope,576,4c3669361e35bf8d4544e0631f73567f2e0185282a149dcaddaafc516db89c4a
external-and-mods/gamescope/src/reshade/deps/openxr/src/external/jsoncpp/test/jsonchecker/fail1.json,gamescope,60,438b1027386f69e8ff72306d162bba30745cfc3ad99522c06b77093f6b2868b1
external-and-mods/gamescope/src/reshade/deps/openxr/src/external/jsoncpp/test/jsonchecker/fail10.json,gamescope,58,ffea57a589f965c41b8778f1f0b69a1f4b7a14f072b868389cd6e2d249a33246
external-and-mods/gamescope/src/reshade/deps/openxr/src/external/jsoncpp/test/jsonchecker/fail11.json,gamescope,29,ba669b02c583cdc66458f9318ec64f2787e1edded69cee94361d9d04bf87b591
external-and-mods/gamescope/src/reshade/deps/openxr/src/external/jsoncpp/test/jsonchecker/fail12.json,gamescope,31,8033711342b67e573d96916fd820730a0a12ee291bd2e4ae324df3455c3f825f
external-and-mods/gamescope/src/reshade/deps/openxr/src/external/jsoncpp/test/jsonchecker/fail13.json,gamescope,43,a9235f6b3a47a700d45a8cba0c0b01b62ed4b2fd8a0f10cfe7964bde5e8cc1e0
external-and-mods/gamescope/src/reshade/deps/openxr/src/external/jsoncpp/test/jsonchecker/fail14.json,gamescope,31,4c353586a59fd208964f41f12547ef9e403520b87e9d9fe73c0bd6951de36933
external-and-mods/gamescope/src/reshade/deps/openxr/src/external/jsoncpp/test/jsonchecker/fail15.json,gamescope,34,656c4510d2ae41d28f3bb5498a7df7e87652bbbb35a7c7ef7c28d4a3d1d59eae
external-and-mods/gamescope/src/reshade/deps/openxr/src/external/jsoncpp/test/jsonchecker/fail16.json,gamescope,8,4514053448b28818d0d23041242b0e1705ea0bbf9f2ee84694d4e0100bd90cc4
external-and-mods/gamescope/src/reshade/deps/openxr/src/external/jsoncpp/test/jsonchecker/fail17.json,gamescope,34,a806d560ae63698f5082c7e51189395be458d1709db63244d26846f5a1e1a91d
external-and-mods/gamescope/src/reshade/deps/openxr/src/external/jsoncpp/test/jsonchecker/fail18.json,gamescope,50,e663fb0874bda154424bc35b9aff5f61d73d1a8cb926ccf41311827f30456997
external-and-mods/gamescope/src/reshade/deps/openxr/src/external/jsoncpp/test/jsonchecker/fail19.json,gamescope,22,f262f8944e9f4346e80ccab07d2cc74f95928193210bc7a95c634f665f105b03
external-and-mods/gamescope/src/reshade/deps/openxr/src/external/jsoncpp/test/jsonchecker/fail2.json,gamescope,17,9dbe48572aa40ff5e44b7b0e691e1b487d37cd4cfb34cf5bb506a5b6e965ec3b
external-and-mods/gamescope/src/reshade/deps/openxr/src/external/jsoncpp/test/jsonchecker/fail20.json,gamescope,23,beff780d4797749a6180792d96de68b52eafbe3558578e2486b51c0fc384d3f0
external-and-mods/gamescope/src/reshade/deps/openxr/src/external/jsoncpp/test/jsonchecker/fail21.json,gamescope,32,d786f4c34fc330006cfd6ef9a855d4233ce7ea4ffdce19a1aeb6498ae0341edc
external-and-mods/gamescope/src/reshade/deps/openxr/src/external/jsoncpp/test/jsonchecker/fail22.json,gamescope,33,dd22ed47b00f7977a8fd058adbf448e7af9b4cf7299c8a11f21298ded07b9e03
external-and-mods/gamescope/src/reshade/deps/openxr/src/external/jsoncpp/test/jsonchecker/fail23.json,gamescope,20,5b746985dd2a3406e0d457dc38583b5ed26c2691950a10e1e50049a93c924a78
external-and-mods/gamescope/src/reshade/deps/openxr/src/external/jsoncpp/test/jsonchecker/fail24.json,gamescope,16,0389d0d5920ee2996811974bdcbfe05c9ca0ed79af909704b8485bc86f6eaf25
external-and-mods/gamescope/src/reshade/deps/openxr/src/external/jsoncpp/test/jsonchecker/fail25.json,gamescope,29,8305373703e9a50e767c42929d22bb69b377cf62a5aeba4dc60bfbf28939411d
external-and-mods/gamescope/src/reshade/deps/openxr/src/external/jsoncpp/test/jsonchecker/fail26.json,gamescope,38,032ff03c5b7bf611b5015000312a290b6fa7878ccb508c5ed5cc73cb2b649179
external-and-mods/gamescope/src/reshade/deps/openxr/src/external/jsoncpp/test/jsonchecker/fail27.json,gamescope,14,4a6ce093f89d76306dc76ccb5f6e468fb95c189eaa16d6b6c80954c21b3be635
external-and-mods/gamescope/src/reshade/deps/openxr/src/external/jsoncpp/test/jsonchecker/fail28.json,gamescope,15,a4a310e88adb621126f6e044f7919728d6fdf1df6a7d5a445e7215539f2ac264
external-and-mods/gamescope/src/reshade/deps/openxr/src/external/jsoncpp/test/jsonchecker/fail29.json,gamescope,4,cd279aa777afca083b346dbc2b62a1847c24f1556b619b7564842457f8949c93
external-and-mods/gamescope/src/reshade/deps/openxr/src/external/jsoncpp/test/jsonchecker/fail3.json,gamescope,37,6903daf61af5b38e0bc66d8da4f13631e2c2d03598169fe2d7c45d2504d310b9
external-and-mods/gamescope/src/reshade/deps/openxr/src/external/jsoncpp/test/jsonchecker/fail30.json,gamescope,5,3f54bdbbd4e3ad547fa457b5810df7c96f2d2c3bc6985e11202ffd1d42116889
external-and-mods/gamescope/src/reshade/deps/openxr/src/external/jsoncpp/test/jsonchecker/fail31.json,gamescope,7,25981c42fdd25646ab17d57bfaa65e4b2d7b791fdf13840e75c5a9e8f66dec70
external-and-mods/gamescope/src/reshade/deps/openxr/src/external/jsoncpp/test/jsonchecker/fail32.json,gamescope,40,15388c40b8b3920b49a317f303140234fecaa37d6adc8056f54b8d7d79cfba87
external-and-mods/gamescope/src/reshade/deps/openxr/src/external/jsoncpp/test/jsonchecker/fail33.json,gamescope,12,df72f007b029ebe06bffcd6083deff92aae557aa172eaf7e2504a3222dc73b60
external-and-mods/gamescope/src/reshade/deps/openxr/src/external/jsoncpp/test/jsonchecker/fail4.json,gamescope,16,15836776fdc7d0473f68c35c1295e473d57c215af1232b439b28120f674be45f
external-and-mods/gamescope/src/reshade/deps/openxr/src/external/jsoncpp/test/jsonchecker/fail5.json,gamescope,24,40b23c469b617b09914010ee5c5aa0faa706061f77b4a96b374742c18bb17d42
external-and-mods/gamescope/src/reshade/deps/openxr/src/external/jsoncpp/test/jsonchecker/fail6.json,gamescope,26,9cac15bfc3db16d965b9074329f4b7b26443fd4ccbf21cc545cc718114cbda20
external-and-mods/gamescope/src/reshade/deps/openxr/src/external/jsoncpp/test/jsonchecker/fail7.json,gamescope,26,d9b01bb868ba4a6156085744bddf7acf119125aaf40e19e404b284e99b1973e0
external-and-mods/gamescope/src/reshade/deps/openxr/src/external/jsoncpp/test/jsonchecker/fail8.json,gamescope,16,fbb0928ebab6b0f1aa7b5a7f10453bf89cc7ed56185bd783836ceedeec248ea8
external-and-mods/gamescope/src/reshade/deps/openxr/src/external/jsoncpp/test/jsonchecker/fail9.json,gamescope,22,a3a4796b5ddb6c80e894113c690a75e5290ef109601dee2e277f652bc6d6a163
external-and-mods/gamescope/src/reshade/deps/openxr/src/external/jsoncpp/test/jsonchecker/pass1.json,gamescope,1441,a46f670e9676dd3d5a22ccbd44be74391cd57867f0a20ee9c5bba2c1e9742239
external-and-mods/gamescope/src/reshade/deps/openxr/src/external/jsoncpp/test/jsonchecker/pass2.json,gamescope,52,7f9deff2652df58a02ca676ff9494de3d93f18db64c7f20f9596dffb8c92f187
external-and-mods/gamescope/src/reshade/deps/openxr/src/external/jsoncpp/test/jsonchecker/pass3.json,gamescope,148,45aaef317f170e5490aa4a18cc301f6d5e03ee617980dec1b15403abf6c537f4
external-and-mods/gamescope/src/reshade/deps/openxr/src/external/jsoncpp/test/jsonchecker/readme.txt,gamescope,173,c328f63bf745f377cc79490a3eafaab4e0482a97e4a8cd85b5f381c30304f253
external-and-mods/gamescope/src/reshade/deps/openxr/src/external/jsoncpp/test/pyjsontestrunner.py,gamescope,2353,76f2665704d19d5aa6e174022dded0a0bd9ad19f6b77faeff67516f4e3a69007
external-and-mods/gamescope/src/reshade/deps/openxr/src/external/jsoncpp/test/runjsontests.py,gamescope,8085,790db7feff280e04f9b84937c04bb17e09a858bca781741d27ee020287e88140
external-and-mods/gamescope/src/reshade/deps/openxr/src/external/jsoncpp/test/rununittests.py,gamescope,2922,ab719a1a40aed60ad6e4a7f99eafc839f3e8136711fd65b704857b8602f3a8d0
external-and-mods/gamescope/src/reshade/deps/openxr/src/external/jsoncpp/version.in,gamescope,18,72bde516ea1048f065568f467cb76ffbd42ad6fee2eb32632bedcb814c4a1bfd
external-and-mods/gamescope/src/reshade/deps/openxr/src/loader/.gitignore,gamescope,122,24084b05cd2361ea825d35c040ddce84d7cff28016a44ece0bb34b30d0059863
external-and-mods/gamescope/src/reshade/deps/openxr/src/loader/AndroidManifest.xml.in,gamescope,1198,6576926a386d547aa3c7c2db32cc28cbdbdc77017db9b3dd299312b3d244466a
external-and-mods/gamescope/src/reshade/deps/openxr/src/loader/CMakeLists.txt,gamescope,16552,2748e5df318f4f37d48f6992f0fcbac140761bbd3d579234daac7cc251ff6b5b
external-and-mods/gamescope/src/reshade/deps/openxr/src/loader/OpenXRConfig.cmake.in,gamescope,375,3a178a581659cd17a8972827f4b0860557c19e2914c44936f606057a8122c8f4
external-and-mods/gamescope/src/reshade/deps/openxr/src/loader/abi.json,gamescope,117,7cd3572a9f58e3b3f2b36bf9e9c64ee947d4d58093d4b270e827fd3c28bab259
external-and-mods/gamescope/src/reshade/deps/openxr/src/loader/abi.json.license,gamescope,92,4ba061a04ea45819f91e828ddb663a16663cceac1d3b47f1bcd65e9554083af9
external-and-mods/gamescope/src/reshade/deps/openxr/src/loader/additional_manifest.mf.in,gamescope,352,b43fc99eeabc97491e33ec6d400011508209507708f0a1ca5f20d8d76accb190
external-and-mods/gamescope/src/reshade/deps/openxr/src/loader/additional_manifest.mf.in.license,gamescope,91,fc7a2a0d746bb81a2ded96bae0aebe36a96977cad476349f4722fb3f4e8d82ac
external-and-mods/gamescope/src/reshade/deps/openxr/src/loader/android_utilities.cpp,gamescope,12702,618b6e00ed0d68694e8ac3213dd866ea97c58dc3be28145bf0f9acdbfc613c96
external-and-mods/gamescope/src/reshade/deps/openxr/src/loader/android_utilities.h,gamescope,913,fedb7452d35f96eee3a9e04ba67f5726dc57b7040dd6d7e170ca755329e0b271
external-and-mods/gamescope/src/reshade/deps/openxr/src/loader/api_layer_interface.cpp,gamescope,22759,a1a30e71e65f1c32205517a81702b70be53d36b1d9ac0d788f2de58c3edf89af
external-and-mods/gamescope/src/reshade/deps/openxr/src/loader/api_layer_interface.hpp,gamescope,2203,d7bda923cdd203326fcd835fcd4b9eaed4bb3dc7c8982595d205d15e757df746
external-and-mods/gamescope/src/reshade/deps/openxr/src/loader/exception_handling.hpp,gamescope,1600,de36743685481f09f235c8b394031827e8a61cab4ad1168abff59e22743281e4
external-and-mods/gamescope/src/reshade/deps/openxr/src/loader/loader.rc,gamescope,2713,741e67e90a60b40b6f3212bee07a312de4fdda0ef0464fb395585bc3c90d3010
external-and-mods/gamescope/src/reshade/deps/openxr/src/loader/loader_core.cpp,gamescope,44693,369eb9f03197ab15219ff6bd2c50a0a3bbc989f55480228d4349ca87a3fb7f6f
external-and-mods/gamescope/src/reshade/deps/openxr/src/loader/loader_init_data.cpp,gamescope,2337,5c3c04cc151d545497da61a8468ee961309751d0772cd50cfd0350b30d0c567f
external-and-mods/gamescope/src/reshade/deps/openxr/src/loader/loader_init_data.hpp,gamescope,2668,513c142884eb9ff9aa5a676ce788c02fc2dc1962de3958a0bda1680f92975597
external-and-mods/gamescope/src/reshade/deps/openxr/src/loader/loader_instance.cpp,gamescope,13279,085976c603a1393648ee7499334abe278c0b70ba08c11252ede301dfc732ad45
external-and-mods/gamescope/src/reshade/deps/openxr/src/loader/loader_instance.hpp,gamescope,3228,fb1dcb3f42dac131518f123ad03e788ec09f8aec56abbf8de2593930998d3070
external-and-mods/gamescope/src/reshade/deps/openxr/src/loader/loader_logger.cpp,gamescope,11101,8881c6f7e88af5f651b2f5cad02bc51a7917228d8bcc82615b39ff303824ba6f
external-and-mods/gamescope/src/reshade/deps/openxr/src/loader/loader_logger.hpp,gamescope,8749,f0a8894ddcb8dced8de26fdba536c5692b2ea01ca30d7b70a4a15c7a72dbef83
external-and-mods/gamescope/src/reshade/deps/openxr/src/loader/loader_logger_recorders.cpp,gamescope,13029,3bcfda32eadec0738b1e5c10897bbb5f685dd4bb71387f7ab9f8edc068cf895e
external-and-mods/gamescope/src/reshade/deps/openxr/src/loader/loader_logger_recorders.hpp,gamescope,1434,62cbef2647991e49674f52c215e28dea6274d4d248e01d2a28cca03ea8e0b8ea
external-and-mods/gamescope/src/reshade/deps/openxr/src/loader/loader_platform.hpp,gamescope,6711,da3ae9288ecc7b55f3aad877400ebe1b75a0afa8a345ee3bcb4fa1b97955e762
external-and-mods/gamescope/src/reshade/deps/openxr/src/loader/manifest_file.cpp,gamescope,42514,30fcbde1e27d85d35c66ff68d791447e40a935a44e8e8a873e4f6a1eafd6b870
external-and-mods/gamescope/src/reshade/deps/openxr/src/loader/manifest_file.hpp,gamescope,4558,a7038714e52ff0da93482f4077a82ff513a2aad8df8a75ac46250bd21fae289f
external-and-mods/gamescope/src/reshade/deps/openxr/src/loader/module.json,gamescope,168,a406414d4f481adf1ebb4f713a836717dd724fb8e4e16c0536fa9dea6f693688
external-and-mods/gamescope/src/reshade/deps/openxr/src/loader/module.json.license,gamescope,92,4ba061a04ea45819f91e828ddb663a16663cceac1d3b47f1bcd65e9554083af9
external-and-mods/gamescope/src/reshade/deps/openxr/src/loader/openxr-loader.def,gamescope,1526,e5d88fd917e792de6010814922d9314e1257d8cf0002ec0a7c5379a190ff8a70
external-and-mods/gamescope/src/reshade/deps/openxr/src/loader/openxr-loader.expsym,gamescope,1345,35a488752983d11b6153e3837d08521a1e382861316854801aab17a7ce9ea2c2
external-and-mods/gamescope/src/reshade/deps/openxr/src/loader/openxr-loader.map.license,gamescope,92,d790fef8c26833517658c4d4ed5e990efc1be303db36f661a64c655adc26e0b6
external-and-mods/gamescope/src/reshade/deps/openxr/src/loader/openxr.pc.in,gamescope,390,6b515c115a7908d9bf00e4691ace110cb8a83d8bb6cb79707132bdbf76696c7e
external-and-mods/gamescope/src/reshade/deps/openxr/src/loader/openxr_loader_for_android.pom,gamescope,1317,a605683aeb6c4ab2d1364c202835bafa1eb58175ea58e243e03826ffb61908b4
external-and-mods/gamescope/src/reshade/deps/openxr/src/loader/prefab.json,gamescope,116,5d30daa48ea48dcfc940b597bf258b6d4e7f724e3b5e82777ef4774eb267d20e
external-and-mods/gamescope/src/reshade/deps/openxr/src/loader/prefab.json.license,gamescope,92,4ba061a04ea45819f91e828ddb663a16663cceac1d3b47f1bcd65e9554083af9
external-and-mods/gamescope/src/reshade/deps/openxr/src/loader/runtime_interface.cpp,gamescope,19250,9500194903455f2a8fd3c57660b7ec113d38e1c1175527f0b176fd61e24719c7
external-and-mods/gamescope/src/reshade/deps/openxr/src/loader/runtime_interface.hpp,gamescope,2871,f884130327eb56f5f3d6a0cd2ec3a417250870fb2cec030fa23457d7126cf814
external-and-mods/gamescope/src/reshade/deps/openxr/src/loader/settings.gradle,gamescope,93,9f1eec7b55973ab74425753ca269a6e01e566bca9466aff3825935f0e90dec8e
external-and-mods/gamescope/src/reshade/deps/openxr/src/loader/xr_generated_loader.cpp,gamescope,31726,772a5f3d440cefe4ebda32019f82cfd0fe9ee77807e49809772c7b250cacfbc5
external-and-mods/gamescope/src/reshade/deps/openxr/src/loader/xr_generated_loader.hpp,gamescope,14468,c04cdca8dc2a552db37f1ec71744f2d18a2453909875152af1a351cdbd4805b8
external-and-mods/gamescope/src/reshade/deps/openxr/src/version.cmake,gamescope,2941,87ce9641558ed82a101aafe173b55ee7f5907d73600cdb6288749558614fb1c6
external-and-mods/gamescope/src/reshade/deps/openxr/src/xr_generated_dispatch_table.c,gamescope,39261,4e12e3f5b806c7ef74ccf5362c5a67c3c236dd0bf3fa5a10a05d03293df55bc2
external-and-mods/gamescope/src/reshade/deps/openxr/src/xr_generated_dispatch_table.h,gamescope,24030,06507c0baaee73bbcc9cf121adcf2be5b42291617de403274a2763a22e3dda12
external-and-mods/gamescope/src/reshade/deps/openxr/src/xr_generated_dispatch_table_core.c,gamescope,8325,664611f4de6f14be5a550938b38b708939be91008eca7c9b4e0d738d72481f53
external-and-mods/gamescope/src/reshade/deps/openxr/src/xr_generated_dispatch_table_core.h,gamescope,4982,f22e240b251b99fe6d862264f976b1648def88bfdd2dce7e7b103cb48fceab91
external-and-mods/gamescope/src/reshade/deps/spirv/.gitattributes,gamescope,72,0bfa620beefedeab026b247a8282e483c225b491f5d7c5bbee741fbbb9e62b81
external-and-mods/gamescope/src/reshade/deps/spirv/.gitignore,gamescope,20,02ef26c1818fbf294636d85c15deb9bf59c82bc4df27c56f79184171234c1bd3
external-and-mods/gamescope/src/reshade/deps/spirv/BUILD.bazel,gamescope,3027,0c489412cbad09db61213ccbf50fbd4a27cc24ddb9a014c8d69d2db83e508dc7
external-and-mods/gamescope/src/reshade/deps/spirv/BUILD.gn,gamescope,1871,e2c8f516e79e38f693318cf4ae52d8ff299f1422bbc6c87dcf5d672df5f14aef
external-and-mods/gamescope/src/reshade/deps/spirv/CMakeLists.txt,gamescope,4293,ae4c0b17d1190580945745e0fc9ed54968941fcd6c97e818a6db35c44f2f6969
external-and-mods/gamescope/src/reshade/deps/spirv/CODE_OF_CONDUCT.md,gamescope,280,a25e58cd66a9543e1500db9a5c3c027e874893ad1a264530bf26eb10918b5d80
external-and-mods/gamescope/src/reshade/deps/spirv/LICENSE,gamescope,1309,9b243f6f0bf44e295ff411a0f7b7642d1d0dff7cdc42507e9f7206f439e51b5a
external-and-mods/gamescope/src/reshade/deps/spirv/README.md,gamescope,7578,026e19f13b4f3de007a69c9faa593b91ab47b2a58368dfeb853bc43e59c38b1b
external-and-mods/gamescope/src/reshade/deps/spirv/WORKSPACE,gamescope,0,e3b0c44298fc1c149afbf4c8996fb92427ae41e4649b934ca495991b7852b855
external-and-mods/gamescope/src/reshade/deps/spirv/cmake/Config.cmake.in,gamescope,125,e154a6716c7bfb80534ad6e59c8c89a2d53ed4c2c84e703e0477454cb5c8ad5c
external-and-mods/gamescope/src/reshade/deps/spirv/example/CMakeLists.txt,gamescope,355,38ce838633437b418001aab6c6bbf18515508ebe85c20d81b368ed86b6051e08
external-and-mods/gamescope/src/reshade/deps/spirv/example/example-1.1.cpp,gamescope,1887,1538cf4862f295bb8e0c4174f0defd104dbe0807f10457c74e98ebbc9399edcf
external-and-mods/gamescope/src/reshade/deps/spirv/example/example.cpp,gamescope,1660,1a06959f7f5e4b74f3686688d63ac18326d284095aac33fd1427ced4acb321ec
external-and-mods/gamescope/src/reshade/deps/spirv/include/spirv/1.0/GLSL.std.450.h,gamescope,4127,20f32378793c5f416bc0704f44345c2a14c99cba3f411e3beaf1bcea372d58ba
external-and-mods/gamescope/src/reshade/deps/spirv/include/spirv/1.0/OpenCL.std.h,gamescope,4788,1bf64f1224a5368b7ae8182a5f9ebb29ebda56c43ddf1a387220c248a4963e49
external-and-mods/gamescope/src/reshade/deps/spirv/include/spirv/1.0/extinst.glsl.std.450.grammar.json,gamescope,14747,3bcf78c13b71a9ebba51e890c55f41a5e0f47ba283bc7c08fd7e1344ea5f47a6
external-and-mods/gamescope/src/reshade/deps/spirv/include/spirv/1.0/extinst.opencl.std.100.grammar.json,gamescope,29376,b6be3248af8e6150332ec5d9df2e578b364d588c762533831b7550f607a73ff8
external-and-mods/gamescope/src/reshade/deps/spirv/include/spirv/1.0/spirv.core.grammar.json,gamescope,164356,0ee6f4207abffdfb13cd0ef3f3166eb56c58282df970325f87371538b98c2b55
external-and-mods/gamescope/src/reshade/deps/spirv/include/spirv/1.0/spirv.cs,gamescope,30372,7ae09b3799f6d533765d1f321a4f2e2fce46e48ded27308d5bd3adffb1b4ec42
external-and-mods/gamescope/src/reshade/deps/spirv/include/spirv/1.0/spirv.h,gamescope,33460,2d5012f7c72d90550f288d9a8f7d8bf4fab85522d42b9e25240d68bac5bbda7b
external-and-mods/gamescope/src/reshade/deps/spirv/include/spirv/1.0/spirv.hpp,gamescope,30970,6a788efe40b59ae770bed56072b9c65cb2d998a0ccc706e849082835ecf7ab26
external-and-mods/gamescope/src/reshade/deps/spirv/include/spirv/1.0/spirv.hpp11,gamescope,25436,a7d79fd03dd5a8e7a2b543415e804d0f47fa0c68d13bc3b2163caadcf7a5c938
external-and-mods/gamescope/src/reshade/deps/spirv/include/spirv/1.0/spirv.json,gamescope,39137,0d65e97a7ddb2e987fef1e58bf0ff32de2c9475c1e9aa7557c88dd7b37906206
external-and-mods/gamescope/src/reshade/deps/spirv/include/spirv/1.0/spirv.lua,gamescope,25964,02828ad5fba2cb80313cbc888ab8e5a97bb46071b078073c5e5c48ae8ec6d6a0
external-and-mods/gamescope/src/reshade/deps/spirv/include/spirv/1.0/spirv.py,gamescope,27578,f26b9f9ed7df9c95004953662547c26b63ccda8a04e4260a883a6c891e4e1be5
external-and-mods/gamescope/src/reshade/deps/spirv/include/spirv/1.1/GLSL.std.450.h,gamescope,4127,20f32378793c5f416bc0704f44345c2a14c99cba3f411e3beaf1bcea372d58ba
external-and-mods/gamescope/src/reshade/deps/spirv/include/spirv/1.1/OpenCL.std.h,gamescope,4788,1bf64f1224a5368b7ae8182a5f9ebb29ebda56c43ddf1a387220c248a4963e49
external-and-mods/gamescope/src/reshade/deps/spirv/include/spirv/1.1/extinst.glsl.std.450.grammar.json,gamescope,14747,3bcf78c13b71a9ebba51e890c55f41a5e0f47ba283bc7c08fd7e1344ea5f47a6
external-and-mods/gamescope/src/reshade/deps/spirv/include/spirv/1.1/extinst.opencl.std.100.grammar.json,gamescope,29376,b6be3248af8e6150332ec5d9df2e578b364d588c762533831b7550f607a73ff8
external-and-mods/gamescope/src/reshade/deps/spirv/include/spirv/1.1/spirv.core.grammar.json,gamescope,169138,1c1fdaf1c7f5a5e43368e9058158f9dfa8818fa2af9690969479eafdd3a312e8
external-and-mods/gamescope/src/reshade/deps/spirv/include/spirv/1.1/spirv.cs,gamescope,31200,35b7d6589f7af7ddfc7cb767087ed91bc995e9cbdcd10720c87ff017908ade9e
external-and-mods/gamescope/src/reshade/deps/spirv/include/spirv/1.1/spirv.h,gamescope,34331,bff97d2f7597ed7e7e179cd989e92746e3baba2244b4845cf81fc3a1e0199475
external-and-mods/gamescope/src/reshade/deps/spirv/include/spirv/1.1/spirv.hpp,gamescope,31775,ad8ba5758ef28fc5cecbc2a7b794f3ee6f3aa06f4b5c05c6bd07e65ae0c14395
external-and-mods/gamescope/src/reshade/deps/spirv/include/spirv/1.1/spirv.hpp11,gamescope,26087,56600c2401e908e17828fcba3a5a6605116e7050892d171978318a7d5097d22f
external-and-mods/gamescope/src/reshade/deps/spirv/include/spirv/1.1/spirv.json,gamescope,40057,ca2fcda12f1f74521a0be893fbf21c286ed492f0052f48fb5b9f656dcd3c2550
external-and-mods/gamescope/src/reshade/deps/spirv/include/spirv/1.1/spirv.lua,gamescope,26704,7c3799f2b35d7ef50f601f921373bf41774d4ba5d6d5b6f07e77e876d4970150
external-and-mods/gamescope/src/reshade/deps/spirv/include/spirv/1.1/spirv.py,gamescope,28362,80b42128a214bb2639f3f459a2550347dec71eedd96028f48d5c529fb1d063aa
external-and-mods/gamescope/src/reshade/deps/spirv/include/spirv/1.2/GLSL.std.450.h,gamescope,4127,20f32378793c5f416bc0704f44345c2a14c99cba3f411e3beaf1bcea372d58ba
external-and-mods/gamescope/src/reshade/deps/spirv/include/spirv/1.2/OpenCL.std.h,gamescope,4788,1bf64f1224a5368b7ae8182a5f9ebb29ebda56c43ddf1a387220c248a4963e49
external-and-mods/gamescope/src/reshade/deps/spirv/include/spirv/1.2/extinst.glsl.std.450.grammar.json,gamescope,14747,3bcf78c13b71a9ebba51e890c55f41a5e0f47ba283bc7c08fd7e1344ea5f47a6
external-and-mods/gamescope/src/reshade/deps/spirv/include/spirv/1.2/extinst.opencl.std.100.grammar.json,gamescope,29376,b6be3248af8e6150332ec5d9df2e578b364d588c762533831b7550f607a73ff8
external-and-mods/gamescope/src/reshade/deps/spirv/include/spirv/1.2/spirv.core.grammar.json,gamescope,170540,3e04cd2830b382dbbc58bed98bec73d0a90937208fc3219a9a57b3a1149c1d52
external-and-mods/gamescope/src/reshade/deps/spirv/include/spirv/1.2/spirv.cs,gamescope,31407,2a8650a17c7684cf7c7331555c58d6a66a2600fd9b0b8eda8ab0c24b7ca1f422
external-and-mods/gamescope/src/reshade/deps/spirv/include/spirv/1.2/spirv.h,gamescope,34567,6ded440f20b37749d24b5381580e8fc2399131b7eaeafdab620c131c70f751f5
external-and-mods/gamescope/src/reshade/deps/spirv/include/spirv/1.2/spirv.hpp,gamescope,31993,112cbd9795fbc1a200f6945192c37bbad44d87b26a7f3d03e5eb1e8a47431168
external-and-mods/gamescope/src/reshade/deps/spirv/include/spirv/1.2/spirv.hpp11,gamescope,26246,c57d150216560dd5d960efedda1ee410b15d6730574e2156651de6a93a8bea6b
external-and-mods/gamescope/src/reshade/deps/spirv/include/spirv/1.2/spirv.json,gamescope,40318,c305c77c0a57f1abeaae3cd016e2abfb00399931de13453716bb8a65c1524e37
external-and-mods/gamescope/src/reshade/deps/spirv/include/spirv/1.2/spirv.lua,gamescope,26887,51f16765ddd90f66f7a08dc29e4fb0d182634b76a1dc2216915d3794d8e3e155
external-and-mods/gamescope/src/reshade/deps/spirv/include/spirv/1.2/spirv.py,gamescope,28557,bd950f3969acb714f97d39a7139e5143ad476bd4337fae9a3aac835f387d9aa6
external-and-mods/gamescope/src/reshade/deps/spirv/include/spirv/spir-v.xml,gamescope,9347,22505c9fbbab69412afc50546a7052540b1939b6e61dc85056885df10b380b5e
external-and-mods/gamescope/src/reshade/deps/spirv/include/spirv/unified1/AMD_gcn_shader.h,gamescope,1875,922aa9408ddcd848649de14ae3e02a32b6adefab729ce5af221952bd1ef5e2f6
external-and-mods/gamescope/src/reshade/deps/spirv/include/spirv/unified1/AMD_shader_ballot.h,gamescope,1967,9c95c540630897af919a467c09440cb04fcd01496e8549c135b562b1a2489d3e
external-and-mods/gamescope/src/reshade/deps/spirv/include/spirv/unified1/AMD_shader_explicit_vertex_parameter.h,gamescope,1986,b9039befe325b98e731f9c8b98b0f210bce0f3471b3372b0df82883173b77a26
external-and-mods/gamescope/src/reshade/deps/spirv/include/spirv/unified1/AMD_shader_trinary_minmax.h,gamescope,2228,f8162f36f169ee8acf79517434bba88937e1f6d82131d7ea739be127836fe82c
external-and-mods/gamescope/src/reshade/deps/spirv/include/spirv/unified1/DebugInfo.h,gamescope,4681,1ed7c56db9a8cea2af0f78da4e68d7bcba9d438b89ba5f056613b0ffddf0a3a1
external-and-mods/gamescope/src/reshade/deps/spirv/include/spirv/unified1/GLSL.std.450.h,gamescope,4127,20f32378793c5f416bc0704f44345c2a14c99cba3f411e3beaf1bcea372d58ba
external-and-mods/gamescope/src/reshade/deps/spirv/include/spirv/unified1/NonSemanticDebugPrintf.h,gamescope,1863,d7562ed52341d4619ca2f384ca7190d6faef7cc18897d96cd3e3ef95c5448aa1
external-and-mods/gamescope/src/reshade/deps/spirv/include/spirv/unified1/OpenCL.std.h,gamescope,9883,c624790ac247e9a81f8681a4fb75cfb888cea20777874e0292ddf09d1c42da00
external-and-mods/gamescope/src/reshade/deps/spirv/include/spirv/unified1/OpenCLDebugInfo100.h,gamescope,6015,47748a40f1cae10aa4b77e94952cc44d81603c44599587394d27d981c7dac00d
external-and-mods/gamescope/src/reshade/deps/spirv/include/spirv/unified1/extinst.debuginfo.grammar.json,gamescope,17239,2c3754e7689d8490ea560f721f6e002b73947ea56e20f1e3348b3c288a2b43fd
external-and-mods/gamescope/src/reshade/deps/spirv/include/spirv/unified1/extinst.glsl.std.450.grammar.json,gamescope,14747,3bcf78c13b71a9ebba51e890c55f41a5e0f47ba283bc7c08fd7e1344ea5f47a6
external-and-mods/gamescope/src/reshade/deps/spirv/include/spirv/unified1/extinst.nonsemantic.debugprintf.grammar.json,gamescope,254,cee40052315c2eb05472f8eaf6b89a2103924f60960de38b91176daa676a0b06
external-and-mods/gamescope/src/reshade/deps/spirv/include/spirv/unified1/extinst.opencl.debuginfo.100.grammar.json,gamescope,19093,fdfc2d099a6f99b163c7ae1bbe61b576a777eae9a2908bf418ee4b94a829c562
external-and-mods/gamescope/src/reshade/deps/spirv/include/spirv/unified1/extinst.opencl.std.100.grammar.json,gamescope,29376,b6be3248af8e6150332ec5d9df2e578b364d588c762533831b7550f607a73ff8
external-and-mods/gamescope/src/reshade/deps/spirv/include/spirv/unified1/extinst.spv-amd-gcn-shader.grammar.json,gamescope,535,7b972dba987f7c1fbe45576b6c8519e44ceca376e72149cce6ced715036ea931
external-and-mods/gamescope/src/reshade/deps/spirv/include/spirv/unified1/extinst.spv-amd-shader-ballot.grammar.json,gamescope,1065,e157110872680641caf4f0c85a87c4fd6f938cf44ee2e86aed08e1ad05e10239
external-and-mods/gamescope/src/reshade/deps/spirv/include/spirv/unified1/extinst.spv-amd-shader-explicit-vertex-parameter.grammar.json,gamescope,329,bc1a31468a8bc0f0181f1f9df5670c681a73508e6f5b20c15542afda84e1e9fa
external-and-mods/gamescope/src/reshade/deps/spirv/include/spirv/unified1/extinst.spv-amd-shader-trinary-minmax.grammar.json,gamescope,2620,c00616ee0b00eeec3710fd32dbc26959fcaee50ae7ce3add4d216755c1d48efa
external-and-mods/gamescope/src/reshade/deps/spirv/include/spirv/unified1/spirv.core.grammar.json,gamescope,346196,111051ad8767f5a0d8b5a082d5c3a4098ff1decb00ebc5a57ac1c8525b1dccff
external-and-mods/gamescope/src/reshade/deps/spirv/include/spirv/unified1/spirv.cs,gamescope,55810,9aa94066782f4098247a0db96e085886020b0841b0274185b07b81c0006cd34a
external-and-mods/gamescope/src/reshade/deps/spirv/include/spirv/unified1/spirv.h,gamescope,108185,2c19cd1d262a3757e92276fbaa8e1a706b2328a92f47bda88f849b5cebebb630
external-and-mods/gamescope/src/reshade/deps/spirv/include/spirv/unified1/spirv.hpp,gamescope,102380,eb7c39a017f0a33e9d9bae7556c678c2840af4cc0beb98b2aeff9d651e370128
external-and-mods/gamescope/src/reshade/deps/spirv/include/spirv/unified1/spirv.hpp11,gamescope,95407,3d83f040ed87cfd6280841ea50c703b048b601bb032f37008bd1de42a2319fc4
external-and-mods/gamescope/src/reshade/deps/spirv/include/spirv/unified1/spirv.json,gamescope,67837,ee9e4deeed5f01bb506d0a6a9930e893c9976a41cb6d1b1a53e8e7248e2fb8ca
external-and-mods/gamescope/src/reshade/deps/spirv/include/spirv/unified1/spirv.lua,gamescope,49282,79de110ced9c9745346947d858d88f0cc6c97a3854160c6792e8443be861a60e
external-and-mods/gamescope/src/reshade/deps/spirv/include/spirv/unified1/spirv.py,gamescope,51969,46df91b3c7cfc9c88e5568de50b562ea90024bfce369ea20995afe3c279b63a6
external-and-mods/gamescope/src/reshade/deps/spirv/include/spirv/unified1/spv.d,gamescope,44114,80b3584e4285de4bab7f5f14a4f7714a486d7b69e0f077586363f58dd73a9550
external-and-mods/gamescope/src/reshade/deps/spirv/tools/buildHeaders/CMakeLists.txt,gamescope,553,c8d028549bab20ceeafb2551ecc966b76c0c57d88ae99d8c6b18ad6f4c552224
external-and-mods/gamescope/src/reshade/deps/spirv/tools/buildHeaders/header.cpp,gamescope,33956,6ac5ece8bd28c5177e54bbeb9752b45d5b2a710846d625b82bb5729a65524edc
external-and-mods/gamescope/src/reshade/deps/spirv/tools/buildHeaders/header.h,gamescope,2010,228d5ddb65e112f02bfa9a3308a512b55e62ea5633fa7e81e2fcb54bd528501d
external-and-mods/gamescope/src/reshade/deps/spirv/tools/buildHeaders/jsonToSpirv.cpp,gamescope,23059,570105662fb3441fc9d61d89f06c24e127f0d2344ef9a4b2c5c8b88fae8c134b
external-and-mods/gamescope/src/reshade/deps/spirv/tools/buildHeaders/jsonToSpirv.h,gamescope,10346,9851e0624d0e0dacd7cbaf5b531f5ab59343cfcdf15d65e3c5d03b28280b2918
external-and-mods/gamescope/src/reshade/deps/spirv/tools/buildHeaders/jsoncpp/dist/json/json-forwards.h,gamescope,8963,4cc0abfdab70d048d8a8e34d9176c5e17be9da833d7d59e7221f7625ed1a889b
external-and-mods/gamescope/src/reshade/deps/spirv/tools/buildHeaders/jsoncpp/dist/json/json.h,gamescope,65874,421fcfe4d5db3436950ce090e44cf32e3c1e88e2b4437423903d3a04f7f00385
external-and-mods/gamescope/src/reshade/deps/spirv/tools/buildHeaders/jsoncpp/dist/jsoncpp.cpp,gamescope,147998,53b7bc4bc70a44e2bf76535f95f048e6d0e8c1d6ac3d4d7f4f6558a8fbe6c86e
external-and-mods/gamescope/src/reshade/deps/spirv/tools/buildHeaders/main.cpp,gamescope,4374,c312c4696614b5a9e7c8f83b073d735990a1bccd0709cda7a82be945ee2d54cf
external-and-mods/gamescope/src/reshade/deps/stb.props,gamescope,561,2901dc1ee54587a6f44200a5313a4552da1a849c885cd5e9d22a7630ea288b74
external-and-mods/gamescope/src/reshade/deps/stb.vcxproj,gamescope,4257,6cadfa03db39ac71068cac38ae2a851fef38b873251b14b8cb642ce77175fad3
external-and-mods/gamescope/src/reshade/deps/stb/.github/CONTRIBUTING.md,gamescope,1387,65125ca8a5bfb20e3f80d90c44380725a8bedd87caeebf0047f68a4cbfdf815f
external-and-mods/gamescope/src/reshade/deps/stb/.github/ISSUE_TEMPLATE/bug_report.md,gamescope,502,173ca262483cb7b3ee4f34a53a4fca935010d02bcec01cfe00ecc0e87c3dd395
external-and-mods/gamescope/src/reshade/deps/stb/.github/ISSUE_TEMPLATE/config.yml,gamescope,196,bc1613e363b01139a311ee08cdee4ac27be343de27285f7c9f13cf6ff8a30f5c
external-and-mods/gamescope/src/reshade/deps/stb/.github/ISSUE_TEMPLATE/feature_request.md,gamescope,606,83a56076075a3b1b31aef5830a2c8ee80439bd9bdc9207a5b5c27815b0b9733a
external-and-mods/gamescope/src/reshade/deps/stb/.github/PULL_REQUEST_TEMPLATE.md,gamescope,627,a05ddd392aef42c303a9e8245185baffec7172dbd8230e8ee460e0f5cb129c31
external-and-mods/gamescope/src/reshade/deps/stb/.github/workflows/ci-fuzz.yml,gamescope,595,ae9c687d97d5f2c077b85a3568c1ac8fa8ae5cfee12bfe4e6a4e5c3ae7574ad3
external-and-mods/gamescope/src/reshade/deps/stb/.gitignore,gamescope,16,6b1efd09b008b2d7425f2b0dbd314c6b704b03704566bdc61398440326468de4
external-and-mods/gamescope/src/reshade/deps/stb/.travis.yml,gamescope,88,2d2c3c8d3e1773b2e29e71218877c6c5b6f8442f966578ce37a3ca25540c0528
external-and-mods/gamescope/src/reshade/deps/stb/LICENSE,gamescope,2510,bebfe904b14301657e4e5d655c811d51fd31b97c455b9cc2d8600d6bac6cff63
external-and-mods/gamescope/src/reshade/deps/stb/README.md,gamescope,9332,f3019f6f0667c7b942aea6d97c077f29fe93bb57acc2aea1d0dfd4b6f486e25e
external-and-mods/gamescope/src/reshade/deps/stb/data/atari_8bit_font_revised.png,gamescope,1769,48544ebe5dba177996abf56cfab1133e6d7cbee54ca73c2bb16bd830f029ae3c
external-and-mods/gamescope/src/reshade/deps/stb/data/easy_font_raw.png,gamescope,645,bc9e9370e94ff7dafd124c5030dcd29ed4281ba663f98f19e34b609ad4498ca4
external-and-mods/gamescope/src/reshade/deps/stb/data/herringbone/license.txt,gamescope,200,100868556be0b9e6df6593886e9e1f7746cac63e1ad6b3a655e36bd23ad4f4fd
external-and-mods/gamescope/src/reshade/deps/stb/data/herringbone/template_caves_limit_connectivity.png,gamescope,10818,b20a6718aa2ad77858ce8400ab539a3c3af9a86049ee825c2c0b32aacbeb6b35
external-and-mods/gamescope/src/reshade/deps/stb/data/herringbone/template_caves_tiny_corridors.png,gamescope,4904,5fdc5ab10125dfc183362491bc78349a23792d5155a56edb49b2a7ac01b69371
external-and-mods/gamescope/src/reshade/deps/stb/data/herringbone/template_corner_caves.png,gamescope,9337,d80b7470abb938124c2068e49cf4fd431278ef3661c9598b2ff1d8b609f05f28
external-and-mods/gamescope/src/reshade/deps/stb/data/herringbone/template_horizontal_corridors_v1.png,gamescope,5491,d9d76aaa0920a1e832cf443a247d30a15cc1cfc7db0625fdcb58609312a35473
external-and-mods/gamescope/src/reshade/deps/stb/data/herringbone/template_horizontal_corridors_v2.png,gamescope,5759,219969a389f8c267423725ba8af0e74294cab2a9bcc25a084213515e2820d3f1
external-and-mods/gamescope/src/reshade/deps/stb/data/herringbone/template_horizontal_corridors_v3.png,gamescope,6766,61ceebf8c3634947c836f9a85527737158c61a6dee013f5f788dfcb9051dd46c
external-and-mods/gamescope/src/reshade/deps/stb/data/herringbone/template_limit_connectivity_fat.png,gamescope,6655,0c6a2cef7255e9bda6fad0eeed4a12a1849d37b2e7de762f217b5ec0d690aa78
external-and-mods/gamescope/src/reshade/deps/stb/data/herringbone/template_limited_connectivity.png,gamescope,6728,978793cbd677f3ad220a084d34475c618f7f4ffb87c8f7507490e72c28404421
external-and-mods/gamescope/src/reshade/deps/stb/data/herringbone/template_maze_2_wide.png,gamescope,12776,9d5cca003e224b090f95d758c5bac831bd1d3ce47a5a91424c3d6dc48400fd68
external-and-mods/gamescope/src/reshade/deps/stb/data/herringbone/template_maze_plus_2_wide.png,gamescope,13141,e80abad457dec34d93671d1c1ad6c3548a320874466bd40c74cdeac6e5f962b4
external-and-mods/gamescope/src/reshade/deps/stb/data/herringbone/template_open_areas.png,gamescope,7764,44210039251cfe380097c9a74f0051aea1ec22cace11cc2b3daa13f8cb6f1f28
external-and-mods/gamescope/src/reshade/deps/stb/data/herringbone/template_ref2_corner_caves.png,gamescope,9729,da0894b61b4419702a32007ba9b21ca1c7caa7f3c54a3df26f0b1c9a9abfa921
external-and-mods/gamescope/src/reshade/deps/stb/data/herringbone/template_rooms_and_corridors.png,gamescope,4736,d87abbd96ab7e814a67efc995ea47409415618e8c13023bfd80af383b4a7b976
external-and-mods/gamescope/src/reshade/deps/stb/data/herringbone/template_rooms_and_corridors_2_wide_diagonal_bias.png,gamescope,4193,661417911b1447e5a32395d83af765a17c183bc85cdd0ebe1a6b42446bc97bda
external-and-mods/gamescope/src/reshade/deps/stb/data/herringbone/template_rooms_limit_connectivity.png,gamescope,7664,8d30ba9f829d1ccda87f895a4f122a1d93b17a21d722252f7c08c4482be48cf9
external-and-mods/gamescope/src/reshade/deps/stb/data/herringbone/template_round_rooms_diagonal_corridors.png,gamescope,8172,2ca960be4f4d7660652f9c35318869a1b20cc4667bc29302bd73a14677de9e04
external-and-mods/gamescope/src/reshade/deps/stb/data/herringbone/template_sean_dungeon.png,gamescope,10261,a7b569bd653d3e77806703bce55020f9b610549dbbf36e069f24b90d80029aae
external-and-mods/gamescope/src/reshade/deps/stb/data/herringbone/template_simple_caves_2_wide.png,gamescope,15712,bd3c9839c6eb98e03c7953db1d11dafeefa5c9244be2dd04476356795158ecab
external-and-mods/gamescope/src/reshade/deps/stb/data/herringbone/template_square_rooms_with_random_rects.png,gamescope,4772,c1e6fce24fb1e6d5db58c88fc33fce6380b428352d709f973412a759b7b73708
external-and-mods/gamescope/src/reshade/deps/stb/data/map_01.png,gamescope,30625,871a50d64fb238f18ebaeb06d5fae8b62f257d23475527d74db1e86c781860d8
external-and-mods/gamescope/src/reshade/deps/stb/data/map_02.png,gamescope,3243,4ba835177f3f9d89ab3edcb035f25fb03bc6d77b914e79cf9dcd16ac26acfc71
external-and-mods/gamescope/src/reshade/deps/stb/data/map_03.png,gamescope,9620,d40e16682205cf1e83472798777a0535176401bf16630a5d30d825f9cb8f5ae9
external-and-mods/gamescope/src/reshade/deps/stb/deprecated/rrsprintf.h,gamescope,36050,07ed6ab64289a38dfa611ad4c1b388fa37297a32c6eda3441c8c2973185ca830
external-and-mods/gamescope/src/reshade/deps/stb/deprecated/stb.h,gamescope,417564,2021ae70a009daced7af50dcf79dd919210e3cfea6ec6715e0556007742acec2
external-and-mods/gamescope/src/reshade/deps/stb/deprecated/stb_image.c,gamescope,148975,0ad89691e02a0ced6ae0d877a918758349b41a86692de5df0dc185061692baf7
external-and-mods/gamescope/src/reshade/deps/stb/deprecated/stb_image_resize.h,gamescope,116516,6a0e75adbabb48df9031c2e39ccd97437bb226fe31e7d4a01c7bf70a18d32ec6
external-and-mods/gamescope/src/reshade/deps/stb/deprecated/stretch_test.c,gamescope,542,a6b7bb07bf27d018423d69860e7977e7e5f8392b5d8e06ed7a35ce7c1ae41350
external-and-mods/gamescope/src/reshade/deps/stb/deprecated/stretchy_buffer.h,gamescope,11526,99727130f50bff2c5aac297133cb27e02e2c9cacb8358f7228d66e266f7802d4
external-and-mods/gamescope/src/reshade/deps/stb/deprecated/stretchy_buffer.txt,gamescope,1129,60348464f4e2dac66beb03285700811e7e898413e8d8bb7d35953ec8c0c76a4c
external-and-mods/gamescope/src/reshade/deps/stb/docs/other_libs.md,gamescope,53,f79ca52797952f183c4108f5b88a4e2c372ced317836b503f2d5d7835a8b6220
external-and-mods/gamescope/src/reshade/deps/stb/docs/stb_howto.txt,gamescope,7130,e37cebee446ece5cc3ad4e6837f8cf9bd65d03b47693ccd11aa8c1f425ff5a72
external-and-mods/gamescope/src/reshade/deps/stb/docs/stb_voxel_render_interview.md,gamescope,7211,bc992f368977b0b0b3f4f1609ada3954ddd5958bfa65b651084a8ea8f579f47a
external-and-mods/gamescope/src/reshade/deps/stb/docs/why_public_domain.md,gamescope,5070,ddc269eec86fbe6ca52e25d21f1a624fb1fdb6627615ef9c81917401810e2608
external-and-mods/gamescope/src/reshade/deps/stb/stb_c_lexer.h,gamescope,34686,bf0ba38f3ae7aa769a55b867c1ca67cbbf8aacde4ea636e9718e09a5dfd87296
external-and-mods/gamescope/src/reshade/deps/stb/stb_connected_components.h,gamescope,37299,b325ac3476822fc836f2452d8db39775b1aa63ff474e8cbc1487224717af6dc9
external-and-mods/gamescope/src/reshade/deps/stb/stb_divide.h,gamescope,14507,46358dedcc0f49324a602f796b13f24e00fa0e512046354ee69511997401af6c
external-and-mods/gamescope/src/reshade/deps/stb/stb_ds.h,gamescope,69015,3ef6d369f0ee324e60326160b7721b83bb52e123d4276322e993676555d0efdd
external-and-mods/gamescope/src/reshade/deps/stb/stb_dxt.h,gamescope,28319,807667ef98e0fd749cdb65cca0c2d980bc148109d2fed6f1873c81ae0f449933
external-and-mods/gamescope/src/reshade/deps/stb/stb_easy_font.h,gamescope,12813,7b48b52a316477766c0a7a096b33a29bcbd847b6fab4fabd32bb3fdb7cea1a60
external-and-mods/gamescope/src/reshade/deps/stb/stb_herringbone_wang_tile.h,gamescope,43167,36b92b60ab4af29ccdef25543ea715418245d1e8e263afaaa4121c2b09f78375
external-and-mods/gamescope/src/reshade/deps/stb/stb_hexwave.h,gamescope,27473,cfa1c654413ba0331ef146ec7d2c722786afd956e2a8c4e28ca61243178db567
external-and-mods/gamescope/src/reshade/deps/stb/stb_image.h,gamescope,282848,c54b15a689e6a1f32c75e2ec23afa442e3e0e37e894b73c1974d08679b20dd5c
external-and-mods/gamescope/src/reshade/deps/stb/stb_image_resize2.h,gamescope,442100,a04542393852c6db099caf6d7dd79448a4c2ba0afe2016b0572a88fd26c5f782
external-and-mods/gamescope/src/reshade/deps/stb/stb_image_resize_test/dotimings.c,gamescope,6256,99c0991b6a5d71e4c66d6bf417bab2c9655a703d19a49f2bd72f1d6ffad4448d
external-and-mods/gamescope/src/reshade/deps/stb/stb_image_resize_test/old_image_resize.h,gamescope,119349,9d7918b43d1fa86d42ae77dd95ef540bc2ca112b96c52d784fb0a5a8a02ebe19
external-and-mods/gamescope/src/reshade/deps/stb/stb_image_resize_test/oldir.c,gamescope,2545,dc06bc28c3174ef5530e7e1e1d4a6e66122414923a48111ffab7bef94c0b18af
external-and-mods/gamescope/src/reshade/deps/stb/stb_image_resize_test/stbirtest.c,gamescope,30009,703571844fbabd55857d4f1a1b82cde16bedea1bed8480875f5e49ff54155afd
external-and-mods/gamescope/src/reshade/deps/stb/stb_image_resize_test/vf_train.c,gamescope,28489,714d6b3dc0ff143496c53ed6dfc2605bfb295c3073a9b7d4a252923aae05d436
external-and-mods/gamescope/src/reshade/deps/stb/stb_image_write.h,gamescope,71221,cbd5f0ad7a9cf4468affb36354a1d2338034f2c12473cf1a8e32053cb6914a05
external-and-mods/gamescope/src/reshade/deps/stb/stb_include.h,gamescope,9186,f845943b15d16db23afd9febfed173787838dadb2aba2578ad3cc6185c37830d
external-and-mods/gamescope/src/reshade/deps/stb/stb_leakcheck.h,gamescope,7149,e1e3b52a948f6135d9a672c4d87929f65991faf13e8b1fc1a012a06af9431219
external-and-mods/gamescope/src/reshade/deps/stb/stb_perlin.h,gamescope,17918,17e688447a02776fe667e0b6a5d1155bf85c827a83f787ae2d44f57699274960
external-and-mods/gamescope/src/reshade/deps/stb/stb_rect_pack.h,gamescope,20199,6388366a30de57c1b4c29b6eed4ed1c7d758fc1443d2dd95cfce943370bb3aa1
external-and-mods/gamescope/src/reshade/deps/stb/stb_sprintf.h,gamescope,58223,e0b8c56e1084602290b9a17ef59f429b5293deb8cb9d8b0f20a14abc39b56520
external-and-mods/gamescope/src/reshade/deps/stb/stb_textedit.h,gamescope,54016,7af0ded9e07ee2dcd1dab9e1413f59ac66d0a4f7bdaa39b4aaaca08cf691d0f3
external-and-mods/gamescope/src/reshade/deps/stb/stb_tilemap_editor.h,gamescope,146564,7d5588ab73cb6449f97a6f48e9b3903a98bb43c2f83b7a1170a43399c0929cae
external-and-mods/gamescope/src/reshade/deps/stb/stb_truetype.h,gamescope,199033,a34d8d536ce7c11b9163ab2d524721c1f4df1452cce6595c4f11d3048384f925
external-and-mods/gamescope/src/reshade/deps/stb/stb_vorbis.c,gamescope,192790,4c7cb2ff1f7011e9d67950446b7eb9ca044f2e464d76bfbb0b84dd2e23e65636
external-and-mods/gamescope/src/reshade/deps/stb/stb_voxel_render.h,gamescope,161156,c9a88c2d1d525076a7b47fd594adba78fccd0942282570b3a20ef11dc261f207
external-and-mods/gamescope/src/reshade/deps/stb/tests/Makefile,gamescope,697,c86dae756cc2d0bb4d02c7c42f8eb2e90046c1e8a3d726e8c9cf73c6d3b26639
external-and-mods/gamescope/src/reshade/deps/stb/tests/c_lexer_test.c,gamescope,3710,c0df43e47c3a2db630815f3329a927a9aa46b82eb9343cae97af0bfd6974dfdf
external-and-mods/gamescope/src/reshade/deps/stb/tests/c_lexer_test.dsp,gamescope,3975,6defee29216181e6ef579e3ca3c06ce409ceacbf67544c78e73fe5925da2add9
external-and-mods/gamescope/src/reshade/deps/stb/tests/caveview/README.md,gamescope,3448,3266acde473a426e84cbcfd1953bd237dde4ca7f7813272522c2368312c1caa0
external-and-mods/gamescope/src/reshade/deps/stb/tests/caveview/cave_main.c,gamescope,15920,1b1f3d0df608fe305bd94959afd2c387e39d2f06ce10ea60498d5e8c895c232e
external-and-mods/gamescope/src/reshade/deps/stb/tests/caveview/cave_mesher.c,gamescope,29062,ebece1d7b9c253033cb865e46639e9fb1bc8e4e53f8594d0be11b9cd9ecbc937
external-and-mods/gamescope/src/reshade/deps/stb/tests/caveview/cave_parse.c,gamescope,17227,cd043722a5925c100a9558e5d91ace3232c20f883258fab15aca586d761c29ef
external-and-mods/gamescope/src/reshade/deps/stb/tests/caveview/cave_parse.h,gamescope,973,e91781af8aaf482fe15e40c1a3e2b7b9ea6b9d9e9ae01eee27fb63efb7edda4e
external-and-mods/gamescope/src/reshade/deps/stb/tests/caveview/cave_render.c,gamescope,29519,31f46dd33f65dab8cc8b742e9c58e2e78f0092886ea973bdde7b50895f2e139c
external-and-mods/gamescope/src/reshade/deps/stb/tests/caveview/caveview.dsp,gamescope,4735,8205cb0c477f4f3808a15d0f2211ba85ae704b0c9e585073f36b67e69cc70cf0
external-and-mods/gamescope/src/reshade/deps/stb/tests/caveview/caveview.dsw,gamescope,510,9ab9716117a483f3d5514c8e0b500c2188b6aedf5289292f905b2bbe7ee71781
external-and-mods/gamescope/src/reshade/deps/stb/tests/caveview/caveview.h,gamescope,1215,e98d93eafeda9dc3e1a1438ce649abe5252699efe9bca02999c963a17cc329ea
external-and-mods/gamescope/src/reshade/deps/stb/tests/caveview/glext.h,gamescope,729795,f8f73474cfbdb86a3679b8f9840798846d94a0ca4019aa60e4787446fc8892b4
external-and-mods/gamescope/src/reshade/deps/stb/tests/caveview/glext_list.h,gamescope,1194,5e6ae97060141434601fd701981650299bba5650bf3cc938c1fdf762b95a4ee3
external-and-mods/gamescope/src/reshade/deps/stb/tests/caveview/main.c,gamescope,0,e3b0c44298fc1c149afbf4c8996fb92427ae41e4649b934ca495991b7852b855
external-and-mods/gamescope/src/reshade/deps/stb/tests/caveview/stb_gl.h,gamescope,38107,9b7ed8613f4aea2d03b2fa0c2bf3c6adde802fd5c4256f768bef187031eec56d
external-and-mods/gamescope/src/reshade/deps/stb/tests/caveview/stb_glprog.h,gamescope,20283,a7f52981411b4f8a30248b3fe85e14a0ff5c6882c2498dc6a289e32f499be0b3
external-and-mods/gamescope/src/reshade/deps/stb/tests/caveview/win32/SDL_windows_main.c,gamescope,5518,0526366acdc05d7ab3c8ea3a18fdb281e5f34df29c418b12fa5b99e59bb647e7
external-and-mods/gamescope/src/reshade/deps/stb/tests/fuzz_main.c,gamescope,970,466bae10e30727cfad2091ca03852ca49c52697c53e8a7aaffa91bbc051bb781
external-and-mods/gamescope/src/reshade/deps/stb/tests/grid_reachability.c,gamescope,9291,5d380cd1f6bea9267170dea8b40f51ca7f735ffc3364eeb7fe9a4234535fe1c4
external-and-mods/gamescope/src/reshade/deps/stb/tests/herringbone.dsp,gamescope,4147,effa65bac44ee6b0880f847037ff6472bd02712bc4819686144a276a7ed9f23f
external-and-mods/gamescope/src/reshade/deps/stb/tests/herringbone_generator.c,gamescope,3016,1e65f6011bf38f05ccfcbbd8a4b0c0c9587b2c013c219ec1ef8fdbf51070e1e7
external-and-mods/gamescope/src/reshade/deps/stb/tests/herringbone_map.c,gamescope,2496,c983f3237c69bd0a356bcce6f0a8bd1a3facfc97ba9c3b560234fac815a4895e
external-and-mods/gamescope/src/reshade/deps/stb/tests/herringbone_map.dsp,gamescope,4166,856b089e694b14c804ab2f2eefe243e1236d327ee509216ccea5627ae8152f91
external-and-mods/gamescope/src/reshade/deps/stb/tests/image_test.c,gamescope,6124,cb78f1c44e25d5f97c6ca1961deaa21a33bf042ccd56c0c32db7ffc2a881c57c
external-and-mods/gamescope/src/reshade/deps/stb/tests/image_test.dsp,gamescope,4213,4d1825148c412cee2f52138625ab1459f56311aff179569329608933d01c082e
external-and-mods/gamescope/src/reshade/deps/stb/tests/image_write_test.c,gamescope,1874,6c75429ca3fafac1cce34dd21a490a036c1f5761ce3cc5f063962f2d9fcac76a
external-and-mods/gamescope/src/reshade/deps/stb/tests/ossfuzz.sh,gamescope,1125,fc4696f409624a341106f03420797ea3b5e57f7fe359f4750868ecc1b163f5d9
external-and-mods/gamescope/src/reshade/deps/stb/tests/oversample/README.md,gamescope,4636,4f9e840b3e33c96f62835c3004633781f939631142bec0c4341e55046d492761
external-and-mods/gamescope/src/reshade/deps/stb/tests/oversample/main.c,gamescope,8567,9c69ee8808b52bffca38a63ceb7ec41275c13c6efae7790e8092f9f48eda6972
external-and-mods/gamescope/src/reshade/deps/stb/tests/oversample/oversample.dsp,gamescope,3700,045c3df4592473ab8347f46792a786583ea15469da617c3684fc2bc9e3d3b537
external-and-mods/gamescope/src/reshade/deps/stb/tests/oversample/oversample.dsw,gamescope,514,e428c78320664ffccde3cb74edbfeae93ca2a9904cad9eb5e9ef22986a184fd5
external-and-mods/gamescope/src/reshade/deps/stb/tests/oversample/stb_wingraph.h,gamescope,24875,faa82739f1cd22bba3e214c55f22a737449dffa3ba74a112a3dd6b42f33dacc7
external-and-mods/gamescope/src/reshade/deps/stb/tests/pbm/basi0g16.pgm,gamescope,2064,3bd5a5572ff12fd8f2d298dbdb6801e6c5bbebc3b938b60a34837cfbf1b03070
external-and-mods/gamescope/src/reshade/deps/stb/tests/pbm/basi2c16.ppm,gamescope,6160,7799185e7639c27452c8c5e6bda916069ff63fc1bbdbd09f21078d6e60a2c768
external-and-mods/gamescope/src/reshade/deps/stb/tests/pbm/cdfn2c08.ppm,gamescope,826,229dd37eb09403cc47f827f26ac2e7925dfa6f97b5266cae3cb8c07d32c5f6d3
external-and-mods/gamescope/src/reshade/deps/stb/tests/pbm/cdun2c08.ppm,gamescope,3086,85e6e57535395718100180d8a2b03b566e979b5ef8c1723268ff128ea6cf9eb6
external-and-mods/gamescope/src/reshade/deps/stb/tests/pbm/comment.pgm,gamescope,1083,30cab1831eee8f0dca1f799af07b602c9626cbbb1576ea3983f76283b856dc8c
external-and-mods/gamescope/src/reshade/deps/stb/tests/pbm/ctfn0g04.pgm,gamescope,1038,0c06991c2243875d280266b8079f64048218894a40491cc6ec35770b756efd8b
external-and-mods/gamescope/src/reshade/deps/stb/tests/pg_test/pg_test.c,gamescope,3198,06e83a0fe6acb63c6a0f6395d9b0ea44d5cc239071a591e1c9d23600d519f0f4
external-and-mods/gamescope/src/reshade/deps/stb/tests/pngsuite/16bit/basi0g16.png,gamescope,299,d354026bdd0aa6ed7bedea7c92e5eef2ebbd4854848b8a0a48f562cc71bfe80f
external-and-mods/gamescope/src/reshade/deps/stb/tests/pngsuite/16bit/basi2c16.png,gamescope,595,ae13eba5fabbf7cbe8c01ec4458cdaa7e6bfdfcbd5109e831efaac9f39096027
external-and-mods/gamescope/src/reshade/deps/stb/tests/pngsuite/16bit/basi4a16.png,gamescope,2855,ef7df23ccd912309a4f89ca3c3094bf5ab55add25218e571e51cc6cb11cfad9e
external-and-mods/gamescope/src/reshade/deps/stb/tests/pngsuite/16bit/basi6a16.png,gamescope,4180,7fdd6bf08f04692bcf06b5c4262e7f76c49d8adb992789fd3f05aa0435645cd8
external-and-mods/gamescope/src/reshade/deps/stb/tests/pngsuite/16bit/basn0g16.png,gamescope,167,1a1fe155f40c11d79350b3f84c7eb2b29719037e57073cb7ae2ab9e8323f9360
external-and-mods/gamescope/src/reshade/deps/stb/tests/pngsuite/16bit/basn2c16.png,gamescope,302,1e1c28ec0ee5da6224404b4005076dd30e2335a1a80c0ca722046a245c4a2b3b
external-and-mods/gamescope/src/reshade/deps/stb/tests/pngsuite/16bit/basn4a16.png,gamescope,2206,1c92ffd11d2fc89a36f170d0239668436407f5c8e3f8d93483fb3fc6bca361d7
external-and-mods/gamescope/src/reshade/deps/stb/tests/pngsuite/16bit/basn6a16.png,gamescope,3435,8f9d81060aebf4576461403c5057de7f23f73157016b659402b906df805845aa
external-and-mods/gamescope/src/reshade/deps/stb/tests/pngsuite/16bit/bgai4a16.png,gamescope,2855,ef7df23ccd912309a4f89ca3c3094bf5ab55add25218e571e51cc6cb11cfad9e
external-and-mods/gamescope/src/reshade/deps/stb/tests/pngsuite/16bit/bgan6a16.png,gamescope,3435,8f9d81060aebf4576461403c5057de7f23f73157016b659402b906df805845aa
external-and-mods/gamescope/src/reshade/deps/stb/tests/pngsuite/16bit/bggn4a16.png,gamescope,2220,c45de44d3442bd33072d68456541b10e0cc57c5d8bfc809208995d939091eb2d
external-and-mods/gamescope/src/reshade/deps/stb/tests/pngsuite/16bit/bgyn6a16.png,gamescope,3453,875bc2b44a4355551c51260def9664da68be1af8c14b82f76173aaf01ddb1929
external-and-mods/gamescope/src/reshade/deps/stb/tests/pngsuite/16bit/oi1n0g16.png,gamescope,167,1a1fe155f40c11d79350b3f84c7eb2b29719037e57073cb7ae2ab9e8323f9360
external-and-mods/gamescope/src/reshade/deps/stb/tests/pngsuite/16bit/oi1n2c16.png,gamescope,302,1e1c28ec0ee5da6224404b4005076dd30e2335a1a80c0ca722046a245c4a2b3b
external-and-mods/gamescope/src/reshade/deps/stb/tests/pngsuite/16bit/oi2n0g16.png,gamescope,179,142bc4b1e9f8a9e3b0ba3d2c2025e485bf7e76df88f914bf8c9041b4562cc080
external-and-mods/gamescope/src/reshade/deps/stb/tests/pngsuite/16bit/oi2n2c16.png,gamescope,314,2c523f138e0ade1bed8f31d59ec0f34b82660b192d6af8b8f395f82b9ba9dabb
external-and-mods/gamescope/src/reshade/deps/stb/tests/pngsuite/16bit/oi4n0g16.png,gamescope,203,aa2d77723ba44f654a41a2ab97e01271fe942fecd2f299c0a81da90acb2887ac
external-and-mods/gamescope/src/reshade/deps/stb/tests/pngsuite/16bit/oi4n2c16.png,gamescope,338,661220a0ed03ca6d63ec8dcaac738d4a9fd089b491c40dd896267ffb6cf5015d
external-and-mods/gamescope/src/reshade/deps/stb/tests/pngsuite/16bit/oi9n0g16.png,gamescope,1283,ae70c9effd0d9957a0d42771bc987529a1f3715e068057fae63f0c7e50d5c53a
external-and-mods/gamescope/src/reshade/deps/stb/tests/pngsuite/16bit/oi9n2c16.png,gamescope,3038,fef98e9bebe6c4046c29f2568f7a735305c8661aa01f9c37a718135e5bc4f941
external-and-mods/gamescope/src/reshade/deps/stb/tests/pngsuite/16bit/tbbn2c16.png,gamescope,2041,8fcfd031a5b716201854fdab25691feed6cd3ed7b713a51b94e1f43fc63fe0c1
external-and-mods/gamescope/src/reshade/deps/stb/tests/pngsuite/16bit/tbgn2c16.png,gamescope,2041,49711ee271f96099521b83b75d58ed2f76d42ed46cb3c06656fde2cad697cf59
external-and-mods/gamescope/src/reshade/deps/stb/tests/pngsuite/16bit/tbwn0g16.png,gamescope,1313,01e86f108b244bdee4d72e384aced8a62369965ca2993ee6ef88f131c647f7d1
external-and-mods/gamescope/src/reshade/deps/stb/tests/pngsuite/PngSuite.LICENSE,gamescope,167,71e1f5bf865131b5d9996e76a78372146283e5089e50f900ae927a6458b62101
external-and-mods/gamescope/src/reshade/deps/stb/tests/pngsuite/corrupt/xc1n0g08.png,gamescope,138,4059f7e6a1c5bac1801f70e09f9ec1e1297dcdce34055c13ab2703d6d9613c7e
external-and-mods/gamescope/src/reshade/deps/stb/tests/pngsuite/corrupt/xc9n2c08.png,gamescope,145,e252a0e7df3e794e52ce4a831edafef76e7043d0d8d84019db0f7fd0b30e20f4
external-and-mods/gamescope/src/reshade/deps/stb/tests/pngsuite/corrupt/xcrn0g04.png,gamescope,145,3c0c2a68dd416a7be79400e0e2ceb358ba3191d5309d4bad9dd04b32ff6d5b60
external-and-mods/gamescope/src/reshade/deps/stb/tests/pngsuite/corrupt/xcsn0g01.png,gamescope,164,71e4b2826f61556eda39f3a93c8769b14d3ac90f135177b9373061199dbef39a
external-and-mods/gamescope/src/reshade/deps/stb/tests/pngsuite/corrupt/xd0n2c08.png,gamescope,145,c1287690808e809dc5d4fb89d8a7fd69ed93521f290abd42021ca00a061a1ba4
external-and-mods/gamescope/src/reshade/deps/stb/tests/pngsuite/corrupt/xd3n2c08.png,gamescope,145,00b53c3bbd0641454521b982bc6f6bcfda7c91f1874cefb3a9bac37d80a1a269
external-and-mods/gamescope/src/reshade/deps/stb/tests/pngsuite/corrupt/xd9n2c08.png,gamescope,145,16e5b40fb2600db1af20fb79ff715c2869255e2d4bef20702f16534e5dd6a847
external-and-mods/gamescope/src/reshade/deps/stb/tests/pngsuite/corrupt/xdtn0g01.png,gamescope,61,f9d1fb2a708703518368c392c74765a6e3e5b49dbb9717df3974452291032df9
external-and-mods/gamescope/src/reshade/deps/stb/tests/pngsuite/corrupt/xhdn0g08.png,gamescope,138,318864720c8fc0dbe4884035f2183cc3bd3d92ec60d447879982942600e9fe2e
external-and-mods/gamescope/src/reshade/deps/stb/tests/pngsuite/corrupt/xlfn0g04.png,gamescope,145,968fd21abb8acf40fbca90676de3abcb3a6e35b01ba7a3b9190184eafb99c83d
external-and-mods/gamescope/src/reshade/deps/stb/tests/pngsuite/corrupt/xs1n0g01.png,gamescope,164,776701227c7094dd10b78f508430b8ea4f03471d072096382cbcca628dea1d2b
external-and-mods/gamescope/src/reshade/deps/stb/tests/pngsuite/corrupt/xs2n0g01.png,gamescope,164,9dd7e93ba9211f0caee09d8f12e37742936c469f45fcad21e577c9f0640cf99e
external-and-mods/gamescope/src/reshade/deps/stb/tests/pngsuite/corrupt/xs4n0g01.png,gamescope,164,166c8633d116d1c26631cb98f3a75340cf4385fa7ae6a67913bc78e709bcb30d
external-and-mods/gamescope/src/reshade/deps/stb/tests/pngsuite/corrupt/xs7n0g01.png,gamescope,164,7a380568beeac969908196ac89cd2347c96ac2f26fdc2b8e0314b62c59f0e308
external-and-mods/gamescope/src/reshade/deps/stb/tests/pngsuite/iphone/iphone_basi0g01.png,gamescope,384,89681e0b18621240fde0096c9632ca3952d440fef240f6c36a6b928d9a27437e
external-and-mods/gamescope/src/reshade/deps/stb/tests/pngsuite/iphone/iphone_basi0g02.png,gamescope,302,53e0ed056c49692e6c1f83a59111c527b5ccafc12a55623988ebd29ffd71d1d0
external-and-mods/gamescope/src/reshade/deps/stb/tests/pngsuite/iphone/iphone_basi3p02.png,gamescope,303,1ad325cdd1021e03c825521f7f6169194577c97e1478a9459fc19558b57e3a60
external-and-mods/gamescope/src/reshade/deps/stb/tests/pngsuite/iphone/iphone_bgwn6a08.png,gamescope,2573,4120e80a0040f2317e6e7132579c7e7d6c3bdfbe13337cfd8c97259cb8337341
external-and-mods/gamescope/src/reshade/deps/stb/tests/pngsuite/iphone/iphone_bgyn6a16.png,gamescope,2267,a2c7a0e6f77433ac0829405a22f492a56dfa9f5ad42c2687a48ecefaaf18e9f6
external-and-mods/gamescope/src/reshade/deps/stb/tests/pngsuite/iphone/iphone_tbyn3p08.png,gamescope,1558,f1213244cd0d1fb2d22c5843605427f7f43ec847366a0493880b142880ae3d64
external-and-mods/gamescope/src/reshade/deps/stb/tests/pngsuite/iphone/iphone_z06n2c08.png,gamescope,2393,d235db502d65440697b26e5cb2a69b5c681e390f3d4653f4bd63309ad9a4795c
external-and-mods/gamescope/src/reshade/deps/stb/tests/pngsuite/primary/basi0g01.png,gamescope,217,9bf1c4610280efecc291361e2b7b026d602d03a7137f476ff84af626bb7b3a62
external-and-mods/gamescope/src/reshade/deps/stb/tests/pngsuite/primary/basi0g02.png,gamescope,154,50ed4ff9c1c80578ae58ead6fb28ea2e44016b5b56a7b3e95c235ec86f97c0d8
external-and-mods/gamescope/src/reshade/deps/stb/tests/pngsuite/primary/basi0g04.png,gamescope,247,0cce4212157dae7c0f71f5f72cef39cecab3347de455da0ace7de83eebd47849
external-and-mods/gamescope/src/reshade/deps/stb/tests/pngsuite/primary/basi0g08.png,gamescope,254,b9300750e7414c9fed68cc7f4f531f5e2cdd2724f50142e8aa3a0070836bece9
external-and-mods/gamescope/src/reshade/deps/stb/tests/pngsuite/primary/basi2c08.png,gamescope,315,b2690d4475cdc39faf5a7d2de20de4e14eb96c6360fa791ec2003b4085ecacde
external-and-mods/gamescope/src/reshade/deps/stb/tests/pngsuite/primary/basi3p01.png,gamescope,132,8e1edfbc0382e0b545c70209271cedead2d530df1ce40f5296f0749226b36006
external-and-mods/gamescope/src/reshade/deps/stb/tests/pngsuite/primary/basi3p02.png,gamescope,193,85f304eaaf6831b2bcc2c08892b947fef52f06337aaf23312d6326e367d73f77
external-and-mods/gamescope/src/reshade/deps/stb/tests/pngsuite/primary/basi3p04.png,gamescope,327,78890ee2c4da71e460b5a1527efe7dc17d673ebe997f49ca1b4dcd7347d21e56
external-and-mods/gamescope/src/reshade/deps/stb/tests/pngsuite/primary/basi3p08.png,gamescope,1527,ca103eef7a7c50abc7af9d5ec0dc9fdc07668e2f030adbce226e050dcec9eea3
external-and-mods/gamescope/src/reshade/deps/stb/tests/pngsuite/primary/basi4a08.png,gamescope,214,dfae01a4548e30519157bb51ce29d4de3b35b74288e9568b4d5911de01c6048b
external-and-mods/gamescope/src/reshade/deps/stb/tests/pngsuite/primary/basi6a08.png,gamescope,361,fe70ea20c8447e82abb7bc9dd05344a61a4631cc69e0974378df8f6263af0337
external-and-mods/gamescope/src/reshade/deps/stb/tests/pngsuite/primary/basn0g01.png,gamescope,164,c8b1364d7771dd2f5a1b2d7d633abcf3f48dafee608558ecd2e5fc98f61894cd
external-and-mods/gamescope/src/reshade/deps/stb/tests/pngsuite/primary/basn0g02.png,gamescope,104,ca172e92d179c77b3d321ad501e452a59bdaafafde8ebd74fd0669c4eae58efc
external-and-mods/gamescope/src/reshade/deps/stb/tests/pngsuite/primary/basn0g04.png,gamescope,145,fb2d42c4c8f5c51590e675994a9b0c718fbf71c80e28142f231cfa7c5b0e26e8
external-and-mods/gamescope/src/reshade/deps/stb/tests/pngsuite/primary/basn0g08.png,gamescope,138,268d061075d1dd2eeec62b31303d09f6998549e1bfb447a5f09c80a2b0978ac3
external-and-mods/gamescope/src/reshade/deps/stb/tests/pngsuite/primary/basn2c08.png,gamescope,145,c90e86090a625661b19960cafdde6e347d6e32d73837aaae533f66dd3f099506
external-and-mods/gamescope/src/reshade/deps/stb/tests/pngsuite/primary/basn3p01.png,gamescope,112,c2d7cd682df5f74506b33a5d70c344aaee248fda79fdfef8e873426fd6f2b75b
external-and-mods/gamescope/src/reshade/deps/stb/tests/pngsuite/primary/basn3p02.png,gamescope,146,0466bb7ed9984cf03b70704564bcffab1df8ec0e8167473ba0f75e4fedce5a8f
external-and-mods/gamescope/src/reshade/deps/stb/tests/pngsuite/primary/basn3p04.png,gamescope,216,e1fc7be978d3149b98533d0076245ae64353b7967290f4204c1282ecb4ec1aba
external-and-mods/gamescope/src/reshade/deps/stb/tests/pngsuite/primary/basn3p08.png,gamescope,1286,d58256cd2eb16b5740d4c1403d25ce43d8dd03e270627ab709d2fb141e3d904c
external-and-mods/gamescope/src/reshade/deps/stb/tests/pngsuite/primary/basn4a08.png,gamescope,126,7be24b618bfd437b921ae0caf9341d112338c6290cc62466deb19d2c7a512968
external-and-mods/gamescope/src/reshade/deps/stb/tests/pngsuite/primary/basn6a08.png,gamescope,184,559c594166eb156f461c9beff0f053196730dc998fdb0d2b801c89e6680860a5
external-and-mods/gamescope/src/reshade/deps/stb/tests/pngsuite/primary/bgai4a08.png,gamescope,214,dfae01a4548e30519157bb51ce29d4de3b35b74288e9568b4d5911de01c6048b
external-and-mods/gamescope/src/reshade/deps/stb/tests/pngsuite/primary/bgan6a08.png,gamescope,184,559c594166eb156f461c9beff0f053196730dc998fdb0d2b801c89e6680860a5
external-and-mods/gamescope/src/reshade/deps/stb/tests/pngsuite/primary/bgbn4a08.png,gamescope,140,71d041df5c8949ce07d5e93b3c9f752cefc75ef7326c49df05ae73915f1a755f
external-and-mods/gamescope/src/reshade/deps/stb/tests/pngsuite/primary/bgwn6a08.png,gamescope,202,2da3c3efa01bf166958852a104ece92daaede8ffb5e0452a55d40526258a8bf5
external-and-mods/gamescope/src/reshade/deps/stb/tests/pngsuite/primary/s01i3p01.png,gamescope,113,235eb82f1337e3fcefbdca566a53af3d3523db7588ba3cd7fa5dab19afe48a41
external-and-mods/gamescope/src/reshade/deps/stb/tests/pngsuite/primary/s01n3p01.png,gamescope,113,6a4f6da9fe36d195219ad2beeac1a0423e2ee6de03dfb064a3b6fa31623eb230
external-and-mods/gamescope/src/reshade/deps/stb/tests/pngsuite/primary/s02i3p01.png,gamescope,114,e7d26ab4b31e7066b0674a4374c093967a9f1761b96836aa3dbe624acd73ab52
external-and-mods/gamescope/src/reshade/deps/stb/tests/pngsuite/primary/s02n3p01.png,gamescope,115,f4b324f2b1d013ee77f632e42129c7cd3eca55da846e775e744a1f224ad1efcd
external-and-mods/gamescope/src/reshade/deps/stb/tests/pngsuite/primary/s03i3p01.png,gamescope,118,4513dec80f54ffd04a28834b114254d6e6d66e52e32e0059174474f2fb15d6bc
external-and-mods/gamescope/src/reshade/deps/stb/tests/pngsuite/primary/s03n3p01.png,gamescope,120,4dee297bd7f747f87488509af11a1e1e0531fa67e6e8d0f8ab7f4df7940f0ff3
external-and-mods/gamescope/src/reshade/deps/stb/tests/pngsuite/primary/s04i3p01.png,gamescope,126,918f94f3557e10de91efa680df507c8eafc347fa5023af43037701398128ad0f
external-and-mods/gamescope/src/reshade/deps/stb/tests/pngsuite/primary/s04n3p01.png,gamescope,121,e73c52f764b684ec5133cce11f7f18cc60065acdd308e2c3d871e0a792a1080e
external-and-mods/gamescope/src/reshade/deps/stb/tests/pngsuite/primary/s05i3p02.png,gamescope,134,77fe040e17167f9656afe46cf0031832e635745e4e7f19ba12dee32f5ec03d96
external-and-mods/gamescope/src/reshade/deps/stb/tests/pngsuite/primary/s05n3p02.png,gamescope,129,1b9e244a5c1d6cc9830391fff4eac565ada026d000e60faf7525c8add6bdc726
external-and-mods/gamescope/src/reshade/deps/stb/tests/pngsuite/primary/s06i3p02.png,gamescope,143,cf8d5fdb34c0afd38b1b4745bed6167771767ccdfe847c4d8766f7fcc5c41176
external-and-mods/gamescope/src/reshade/deps/stb/tests/pngsuite/primary/s06n3p02.png,gamescope,131,5caabfc4b147fad5e49e558143faaab91888324240acf45e5db8fc49f7a7f667
external-and-mods/gamescope/src/reshade/deps/stb/tests/pngsuite/primary/s07i3p02.png,gamescope,149,d9874bfad10353a9ea2876ee388c3e7f81f697ed141d0d79c5c2019d62a7a698
external-and-mods/gamescope/src/reshade/deps/stb/tests/pngsuite/primary/s07n3p02.png,gamescope,138,e7d447394f5fa64c27353216af387352a77a1fb534922a2d974e60d965d4e414
external-and-mods/gamescope/src/reshade/deps/stb/tests/pngsuite/primary/s08i3p02.png,gamescope,149,62adf855c6b1e3a007f9dcf3ce2ba244616c089269a511dd939e89a4b0853453
external-and-mods/gamescope/src/reshade/deps/stb/tests/pngsuite/primary/s08n3p02.png,gamescope,139,544fdd476e566e8aef4c98604124ae05acef48be20d1aebb9b6674b08b2abbb6
external-and-mods/gamescope/src/reshade/deps/stb/tests/pngsuite/primary/s09i3p02.png,gamescope,147,f2cf5b3109690704d106a0b22ea079e36064cc6077e1fb9a1ba87397d0bbcca1
external-and-mods/gamescope/src/reshade/deps/stb/tests/pngsuite/primary/s09n3p02.png,gamescope,143,6be8f58b638e7f7114750f5796f66f650db8fb7242a36183850f02117f4eaa65
external-and-mods/gamescope/src/reshade/deps/stb/tests/pngsuite/primary/s32i3p04.png,gamescope,355,a27e0dbf923ef868e7399560b76c23a50b2d8926cddd9775e2bc4e050273f205
external-and-mods/gamescope/src/reshade/deps/stb/tests/pngsuite/primary/s32n3p04.png,gamescope,263,c80d9fc7ded0b7834ec11d0e324540c7be74016b61bc302a1d167218fa35fbf9
external-and-mods/gamescope/src/reshade/deps/stb/tests/pngsuite/primary/s33i3p04.png,gamescope,385,cc6ad98dcf686d92f1165d951f90fac70e568cedb1fcbba33e8890d0e6cdad4d
external-and-mods/gamescope/src/reshade/deps/stb/tests/pngsuite/primary/s33n3p04.png,gamescope,329,998d08e084e3eea288984475bfed0d48ee2d8250e20b96755898b59152e36a34
external-and-mods/gamescope/src/reshade/deps/stb/tests/pngsuite/primary/s34i3p04.png,gamescope,349,83eb2e82eb14ae3c608833ef371a6f472c4c6e63b7e9f4f92f5472f975793b97
external-and-mods/gamescope/src/reshade/deps/stb/tests/pngsuite/primary/s34n3p04.png,gamescope,248,a25451168c0b03ab8f52dcc60c6b9c12bc5df5d55afabe1892b87d0a856bb4a0
external-and-mods/gamescope/src/reshade/deps/stb/tests/pngsuite/primary/s35i3p04.png,gamescope,399,db5988c27ad577de1e494cb50229dc2772678531adde2db84493907eae003e54
external-and-mods/gamescope/src/reshade/deps/stb/tests/pngsuite/primary/s35n3p04.png,gamescope,338,cd99fc4cc69bda1ff8e8697d8b423ae8d9e84a58ba1d2b480751953b6869e3b3
external-and-mods/gamescope/src/reshade/deps/stb/tests/pngsuite/primary/s36i3p04.png,gamescope,356,a36b40927b730a31d60c7818fb4a32e67ace06393cdaa26edc09520b6cee066d
external-and-mods/gamescope/src/reshade/deps/stb/tests/pngsuite/primary/s36n3p04.png,gamescope,258,ebc08f6a1e0918c5d3a9a08e184c23019a3cf90d8843e4b71bf2ae16040b1a84
external-and-mods/gamescope/src/reshade/deps/stb/tests/pngsuite/primary/s37i3p04.png,gamescope,393,565c79404c4b9e46c27edb2f93d7b26b93ec0a0481ab7a21fc405152a21f53ba
external-and-mods/gamescope/src/reshade/deps/stb/tests/pngsuite/primary/s37n3p04.png,gamescope,336,964078b1f3f472268b8ac97a8976b4d1cdb6a47e6243d67eddcb0205e65b9f61
external-and-mods/gamescope/src/reshade/deps/stb/tests/pngsuite/primary/s38i3p04.png,gamescope,357,b107f120ffaffcb949ac4547e0f91555ac681f78c7e68c724e7ceddfd8e5387b
external-and-mods/gamescope/src/reshade/deps/stb/tests/pngsuite/primary/s38n3p04.png,gamescope,245,045b0f5ea35874741bf6cac40f2e63ec8726450ab241475df4b7e9303c39e339
external-and-mods/gamescope/src/reshade/deps/stb/tests/pngsuite/primary/s39i3p04.png,gamescope,420,4b5a6d8c04c8c70e1de3bcb6f7b5cc3ba359b13e28de6f52e21a291d4bc8a937
external-and-mods/gamescope/src/reshade/deps/stb/tests/pngsuite/primary/s39n3p04.png,gamescope,352,2115b6cad0140ea97fe6ec056b47307ef1e8b5c00db5f08707a0572b165e5f08
external-and-mods/gamescope/src/reshade/deps/stb/tests/pngsuite/primary/s40i3p04.png,gamescope,357,48a3f19b5c3b2f7eca17fd34765a2a3e385d770f24c357bc66bd74417eb60a5a
external-and-mods/gamescope/src/reshade/deps/stb/tests/pngsuite/primary/s40n3p04.png,gamescope,256,c4598ea73b1ec015bef7dcfd7f67bc7bfc41546619953d1a92cd9b8657a7033a
external-and-mods/gamescope/src/reshade/deps/stb/tests/pngsuite/primary/tbbn0g04.png,gamescope,429,c5e7eeaffa677bfac002ee968a0423e0fea3be7701d39ccd6a015df1d2d85e40
external-and-mods/gamescope/src/reshade/deps/stb/tests/pngsuite/primary/tbbn3p08.png,gamescope,1499,8eb43a6020fda8ed7c8c9b88b974ef794ee8452db29212ae7e5c11003bfd76a3
external-and-mods/gamescope/src/reshade/deps/stb/tests/pngsuite/primary/tbgn3p08.png,gamescope,1499,6f798628935a021fe446dce3d62861d1f7369aaf01bad10daa4917c5abccad7d
external-and-mods/gamescope/src/reshade/deps/stb/tests/pngsuite/primary/tbrn2c08.png,gamescope,1633,8223d8b0c5f84b149f0c1f0e1f658346e07fcbd03ffc02b2e9eeea1481eb19bf
external-and-mods/gamescope/src/reshade/deps/stb/tests/pngsuite/primary/tbwn3p08.png,gamescope,1496,978b28cec43bd219517083b63661bb30a7b9cdf9fd4476ab4e70844565980d51
external-and-mods/gamescope/src/reshade/deps/stb/tests/pngsuite/primary/tbyn3p08.png,gamescope,1499,7b4eb64b4bd7eb36417752873ddaca027ce77a07f474b2af569f4eea1e984111
external-and-mods/gamescope/src/reshade/deps/stb/tests/pngsuite/primary/tm3n3p02.png,gamescope,116,f05e317f64a038123faf96fdbd6fc3ab3eec14e1fc1eb87fd7da4d996be63526
external-and-mods/gamescope/src/reshade/deps/stb/tests/pngsuite/primary/tp0n0g08.png,gamescope,719,a253e055d8cd94049cd95e9392e7aa60f3d5c922a8f0cccb84762b0c5f547545
external-and-mods/gamescope/src/reshade/deps/stb/tests/pngsuite/primary/tp0n2c08.png,gamescope,1594,5dced3fde56b950e61ce86f4ad54458336f66389ce8ca68524d4fd8ec546ff5b
external-and-mods/gamescope/src/reshade/deps/stb/tests/pngsuite/primary/tp0n3p08.png,gamescope,1476,da40ddb18bd45db32ed03dc89e2250b096d808efe975a88477e4f5a91a4677c9
external-and-mods/gamescope/src/reshade/deps/stb/tests/pngsuite/primary/tp1n3p08.png,gamescope,1483,50bc927fe6cf1816454a7c27f8c743734be8db45e37e5ee3ede540f4e895e6c5
external-and-mods/gamescope/src/reshade/deps/stb/tests/pngsuite/primary/z00n2c08.png,gamescope,3172,e4767d3259e1b331c9ece9fb07fc30f385879ac12b3cd0e1cb923f3bfac81dcf
external-and-mods/gamescope/src/reshade/deps/stb/tests/pngsuite/primary/z03n2c08.png,gamescope,232,939abfc6e0a3e349bb5bcd8c4e427a6cdb2c7e0c23a773aefa1c4fc9f07e4cb4
external-and-mods/gamescope/src/reshade/deps/stb/tests/pngsuite/primary/z06n2c08.png,gamescope,224,21652fe42f472acd83dcb207806add5737db0020b21d6b38b0a00be3e9e37990
external-and-mods/gamescope/src/reshade/deps/stb/tests/pngsuite/primary/z09n2c08.png,gamescope,224,98d90a7e61aa1a9ac9d99af44dd25c70cd5a7b4a11a85da60f82923e18a78f9f
external-and-mods/gamescope/src/reshade/deps/stb/tests/pngsuite/primary_check/basi0g01.png,gamescope,391,48f580fb038b8f5306ced82e0950808eb649e9b250e62b5706e9e414389f7ea2
external-and-mods/gamescope/src/reshade/deps/stb/tests/pngsuite/primary_check/basi0g02.png,gamescope,283,d44ac27cb5d3513ae08c481ef4136aefaca471ff97cc7e09691bfd6d1c50097c
external-and-mods/gamescope/src/reshade/deps/stb/tests/pngsuite/primary_check/basi0g04.png,gamescope,252,b4b7b354c50a64120511654f3e030048116414d4557702d3afb84911d9168c42
external-and-mods/gamescope/src/reshade/deps/stb/tests/pngsuite/primary_check/basi0g08.png,gamescope,293,193f5e55094b64b3d759c32647e6d2b300306a2b7064ff4363c958623a7f2220
external-and-mods/gamescope/src/reshade/deps/stb/tests/pngsuite/primary_check/basi2c08.png,gamescope,274,9b221462c9b4a2786d42ab28ed699ed980b011f904b7a3db4a58049aff538fae
external-and-mods/gamescope/src/reshade/deps/stb/tests/pngsuite/primary_check/basi3p01.png,gamescope,273,88258324df77c385d5755eabc9a472ab76e28c0e69a2fba28875b1e4ed85b343
external-and-mods/gamescope/src/reshade/deps/stb/tests/pngsuite/primary_check/basi3p02.png,gamescope,286,dcb17084fc04dbb21b930e0b489ae0822c0f6430f9182939169b20a311dfb41c
external-and-mods/gamescope/src/reshade/deps/stb/tests/pngsuite/primary_check/basi3p04.png,gamescope,331,301a6dfc1f0ba6e239f37e4e98859828a653e89ab6e31b658927a10cd11be9f0
external-and-mods/gamescope/src/reshade/deps/stb/tests/pngsuite/primary_check/basi3p08.png,gamescope,387,629db6441331d3de044f0dc19bdedcafe428ff6b0a7e10c26385cfca2ae7132f
external-and-mods/gamescope/src/reshade/deps/stb/tests/pngsuite/primary_check/basi4a08.png,gamescope,263,b9bc9f977e4d12fd6e83948a6c0e7aef66ab62ab0ba3aa9ed903ea17ab1acd6a
external-and-mods/gamescope/src/reshade/deps/stb/tests/pngsuite/primary_check/basi6a08.png,gamescope,298,aca443c0ee0c47aa3377c5d80f0df73bd108a678ec56534fb920a7c11ae4b62c
external-and-mods/gamescope/src/reshade/deps/stb/tests/pngsuite/primary_check/basn0g01.png,gamescope,391,045ae7f4b0cbfe485d457bd508587125cf80766d514e75e6478daaa14142ab4a
external-and-mods/gamescope/src/reshade/deps/stb/tests/pngsuite/primary_check/basn0g02.png,gamescope,283,5dd8ed162df4461283a45698724fa832ac59457810e2c6e26ac59b9893a084c5
external-and-mods/gamescope/src/reshade/deps/stb/tests/pngsuite/primary_check/basn0g04.png,gamescope,252,4dd3806f81eafe97406ef3dd060005e13cd829b27e3353221895e9c4b35c9852
external-and-mods/gamescope/src/reshade/deps/stb/tests/pngsuite/primary_check/basn0g08.png,gamescope,293,b2193416c9584b85b07d8c0045df77dc36e4326916f3b08d2f7cdda0a31982ac
external-and-mods/gamescope/src/reshade/deps/stb/tests/pngsuite/primary_check/basn2c08.png,gamescope,274,9b4cf5baff53994645396bee1abf9b22fdbd8734375b565f5d0a38b7891c1a5d
external-and-mods/gamescope/src/reshade/deps/stb/tests/pngsuite/primary_check/basn3p01.png,gamescope,273,b719803fe3985ee904fc26b2d7e8d4c3974b446972b832b4a017c71cf16e6e6a
external-and-mods/gamescope/src/reshade/deps/stb/tests/pngsuite/primary_check/basn3p02.png,gamescope,286,e98ba28187adf445f838426562914c47addde9879ef27e2b53c73eaa3205cd09
external-and-mods/gamescope/src/reshade/deps/stb/tests/pngsuite/primary_check/basn3p04.png,gamescope,331,c53f6d5107497eb36c6f87819c1ec7958d3d429cf69dfe4fc512a586290fb5eb
external-and-mods/gamescope/src/reshade/deps/stb/tests/pngsuite/primary_check/basn3p08.png,gamescope,387,b39d6f17f6ca2f453f2d89f17414a6916e4becbebb182717fb153d2a6b73e279
external-and-mods/gamescope/src/reshade/deps/stb/tests/pngsuite/primary_check/basn4a08.png,gamescope,263,c09b86518b014fc512db3a1e4857dad9ad516e67b9850b97317923c66c690fc3
external-and-mods/gamescope/src/reshade/deps/stb/tests/pngsuite/primary_check/basn6a08.png,gamescope,298,62845fcb22af811b0018bce9e1c341e53d95a710f854f361c786d33ccdadcc9a
external-and-mods/gamescope/src/reshade/deps/stb/tests/pngsuite/primary_check/bgai4a08.png,gamescope,263,00346cb3da0a5b285b537bb5522ffdf1aade31ddec58974d123d3be52ac6ce78
external-and-mods/gamescope/src/reshade/deps/stb/tests/pngsuite/primary_check/bgan6a08.png,gamescope,298,751f892fa84da7bd6c669a6c5164acc4a5dbf28ec88be7f33d10a6957c2722f1
external-and-mods/gamescope/src/reshade/deps/stb/tests/pngsuite/primary_check/bgbn4a08.png,gamescope,263,834675005038bf9f3d4bc16730b97eadf1e7fb0c8ef4ff697959f2ca6250d291
external-and-mods/gamescope/src/reshade/deps/stb/tests/pngsuite/primary_check/bgwn6a08.png,gamescope,298,afea02f534f64ed037024a3cb1f3c70dce440e738b553aa404c10faf1e555e5b
external-and-mods/gamescope/src/reshade/deps/stb/tests/pngsuite/primary_check/s01i3p01.png,gamescope,202,45968d967e0669b6c35942cd850004efd1ddbd1abc44599f7cbcb6703458f2d5
external-and-mods/gamescope/src/reshade/deps/stb/tests/pngsuite/primary_check/s01n3p01.png,gamescope,202,f8a093de320a6ee8d1192200e3b153e80a89a408491a10ffddee01b6ac673197
external-and-mods/gamescope/src/reshade/deps/stb/tests/pngsuite/primary_check/s02i3p01.png,gamescope,210,4d90a156cf57b0d1178f49edb208cb387b95985db1ed5352c98773b1e23a7b4f
external-and-mods/gamescope/src/reshade/deps/stb/tests/pngsuite/primary_check/s02n3p01.png,gamescope,210,ebc27ad768453f229a8ca4763a638c544b97be437126682f0247dfcc7f4bc44d
external-and-mods/gamescope/src/reshade/deps/stb/tests/pngsuite/primary_check/s03i3p01.png,gamescope,216,28c55ec5f9f1e41bfbd32e29fad97ad358a8db2ac2dfdfcc518e6fc58d660501
external-and-mods/gamescope/src/reshade/deps/stb/tests/pngsuite/primary_check/s03n3p01.png,gamescope,216,a00f831c341ba89f5eb58c49a98cbbb13eb188aa4a3ab44c49dbb6d95f3c36c0
external-and-mods/gamescope/src/reshade/deps/stb/tests/pngsuite/primary_check/s04i3p01.png,gamescope,221,0103eae74cdf47da1f0dcddd7950d7c94f9c5022981db40034f1a2a13f2d7e4d
external-and-mods/gamescope/src/reshade/deps/stb/tests/pngsuite/primary_check/s04n3p01.png,gamescope,221,b4fe77d08335cec7690d532bd264648c9ab13622c1071b26b283dafd3fe43a3a
external-and-mods/gamescope/src/reshade/deps/stb/tests/pngsuite/primary_check/s05i3p02.png,gamescope,232,46b9b5bcb99a3e8f6a4d139079db899b166becfb5e10979165c58bb27ab31a67
external-and-mods/gamescope/src/reshade/deps/stb/tests/pngsuite/primary_check/s05n3p02.png,gamescope,232,e797a854d1f84c70229c943b3b4d709086f146f924773fadb56a195b8f8ab003
external-and-mods/gamescope/src/reshade/deps/stb/tests/pngsuite/primary_check/s06i3p02.png,gamescope,239,05ad6b347523b587e1a9d1cd0c63597976996282be8c0f7a98520a4ea9e7c8b5
external-and-mods/gamescope/src/reshade/deps/stb/tests/pngsuite/primary_check/s06n3p02.png,gamescope,239,0bb46f03d05b565ca2b64255753c98ee0cb8cc12db8202029411ac507e592d41
external-and-mods/gamescope/src/reshade/deps/stb/tests/pngsuite/primary_check/s07i3p02.png,gamescope,249,f9a9870771b9f2ef13267537848783200217ad89b021ea3d1c684626fb86b150
external-and-mods/gamescope/src/reshade/deps/stb/tests/pngsuite/primary_check/s07n3p02.png,gamescope,249,893b5f23a1ff3ac0ad35e173e855ef55366d1e184963f339715e4484a7cc30c9
external-and-mods/gamescope/src/reshade/deps/stb/tests/pngsuite/primary_check/s08i3p02.png,gamescope,255,5daf738b10abf6bacc9976c9843ee74b3d3b1480d781c15d28d3cb97aedf020d
external-and-mods/gamescope/src/reshade/deps/stb/tests/pngsuite/primary_check/s08n3p02.png,gamescope,255,2b84d1770ba1a585b420e877d1cfb182874364339c2efb5a2a9be34dde866c2d
external-and-mods/gamescope/src/reshade/deps/stb/tests/pngsuite/primary_check/s09i3p02.png,gamescope,263,d4177c6c20c9d0580c5b8643b4cd61a6cc719171338209a2032d60de7658046f
external-and-mods/gamescope/src/reshade/deps/stb/tests/pngsuite/primary_check/s09n3p02.png,gamescope,263,a263a2a1499d5c5ae41d9f8f1461e391e2580cb81682860145796228343c4e60
external-and-mods/gamescope/src/reshade/deps/stb/tests/pngsuite/primary_check/s32i3p04.png,gamescope,441,6cab532e65c3d7c3b002cfbb54b4b7fa39293395ac7c2bec8f7ef1fad604b5d1
external-and-mods/gamescope/src/reshade/deps/stb/tests/pngsuite/primary_check/s32n3p04.png,gamescope,441,7a5b76ded40be75c285c70f05d623d902d95c166b7e0b14fadc834ffad7df8a2
external-and-mods/gamescope/src/reshade/deps/stb/tests/pngsuite/primary_check/s33i3p04.png,gamescope,470,de9dd5a7d616b1b215cd97861cd3099621e3815851709cbd015dd23261cefba9
external-and-mods/gamescope/src/reshade/deps/stb/tests/pngsuite/primary_check/s33n3p04.png,gamescope,470,65475c40b04e0117a6bf9df7f597ee880d9c39c6e3ddc846471d8024b640e4b4
external-and-mods/gamescope/src/reshade/deps/stb/tests/pngsuite/primary_check/s34i3p04.png,gamescope,431,40361d0d0cdd2687e5f210f64eed5daf0eb34f2a7ed1a6b141c009afbfd16a67
external-and-mods/gamescope/src/reshade/deps/stb/tests/pngsuite/primary_check/s34n3p04.png,gamescope,431,bbccf07a1c0d4bbb91d5ebba690ae339bdbf58cde36c69d180c3e97ccacfcd7a
external-and-mods/gamescope/src/reshade/deps/stb/tests/pngsuite/primary_check/s35i3p04.png,gamescope,477,521dd71413580ffee83365dfcd41f6f9c37e90f7f77a03bc2adfb3d522d8af94
external-and-mods/gamescope/src/reshade/deps/stb/tests/pngsuite/primary_check/s35n3p04.png,gamescope,477,4dcffe92ce0383f4c68c0e68b13e1a15289fe0016e619b2f9f58b2db26dfea72
external-and-mods/gamescope/src/reshade/deps/stb/tests/pngsuite/primary_check/s36i3p04.png,gamescope,448,9efcaf6785fbcfb140cd58164757b81f52dcd4bbb2ac379c3aed079a5bfffa79
external-and-mods/gamescope/src/reshade/deps/stb/tests/pngsuite/primary_check/s36n3p04.png,gamescope,448,d6b4a2b197e89b507fe0a6ee2ce5bf60b2be374ae9ba6b62bef7f71177072049
external-and-mods/gamescope/src/reshade/deps/stb/tests/pngsuite/primary_check/s37i3p04.png,gamescope,478,a9abfee35297764e562c6aa0da8b272e16aae99050be65f977f3b97040220c68
external-and-mods/gamescope/src/reshade/deps/stb/tests/pngsuite/primary_check/s37n3p04.png,gamescope,478,8f87f3c0ae459e8d7aa5e9aa7022cdce96c710c319f584e9585557248d727fec
external-and-mods/gamescope/src/reshade/deps/stb/tests/pngsuite/primary_check/s38i3p04.png,gamescope,439,67b3ab6a80a059f45795a347c3367b21d0a536bbaf8465c57fbb5d1e79fc7149
external-and-mods/gamescope/src/reshade/deps/stb/tests/pngsuite/primary_check/s38n3p04.png,gamescope,439,f6d85a2e1eeb4a49873a359a4b699be1d5a9f7832bdd2cfd358d7616e2567280
external-and-mods/gamescope/src/reshade/deps/stb/tests/pngsuite/primary_check/s39i3p04.png,gamescope,499,a6a481631577292aeae1609832d059cab68d27293ba1ac4009121d16b2474362
external-and-mods/gamescope/src/reshade/deps/stb/tests/pngsuite/primary_check/s39n3p04.png,gamescope,499,9dd7757b633efaabae0ee731815c1f01b2154a23a83bbb2aca068f45f0df36de
external-and-mods/gamescope/src/reshade/deps/stb/tests/pngsuite/primary_check/s40i3p04.png,gamescope,463,39f99a8ab9610c641599d890f182244830396a850413b7e28bfc06e5eba612cb
external-and-mods/gamescope/src/reshade/deps/stb/tests/pngsuite/primary_check/s40n3p04.png,gamescope,463,3b35bd3d9ebc020ae22813d80c83bd169997b757ea82e2021f4dbf21a56994a0
external-and-mods/gamescope/src/reshade/deps/stb/tests/pngsuite/primary_check/tbbn0g04.png,gamescope,762,ab7cbe25cb11aaa75f9e05eee93d19692e31f7d506a59c3be206e2c253013d62
external-and-mods/gamescope/src/reshade/deps/stb/tests/pngsuite/primary_check/tbbn3p08.png,gamescope,1911,087d86b2d2c3ba73a534ecc5a6587cf7e9a9ac99cb1c35ac25abfeb60f7647b6
external-and-mods/gamescope/src/reshade/deps/stb/tests/pngsuite/primary_check/tbgn3p08.png,gamescope,1911,c2c56ae725044c16746ef32495f61391a4f508c435dcb4b00429953a4b6decdd
external-and-mods/gamescope/src/reshade/deps/stb/tests/pngsuite/primary_check/tbrn2c08.png,gamescope,1901,3e25eb1538551f9d7fe610901224068c787aa0eaf7253290f5b2fc040b06042d
external-and-mods/gamescope/src/reshade/deps/stb/tests/pngsuite/primary_check/tbwn3p08.png,gamescope,1911,a0161ef54b2eae852103f9afaaab1c91455b37be80281b0ad7857e33e03e51fb
external-and-mods/gamescope/src/reshade/deps/stb/tests/pngsuite/primary_check/tbyn3p08.png,gamescope,1911,6e997311a40147564ce77d175eac153fcaef02936b7408f02fa2befa7525db5a
external-and-mods/gamescope/src/reshade/deps/stb/tests/pngsuite/primary_check/tm3n3p02.png,gamescope,306,ac11b6733a1e422cb37b2fc809c2ef790041c11943dfd5b2d8d3226b6867818d
external-and-mods/gamescope/src/reshade/deps/stb/tests/pngsuite/primary_check/tp0n0g08.png,gamescope,1802,597e4daf2b9a8b91134378d5d15a98e3763c8b63841c9dc6b172e172988765f3
external-and-mods/gamescope/src/reshade/deps/stb/tests/pngsuite/primary_check/tp0n2c08.png,gamescope,1955,4e35fe2ae4f715b8962081502866d1fb6bf09d21f7c5be189a7906a342c463ff
external-and-mods/gamescope/src/reshade/deps/stb/tests/pngsuite/primary_check/tp0n3p08.png,gamescope,1959,85c72a7936163a213da6a4b7afface155f8412c529af9205637136b56f55fe66
external-and-mods/gamescope/src/reshade/deps/stb/tests/pngsuite/primary_check/tp1n3p08.png,gamescope,1911,a0161ef54b2eae852103f9afaaab1c91455b37be80281b0ad7857e33e03e51fb
external-and-mods/gamescope/src/reshade/deps/stb/tests/pngsuite/primary_check/z00n2c08.png,gamescope,422,928d6062cf2858216d0e1e65c56edef1406a280eeb90dad9362df391f1153812
external-and-mods/gamescope/src/reshade/deps/stb/tests/pngsuite/primary_check/z03n2c08.png,gamescope,422,928d6062cf2858216d0e1e65c56edef1406a280eeb90dad9362df391f1153812
external-and-mods/gamescope/src/reshade/deps/stb/tests/pngsuite/primary_check/z06n2c08.png,gamescope,422,928d6062cf2858216d0e1e65c56edef1406a280eeb90dad9362df391f1153812
external-and-mods/gamescope/src/reshade/deps/stb/tests/pngsuite/primary_check/z09n2c08.png,gamescope,422,f87daf7d82bbccaa240710ddebeead8971ffb3a36a4e65ee72f5591688e3c406
external-and-mods/gamescope/src/reshade/deps/stb/tests/pngsuite/ref_results.csv,gamescope,13451,759f06185bddbdca359d9364a79ff97355984f25fbded347f1f586be293f2875
external-and-mods/gamescope/src/reshade/deps/stb/tests/pngsuite/unused/ccwn2c08.png,gamescope,1514,c88909e74e039dd3df829bf24144b487171e53b17f5c5c07cbc08688247d24b5
external-and-mods/gamescope/src/reshade/deps/stb/tests/pngsuite/unused/ccwn3p08.png,gamescope,1554,dc365b39d49c287669d837872dd59aef30763a611dfc8c046c481e35e49a390a
external-and-mods/gamescope/src/reshade/deps/stb/tests/pngsuite/unused/cdfn2c08.png,gamescope,404,438018f19c85e582cb586ac7cca2220008ecb7fc70ce50e8f2a76b494c128a20
external-and-mods/gamescope/src/reshade/deps/stb/tests/pngsuite/unused/cdhn2c08.png,gamescope,344,a068eaf1f7040490e08eda3259befb6689849dd0ff8bb4cc03c705d117cb2b9f
external-and-mods/gamescope/src/reshade/deps/stb/tests/pngsuite/unused/cdsn2c08.png,gamescope,232,ee08dfa303a3c09171280fc1821180dc0a4c3591af7e9077e8ce0435642c76d2
external-and-mods/gamescope/src/reshade/deps/stb/tests/pngsuite/unused/cdun2c08.png,gamescope,724,a849d89ba3d92146940d7c56d2fe74c9c3ec96725c7f24eefaf44160a6304de2
external-and-mods/gamescope/src/reshade/deps/stb/tests/pngsuite/unused/ch1n3p04.png,gamescope,258,587a8624228d3f605f475bd751a1f3a97f0bbab590c0ff518bce5da3abcb6f2b
external-and-mods/gamescope/src/reshade/deps/stb/tests/pngsuite/unused/ch2n3p08.png,gamescope,1810,e3cace549047c6e5e693b9b135d53f7f9ca5b1088bf30cc408634598ba53758a
external-and-mods/gamescope/src/reshade/deps/stb/tests/pngsuite/unused/cm0n0g04.png,gamescope,292,79ccaf4abe5091e1f65f8a61496363ed3312ebb9ea1aaa98affadac3d98507de
external-and-mods/gamescope/src/reshade/deps/stb/tests/pngsuite/unused/cm7n0g04.png,gamescope,292,127bb50d224ac3ebff36160482a03b9e6686072e86c8ff4cd43e3ce2271b2315
external-and-mods/gamescope/src/reshade/deps/stb/tests/pngsuite/unused/cm9n0g04.png,gamescope,292,774b384d0ad73698e7d93fc5a29976b332c619045e5966276c609b11459a4152
external-and-mods/gamescope/src/reshade/deps/stb/tests/pngsuite/unused/cs3n2c16.png,gamescope,214,bc812de2b83abc9ae2a6d1ae01e91f9090214b9ed8fee1d56cdfea58f4f259d0
external-and-mods/gamescope/src/reshade/deps/stb/tests/pngsuite/unused/cs3n3p08.png,gamescope,259,267104dced0858dd828cdd41edc0e87042c7094c77191565192a67045064b23f
external-and-mods/gamescope/src/reshade/deps/stb/tests/pngsuite/unused/cs5n2c08.png,gamescope,186,028fa49fbba3954c2eba27a4c3607196e87c1dae74192df3b3ad7afe5e0a3f0c
external-and-mods/gamescope/src/reshade/deps/stb/tests/pngsuite/unused/cs5n3p08.png,gamescope,271,a7a4021983d6b22685529cbafb65cd087c9e1af1c5d205c2e13e3efc4ae87b6a
external-and-mods/gamescope/src/reshade/deps/stb/tests/pngsuite/unused/cs8n2c08.png,gamescope,149,d90ddab7313e4e1fd7f20f16a6c546b449697fbcac1a7776298a74896f4662da
external-and-mods/gamescope/src/reshade/deps/stb/tests/pngsuite/unused/cs8n3p08.png,gamescope,256,5bffdb88e307a851f8e85b137a69c59e557a881db816e990061934c0155c894c
external-and-mods/gamescope/src/reshade/deps/stb/tests/pngsuite/unused/ct0n0g04.png,gamescope,273,081d1ec26b4157fbc032b76dc716321420f2d032a425de046557c7842766826d
external-and-mods/gamescope/src/reshade/deps/stb/tests/pngsuite/unused/ct1n0g04.png,gamescope,792,259116f8ecf849d83d824688eb02b4575aed11980f02ab6fb123281c25a6459d
external-and-mods/gamescope/src/reshade/deps/stb/tests/pngsuite/unused/cten0g04.png,gamescope,742,4583e63d1bdfa18b6abb47439dee9a73bed311ed1b0a71d22bed75fe4767832b
external-and-mods/gamescope/src/reshade/deps/stb/tests/pngsuite/unused/ctfn0g04.png,gamescope,716,d0607280c3539a8934c5cfd22788b382cdc31321cdedc75ae8a29e3948580ba6
external-and-mods/gamescope/src/reshade/deps/stb/tests/pngsuite/unused/ctgn0g04.png,gamescope,1182,5f4c87f5a8f589d029a908050880ac5d6aed3810e55e75444802d6d3fb27cf33
external-and-mods/gamescope/src/reshade/deps/stb/tests/pngsuite/unused/cthn0g04.png,gamescope,1269,8ef799e59871755578e563c5b411bc3895c2f7112c115aaa921b6c04fe255bf2
external-and-mods/gamescope/src/reshade/deps/stb/tests/pngsuite/unused/ctjn0g04.png,gamescope,941,ca91332ecc04e5faac1f39ca4df4996b072a93f3e574e7f4b50d52aafbfe67b6
external-and-mods/gamescope/src/reshade/deps/stb/tests/pngsuite/unused/ctzn0g04.png,gamescope,753,c0765e635a6423ec64f0314400c3df20745c4a4469ffcc323c7b00ba66b4aceb
external-and-mods/gamescope/src/reshade/deps/stb/tests/pngsuite/unused/f00n0g08.png,gamescope,319,d055cc0bb505b37c6ecf88a808d71675eca5dd0ee683d70ebc9c0be0e1bb8e57
external-and-mods/gamescope/src/reshade/deps/stb/tests/pngsuite/unused/f00n2c08.png,gamescope,2475,0fe92b2aa2da04c885d1dbd85c834716f6cdd946364d97dcd597bb79d9e14427
external-and-mods/gamescope/src/reshade/deps/stb/tests/pngsuite/unused/f01n0g08.png,gamescope,321,956ddaf133e6d9a8d36f1e00604d87fbc2d0295e933bb8caaef517e7d87e5342
external-and-mods/gamescope/src/reshade/deps/stb/tests/pngsuite/unused/f01n2c08.png,gamescope,1180,ef072ec6815ebf9b33e0553d2e4e4e7ed6911860a2512c67bcd10a9f0f09b9de
external-and-mods/gamescope/src/reshade/deps/stb/tests/pngsuite/unused/f02n0g08.png,gamescope,355,1f5b49c06ecc2a1756f0423b3de936bd18497866d035ac8eded78a6f17408a2c
external-and-mods/gamescope/src/reshade/deps/stb/tests/pngsuite/unused/f02n2c08.png,gamescope,1729,ca4b937b3c587d5c007f193a2eec14dc96b0d23ff7d6aa9004e3badd1af9fe8f
external-and-mods/gamescope/src/reshade/deps/stb/tests/pngsuite/unused/f03n0g08.png,gamescope,389,d0563ae30c6ce7a01eae7a5cdc0ef780175bfa7653888ed93f17bef5fe4b2107
external-and-mods/gamescope/src/reshade/deps/stb/tests/pngsuite/unused/f03n2c08.png,gamescope,1291,2d101e3ef4f78a69437034671e93fe11faac0cfc4d44210dcca1b944caa886f7
external-and-mods/gamescope/src/reshade/deps/stb/tests/pngsuite/unused/f04n0g08.png,gamescope,269,fec1a3c53833d0ddefa4486a98934c393cb4335b2dc31da70e6540a4686f1457
external-and-mods/gamescope/src/reshade/deps/stb/tests/pngsuite/unused/f04n2c08.png,gamescope,985,c365c24153cb69fd3c162f00b296ae23a71a1595645d1aeb0ad23af680d7b4be
external-and-mods/gamescope/src/reshade/deps/stb/tests/pngsuite/unused/f99n0g04.png,gamescope,426,8ac0f095d2a943157e820fa121bccde08d5230af1b5830c3041d5f4da3524eba
external-and-mods/gamescope/src/reshade/deps/stb/tests/pngsuite/unused/g03n0g16.png,gamescope,345,3494b914dd1b094afa9a74a89bfa75219030e21af6fca3ed66c9d45032a047e9
external-and-mods/gamescope/src/reshade/deps/stb/tests/pngsuite/unused/g03n2c08.png,gamescope,370,abce774b9624952c2d0c57ff681790ba620cf5616fe7e0ef0600600cdce3c22a
external-and-mods/gamescope/src/reshade/deps/stb/tests/pngsuite/unused/g03n3p04.png,gamescope,214,541389db0c72721c6c49501e1dbf6e32df41b4fcfa318676955e278f3f4332b3
external-and-mods/gamescope/src/reshade/deps/stb/tests/pngsuite/unused/g04n0g16.png,gamescope,363,72350a2d9db2df09b626f1f1dd48061e9c749d471bf19814d2c5c10acbf007e5
external-and-mods/gamescope/src/reshade/deps/stb/tests/pngsuite/unused/g04n2c08.png,gamescope,377,bfd3edfc4d85a43383556a51023533fa3888184aa53a6b43769910782beebfce
external-and-mods/gamescope/src/reshade/deps/stb/tests/pngsuite/unused/g04n3p04.png,gamescope,219,5ea85ebefb58b2ab113fc05bf1cb79ffb068359e3a5620843590a0a7b59bd49a
external-and-mods/gamescope/src/reshade/deps/stb/tests/pngsuite/unused/g05n0g16.png,gamescope,339,be19721d28e0b268af1e29e8190c952b94315bd08899383ae2c91e6dc8c4f889
external-and-mods/gamescope/src/reshade/deps/stb/tests/pngsuite/unused/g05n2c08.png,gamescope,350,74ab5b8477992d65e220eeaff8df466522c1b392fa90c6f9935da5bdb7113c9d
external-and-mods/gamescope/src/reshade/deps/stb/tests/pngsuite/unused/g05n3p04.png,gamescope,206,2f46afd7ec15836b523cbce6965f34d89833b8d777afffaf0f53bce620d5f65e
external-and-mods/gamescope/src/reshade/deps/stb/tests/pngsuite/unused/g07n0g16.png,gamescope,321,9070f843981f765cc8e26a63751be5d58631d85a8a7b4e826358f80e8a679d03
external-and-mods/gamescope/src/reshade/deps/stb/tests/pngsuite/unused/g07n2c08.png,gamescope,340,ca4cd32d222f65fb7beb7c9f40d8b6833b36d552b830ff1a1d67dae73b8ed0d8
external-and-mods/gamescope/src/reshade/deps/stb/tests/pngsuite/unused/g07n3p04.png,gamescope,207,b8e7abeabcfd50b71cca78b6cdff7372310cfc179cd63304c3e904f469b333cb
external-and-mods/gamescope/src/reshade/deps/stb/tests/pngsuite/unused/g10n0g16.png,gamescope,262,a22486acb74ee5f947db3a20b1f314a9dd8aca3339840049ee559f4d676a6b5c
external-and-mods/gamescope/src/reshade/deps/stb/tests/pngsuite/unused/g10n2c08.png,gamescope,285,4ac23729aea109e8f6b1e831448115cf02dcd97559e9403847cbe6dd7e5c7347
external-and-mods/gamescope/src/reshade/deps/stb/tests/pngsuite/unused/g10n3p04.png,gamescope,214,36cc2ea4b5b33cd18e0a01c7de85dbcaf7161d258cd0f2265a90cd835b15cf6d
external-and-mods/gamescope/src/reshade/deps/stb/tests/pngsuite/unused/g25n0g16.png,gamescope,383,1fae707d809296d2cf0d6aa653bead6199644fb1c859558ec7d2d69e709a423a
external-and-mods/gamescope/src/reshade/deps/stb/tests/pngsuite/unused/g25n2c08.png,gamescope,405,9b128cfa1bb417dd99251914d729062621fcea9f346168549b16a75fe030b0f6
external-and-mods/gamescope/src/reshade/deps/stb/tests/pngsuite/unused/g25n3p04.png,gamescope,215,4197a0a25c4f74d42c2285d75b9fabe1eedbed45bc224ff1ec1784f5797e9dbf
external-and-mods/gamescope/src/reshade/deps/stb/tests/pngsuite/unused/pp0n2c16.png,gamescope,962,72406b6173ec20dd059e8cea594ef5bc8f81bac5e416e2b53058d2debd51d195
external-and-mods/gamescope/src/reshade/deps/stb/tests/pngsuite/unused/pp0n6a08.png,gamescope,818,d5a6f964a601a5e1815525117c12c32b61e2aa09fd6040776d35f2f7115b7110
external-and-mods/gamescope/src/reshade/deps/stb/tests/pngsuite/unused/ps1n0g08.png,gamescope,1456,b321b9ac8f2aa641475b6936365954181726dcb8662dbf641284d82a83cc22a5
external-and-mods/gamescope/src/reshade/deps/stb/tests/pngsuite/unused/ps1n2c16.png,gamescope,1620,6c59d673032fe2d04dbd2ea91cc9bc7bebe7d5ab84911f00e36fb28994793576
external-and-mods/gamescope/src/reshade/deps/stb/tests/pngsuite/unused/ps2n0g08.png,gamescope,2320,bd2ae1b45fd771aaa8c57dccd183f3834fc9742f6dfc692606865049efb116e5
external-and-mods/gamescope/src/reshade/deps/stb/tests/pngsuite/unused/ps2n2c16.png,gamescope,2484,120c62ce9d014f7772c4b38a446991b5bbe6a22ef5ea59239d32e023bc167585
external-and-mods/gamescope/src/reshade/deps/stb/tests/prerelease/stb_lib.h,gamescope,106783,863795f061c84c8e6225fd1362ef563d74e6a69b8b2e50fe9d8d76bbead0b1ae
external-and-mods/gamescope/src/reshade/deps/stb/tests/resample_test.cpp,gamescope,39332,0f34e90e29db5244ef31a7b71484fa982d83a08b2dac6c35c5439ad0620c6c22
external-and-mods/gamescope/src/reshade/deps/stb/tests/resample_test_c.c,gamescope,181,71c3c8a02a6e8da6e227de1985cc02b824abc846f61de7f46cd577153e058bef
external-and-mods/gamescope/src/reshade/deps/stb/tests/resize.dsp,gamescope,4030,8d54b5b437af2658ea1df3afed0b5e108b59a685439d59f1637cd4e6a6a173a5
external-and-mods/gamescope/src/reshade/deps/stb/tests/sdf/sdf_test.c,gamescope,4626,64d170fdc4b4a39556e7b44edab87a6cdfac6db8a41e525f35e032a74cf1cb3e
external-and-mods/gamescope/src/reshade/deps/stb/tests/sdf/sdf_test_arial_16.png,gamescope,121269,facbd67b48f48b412c9ef41f9a014f388de20fcb4733a80f32f53942d84b5ae0
external-and-mods/gamescope/src/reshade/deps/stb/tests/sdf/sdf_test_times_16.png,gamescope,108371,6556771e376f659744aa86a0f103162030c0ffdbbf1f206ee8546809dc8e9280
external-and-mods/gamescope/src/reshade/deps/stb/tests/sdf/sdf_test_times_50.png,gamescope,104962,dd1792efa7d9b3ea0e2cc26256b591938cf0638cd6bc869ebcf6090dc809b655
external-and-mods/gamescope/src/reshade/deps/stb/tests/stb.c,gamescope,124964,b78e87e1a5faf1a78a64b7d171f8291892f643afaaa0a1d09ce32df791a4e323
external-and-mods/gamescope/src/reshade/deps/stb/tests/stb.dsp,gamescope,6385,5b9268f9b10136f3960df138aee318d5682ed1f345e86d9df3977acda623520b
external-and-mods/gamescope/src/reshade/deps/stb/tests/stb.dsw,gamescope,2610,2204b53430d99bfd85905b4fa50b71ecf6f10ee4ec554fea6ad5c7d56860d6bc
external-and-mods/gamescope/src/reshade/deps/stb/tests/stb_c_lexer_fuzzer.cpp,gamescope,2081,2e75d336139d3e91c1040659e165c405c9c9cc44fe8333b47cf2c0d46a6fe98b
external-and-mods/gamescope/src/reshade/deps/stb/tests/stb_cpp.cpp,gamescope,2233,65e9a7d1a5a1c7fb8f1dbb404a197ad216cbadbc479a864ab398683b7f4ef1a6
external-and-mods/gamescope/src/reshade/deps/stb/tests/stb_cpp.dsp,gamescope,4095,22d4f4cf9025ffe012ffec49be51c43e7fb3ba6bcf8e78fd45a546a08dbaa351
external-and-mods/gamescope/src/reshade/deps/stb/tests/stb_png.dict,gamescope,158,455fc35349e74592950922a53a8b71233bfaba120901925c18824c71b16cdb5f
external-and-mods/gamescope/src/reshade/deps/stb/tests/stb_static.c,gamescope,293,bb8303e7900d8b768b461155b899005c1fe8ee4872e391e0d9fd224ecc6bb143
external-and-mods/gamescope/src/reshade/deps/stb/tests/stbi_read_fuzzer.c,gamescope,502,e26add98ecadde45d8e1d852ea7935c2daf5c100cebb5a4f12e05926cd650d50
external-and-mods/gamescope/src/reshade/deps/stb/tests/stblib.dsp,gamescope,4128,4aa9050541e963cd46af1be84fe4609daf7480f4742582b92ebe0dd616ef3603
external-and-mods/gamescope/src/reshade/deps/stb/tests/stblib_test.c,gamescope,193,25c59770e1ba1a5e7fee4e64cbb113209c6a53540329052fabcc4705685afbf0
external-and-mods/gamescope/src/reshade/deps/stb/tests/stblib_test_companion.c,gamescope,114,4a858e3d275a1c82959096a958ccbc613fecd08743a0c895ec5c0ae98966d342
external-and-mods/gamescope/src/reshade/deps/stb/tests/stretch_test.dsp,gamescope,4057,9f0358d5c20595b044906fedc5a46a655ce56cbde43befd6bae389d7711809a3
external-and-mods/gamescope/src/reshade/deps/stb/tests/test.sbm,gamescope,1318,e0f3191edbdc0d736bbc30f9a398f1ee1411d2cad29d32dcdd1f480d6973d5c4
external-and-mods/gamescope/src/reshade/deps/stb/tests/test_c_compilation.c,gamescope,1223,69c6f5d5a193f3199fe528a41db65cae6c1ef4ffbf3258e6652e798b29a77d48
external-and-mods/gamescope/src/reshade/deps/stb/tests/test_c_lexer.c,gamescope,3774,8f9736000c494afeb0e317c32cf4a579ea655388923a57b3d00361388a970775
external-and-mods/gamescope/src/reshade/deps/stb/tests/test_cpp_compilation.cpp,gamescope,5926,84421649d372f5f63859e3d1b823f04dc54f0df552f9cab2edaf128a93705c71
external-and-mods/gamescope/src/reshade/deps/stb/tests/test_ds.c,gamescope,32297,a1bd4bedd8f0b765b3e15d183e001204c5129a97ce73182e16872643ca1cd3db
external-and-mods/gamescope/src/reshade/deps/stb/tests/test_ds_cpp.cpp,gamescope,13936,8dee0ac0e7d99b1353a6947ecace3734774512fe48f30c88120f93bcdbc02248
external-and-mods/gamescope/src/reshade/deps/stb/tests/test_dxt.c,gamescope,21,114ca0c9d39e86b9ddbc9a6010ca8596f33afeeca30fbe10755267fb1fa72248
external-and-mods/gamescope/src/reshade/deps/stb/tests/test_easyfont.c,gamescope,212,3986ab206983ca30dc5a235f4c481c4a7e5f0bfd0531f855df39f05e0e5aac63
external-and-mods/gamescope/src/reshade/deps/stb/tests/test_image.c,gamescope,135,6229e894e51900e47b36bc86b2efd657bb9fe73ee2087110c47828fb9f8ed9e0
external-and-mods/gamescope/src/reshade/deps/stb/tests/test_image_write.c,gamescope,154,7869b5cc79e225f8ed6ce07996c4f2293ce54240ad6390b1af8dbed7f7cd31fc
external-and-mods/gamescope/src/reshade/deps/stb/tests/test_perlin.c,gamescope,23,f3e2b9ce08b1e7295f6f77c8228a1b0f442a686ed0b7e7fcfa23f877e852b042
external-and-mods/gamescope/src/reshade/deps/stb/tests/test_png_paeth.c,gamescope,1054,5c7fe18d809041c77dbbcb282e270f60acab49de9a860c748b780be1d83ebfa0
external-and-mods/gamescope/src/reshade/deps/stb/tests/test_png_regress.c,gamescope,1923,07740d18d220a2120b19857fc3e07a03d1229a32a1f4820a4e0c8d36db90973a
external-and-mods/gamescope/src/reshade/deps/stb/tests/test_siphash.c,gamescope,463,4c025ba83e75a3400f3b52cac00fd9670435a228cf3eb4c4d25b83923f7ec83d
external-and-mods/gamescope/src/reshade/deps/stb/tests/test_sprintf.c,gamescope,7337,a96a229cc64873a92f81d9cd9ea782af005c9393117e168240bc795c3656aa58
external-and-mods/gamescope/src/reshade/deps/stb/tests/test_truetype.c,gamescope,4407,4f88e2a07033928a4276c3625eeed4d978199280e182111eaafc0871eda1b425
external-and-mods/gamescope/src/reshade/deps/stb/tests/test_vorbis.c,gamescope,458,0d8371030302793069854b7c58e4e2011e11df593ccdc768b1d11f45484136f9
external-and-mods/gamescope/src/reshade/deps/stb/tests/test_voxel.c,gamescope,29,2de97e47892f02b6e2094c23ccd6fc469a2e45835cf99e3b742d3ea486842688
external-and-mods/gamescope/src/reshade/deps/stb/tests/textedit_sample.c,gamescope,3696,a80cce4d5254a6c7ae0a27fc2870c92f79d1ddcdbb54d6e5febe05d0ba034d31
external-and-mods/gamescope/src/reshade/deps/stb/tests/tilemap_editor_integration_example.c,gamescope,6352,23ca3277b08a175086f1c3a20e8f437fb22f052ebd32c78c59c36f13cf26c22d
external-and-mods/gamescope/src/reshade/deps/stb/tests/truetype_test_win32.c,gamescope,5178,9e0a15ca3976ad2f58b8b55dc6926af2aa1b8d0dcd7ae27f13be435266e6f618
external-and-mods/gamescope/src/reshade/deps/stb/tests/vorbseek/vorbseek.c,gamescope,3885,119aeee7d48c57c0f137a32f641fccf83b26319eb95fe608e999de8411a32861
external-and-mods/gamescope/src/reshade/deps/stb/tests/vorbseek/vorbseek.dsp,gamescope,4087,755fc0717112b4d80070d5bef0f874b764f9df899fa61a612a0fc7b923f22144
external-and-mods/gamescope/src/reshade/deps/stb/tools/README.footer.md,gamescope,5800,981e218e7ba2a1fa4772b679c2f60cc1e60a667d31953aafe2d594efa8ed264f
external-and-mods/gamescope/src/reshade/deps/stb/tools/README.header.md,gamescope,944,072ba1fab2d61a3084188680996d0b1fc2a7b46dbaf86755104082a804e49119
external-and-mods/gamescope/src/reshade/deps/stb/tools/README.list,gamescope,2103,4c1a7530f1826ddd13edc83654951c79c6146637a38b6c5fa3e602f0f389d5ff
external-and-mods/gamescope/src/reshade/deps/stb/tools/build_matrix.c,gamescope,4912,09bd91e8c1b2f3f14e23e2bb48c8ae50c1a294bc614c849d16f0af49f180535a
external-and-mods/gamescope/src/reshade/deps/stb/tools/easy_font_maker.c,gamescope,5160,a4ec9fa2f4228a74c77078ad43c24a03aa177aa329836e2f4262e200104c47e2
external-and-mods/gamescope/src/reshade/deps/stb/tools/make_readme.c,gamescope,2592,8ea88e209119207ec669d20caedb3b1cc594384b9920132fdb993e05c5d87359
external-and-mods/gamescope/src/reshade/deps/stb/tools/make_readme.dsp,gamescope,4087,6f4c09ed267321357479fc8e663ab0ba29cda07d18627302ad6b003bf4599ef8
external-and-mods/gamescope/src/reshade/deps/stb/tools/mr.bat,gamescope,18,f88b06324d4ecce5b7551b98fa31a436df4f2e21d4465b15593b2e0e9f6fe1de
external-and-mods/gamescope/src/reshade/deps/stb/tools/trailing_whitespace.c,gamescope,790,666749a4fad6c370fa05ebfe68aca4829beace880a1cfe1a69b8c55730b02075
external-and-mods/gamescope/src/reshade/deps/stb/tools/unicode.c,gamescope,21826,ec5e25cdcd518ad5acd43bb8d536ace8e5b277e9f4274bd830e0054656adc131
external-and-mods/gamescope/src/reshade/deps/stb/tools/unicode/unicode.dsp,gamescope,3894,4c30278fba80fefbc59fe144c60f211ce41c3d84724b1706a5e3ef78690a7731
external-and-mods/gamescope/src/reshade/deps/stb_image_dds/stb_image_dds.h,gamescope,15736,91ba755303592cc889fa87fb8ba27424c4968bcdff65906463537bfa9e521282
external-and-mods/gamescope/src/reshade/deps/stb_impl.c,gamescope,260,2c4e692f61acbab590a5ff4bd08610e6a7d6fbaf8dcdde45664ac5582a1f5294
external-and-mods/gamescope/src/reshade/deps/utfcpp.props,gamescope,396,f8a05103d3dc05dd4a9cb4a6d1f8146dbae5264a0391c4c1a0d40d31f55cae92
external-and-mods/gamescope/src/reshade/deps/utfcpp/.github/workflows/cmake-multi-platform.yml,gamescope,3352,a2400dde504cf8eef133cb9c6918cda539b7fd4ec4ca4aad3387f523c86c7195
external-and-mods/gamescope/src/reshade/deps/utfcpp/.gitignore,gamescope,49,ffbbac994f4d3291e3c65cd7a456dd90d7faa24179f89193128154356d740d10
external-and-mods/gamescope/src/reshade/deps/utfcpp/.gitmodules,gamescope,88,b38afe156c06ef1355a3a5d14df3add5f8805ea63923f57b14743f4e977cc5a8
external-and-mods/gamescope/src/reshade/deps/utfcpp/CMakeLists.txt,gamescope,1866,69c769feaeed88e66296f0bb04c527f5dfe06f8b938b86d2c5d85d6ed2874afb
external-and-mods/gamescope/src/reshade/deps/utfcpp/LICENSE,gamescope,1338,c9bff75738922193e67fa726fa225535870d2aa1059f91452c411736284ad566
external-and-mods/gamescope/src/reshade/deps/utfcpp/README.md,gamescope,81455,304bac7451018784367f14f27e117d12f4dc979cfd04c35368c6874218040f65
external-and-mods/gamescope/src/reshade/deps/utfcpp/extern/ftest/.gitignore,gamescope,50,8ca7e4f052b5f0e2b870bf42586fef37d33a17e1f611be8772153feabc566f29
external-and-mods/gamescope/src/reshade/deps/utfcpp/extern/ftest/LICENSE,gamescope,1324,2c6a01b25167bc49e6575185c7379b0ddff608b6b3e35d89d2d185473c7ff6bf
external-and-mods/gamescope/src/reshade/deps/utfcpp/extern/ftest/README.md,gamescope,54,2c4d18e498ad200990e5314e414f90d7c98ffc39d23fd37fb7d4f39607b2b163
external-and-mods/gamescope/src/reshade/deps/utfcpp/extern/ftest/ftest.h,gamescope,7837,ae35febf060df99b16e6518e98ddaad3d79aa68dc149306796a9886ce72da047
external-and-mods/gamescope/src/reshade/deps/utfcpp/extern/ftest/tests/CMakeLists.txt,gamescope,561,31fbffbba8c78b3f2cdab4be634b2a308882c843ba9ae3a33a3850c138241c91
external-and-mods/gamescope/src/reshade/deps/utfcpp/extern/ftest/tests/smoke.cpp,gamescope,2205,a83116bf44a0a4ff8261e84a2f4e574b5b28fa7eea8398951640e83d98d1faa2
external-and-mods/gamescope/src/reshade/deps/utfcpp/source/utf8.h,gamescope,1988,e92f4cff6d49c4a5935b1302bba283fde734ab951e6f8c4ca4008e9c9e6cf5e9
external-and-mods/gamescope/src/reshade/deps/utfcpp/source/utf8/checked.h,gamescope,12879,f8a41f7a1c834c0306d3ea6df51cfe6cfa0c52266284f50a66b58a07e83a6470
external-and-mods/gamescope/src/reshade/deps/utfcpp/source/utf8/core.h,gamescope,16990,2ab87aa8efbb0312fb148e1f5a9b69041de86e3e65999e2fe86ee9599dcb5e22
external-and-mods/gamescope/src/reshade/deps/utfcpp/source/utf8/cpp11.h,gamescope,2398,91e4e2afcb41720ab02e23273ee88d202a4781640ae5efbc5d92df67b2dc8ae0
external-and-mods/gamescope/src/reshade/deps/utfcpp/source/utf8/cpp17.h,gamescope,3183,8ccd918206bae582ebb47710019a9ae39a2648e257c15d418b41d18925cffea3
external-and-mods/gamescope/src/reshade/deps/utfcpp/source/utf8/cpp20.h,gamescope,4015,39c568de98b36717052731fe1de2a7b10d19fef56e9a3afc1b882860527aa25c
external-and-mods/gamescope/src/reshade/deps/utfcpp/source/utf8/unchecked.h,gamescope,10965,93aa168b57c6ea827bd76f3096228a161d2855fe111122fb2bca55a710d7e869
external-and-mods/gamescope/src/reshade/deps/utfcpp/tests/CMakeLists.txt,gamescope,1682,198d2fe7c644b2f27e5d4c1000fcecaf0b41cadd21e4da60ea0ea3e0a3b43c8f
external-and-mods/gamescope/src/reshade/deps/utfcpp/tests/apitests.cpp,gamescope,170,cf7aef2d3b11c9e65672d328fa242c63b3899d41102d412d959aca8de7b535ca
external-and-mods/gamescope/src/reshade/deps/utfcpp/tests/docker/Dockerfile,gamescope,115,0905ee655e420d3c828116a0dce588eacba744759b1b7efca174843073a6bd2a
external-and-mods/gamescope/src/reshade/deps/utfcpp/tests/negative.cpp,gamescope,2143,9335f53d32bcfdc68b6c05e6d22616c4382c14243af358352d021dfdcd3f5686
external-and-mods/gamescope/src/reshade/deps/utfcpp/tests/noexceptionstests.cpp,gamescope,105,170921b195ea7d02233c7736a5c1de821ddc8dc3947b63c20dad91fe844d5439
external-and-mods/gamescope/src/reshade/deps/utfcpp/tests/test_checked_api.h,gamescope,6739,3768bc9b68b767bb57a7b3b1862891faea903d7b07b3c48f51ed1feb45fb2f5d
external-and-mods/gamescope/src/reshade/deps/utfcpp/tests/test_checked_iterator.h,gamescope,1147,2c288945787b925151e40e58bb693329aa75e9a89ed0b0f5fb23230b8b3b1083
external-and-mods/gamescope/src/reshade/deps/utfcpp/tests/test_cpp11.cpp,gamescope,3337,66788a55a824d0ae3c69ff2f7949d437f930e24ae59a02461b3d57cad9b8eff3
external-and-mods/gamescope/src/reshade/deps/utfcpp/tests/test_cpp17.cpp,gamescope,2617,3f62031682617a3ac01e5c6994957aa56cc414f1caf7313d57bdda1a5b949526
external-and-mods/gamescope/src/reshade/deps/utfcpp/tests/test_cpp20.cpp,gamescope,2353,24fbcef00c3d298e646d3e0e794e7c6f1d02d68311ed05fbcbcc3b43da32e567
external-and-mods/gamescope/src/reshade/deps/utfcpp/tests/test_data/utf8_invalid.txt,gamescope,20010,8801a72c12264db5dce15b0120c082176b745be08681b60017ea7bb9c09fc316
external-and-mods/gamescope/src/reshade/deps/utfcpp/tests/test_unchecked_api.h,gamescope,5966,94d9bd8fd64fad0f394c35bbb1527ceaa0439c1e5410b4dfa6d7135c2777a36f
external-and-mods/gamescope/src/reshade/deps/utfcpp/tests/test_unchecked_iterator.h,gamescope,1120,0a06b414cdf5edec16edefd63f5b270af500e4c3da199942200df641e1786a28
external-and-mods/gamescope/src/reshade/deps/utfcpp/utf8cppConfig.cmake.in,gamescope,209,7f00661d464166f21772ba3eb92b3b94dc5ef7e85014c810cc925a824d2735f6
external-and-mods/gamescope/src/reshade/deps/vma/.gitignore,gamescope,69,fa382a8acf7fe177604d3d836728685b69d37e2dc14e653b77a7d2ea9df72932
external-and-mods/gamescope/src/reshade/deps/vma/.travis.yml,gamescope,914,1e933621dfa0946aab04ab77e31d64fdd5db7551f5e1532ba54ec9bcdb8f8cf8
external-and-mods/gamescope/src/reshade/deps/vma/CHANGELOG.md,gamescope,15320,da3a514cb221ac7434307a7301d50cc70f3085839851fd1104b5f47d5ad62f44
external-and-mods/gamescope/src/reshade/deps/vma/CMakeLists.txt,gamescope,2711,323b88dd988f5ee7e484448d4282943e2c96d761803f3655deffd6d912a85271
external-and-mods/gamescope/src/reshade/deps/vma/Doxyfile,gamescope,118445,672ef9cb635f227ad3616e0c4444942b0084b2bb01235498abbd727d89ce5389
external-and-mods/gamescope/src/reshade/deps/vma/LICENSE.txt,gamescope,1099,cdb520614db3ec62e667ece01e64e6afa21948fa51e85e748b1494597a7be907
external-and-mods/gamescope/src/reshade/deps/vma/README.md,gamescope,13881,410d9064fc1360970bf4250a56c42366f15384d04f40bce1d2768c206b67138e
external-and-mods/gamescope/src/reshade/deps/vma/docs/.nojekyll,gamescope,0,e3b0c44298fc1c149afbf4c8996fb92427ae41e4649b934ca495991b7852b855
external-and-mods/gamescope/src/reshade/deps/vma/docs/gfx/Aliasing.png,gamescope,6208,426ab1152bcb4cb186a55a14e3da825aab6f358b56306cd986dd1c236ad211df
external-and-mods/gamescope/src/reshade/deps/vma/docs/gfx/Linear_allocator_1_algo_default.png,gamescope,1264,f6857dbe6a9ad96a763660d9e7029f03d03925521f1b7d57c909ceff7e8a3969
external-and-mods/gamescope/src/reshade/deps/vma/docs/gfx/Linear_allocator_2_algo_linear.png,gamescope,1989,8f3aa6d883ba45d8d57144ecefeb27a5301fd56be83564907b7f4cefc07e10a6
external-and-mods/gamescope/src/reshade/deps/vma/docs/gfx/Linear_allocator_3_free_at_once.png,gamescope,5205,c9a8c46d3eedc144640dacd1e1b96d5cdbc6548b2a22712929508dbbe859c7c4
external-and-mods/gamescope/src/reshade/deps/vma/docs/gfx/Linear_allocator_4_stack.png,gamescope,3356,9d8e2c07248004054d80320cd9ef242bb84692cc22e30657f675cef7f912acef
external-and-mods/gamescope/src/reshade/deps/vma/docs/gfx/Linear_allocator_5_ring_buffer.png,gamescope,2246,58930b3135589b24d8192a3987cf04280118cf0a170f3e2030590ee2ae0c1e00
external-and-mods/gamescope/src/reshade/deps/vma/docs/gfx/Linear_allocator_7_double_stack.png,gamescope,1595,d72e0d4afd8a78fbcddd008c6ddd88503c6d969d734f02bf24510b033d99529e
external-and-mods/gamescope/src/reshade/deps/vma/docs/gfx/Margins_1.png,gamescope,268,074780273067e6ac4363484eba44552ec23d1aa7cd5002d2a4dc12430595fd30
external-and-mods/gamescope/src/reshade/deps/vma/docs/gfx/Margins_2.png,gamescope,6542,8434fe4aa414a6b7f300e99cfcf69c751c7ca0a55e841888d6d452f4db87bea0
external-and-mods/gamescope/src/reshade/deps/vma/docs/gfx/VMA_class_diagram.png,gamescope,36539,6b7ef9004f17a99bf53e1678199124f0f123de7d3b80e3b7fe2f3fe1cb81189a
external-and-mods/gamescope/src/reshade/deps/vma/docs/html/allocation_annotation.html,gamescope,12264,64439847f1983f9cd12d099e29b199b1d3a285e028ade700ade7178e3d8f14cc
external-and-mods/gamescope/src/reshade/deps/vma/docs/html/annotated.html,gamescope,13025,6859ab9d633dec07f68ffa3f04c337ee16c2219684e5cc2ecd73e37af2d1cb9f
external-and-mods/gamescope/src/reshade/deps/vma/docs/html/bc_s.png,gamescope,676,9e7ed0ef70f99bb7f763a48ddd95d5990e103bb145eedfd0a76d19c122374be2
external-and-mods/gamescope/src/reshade/deps/vma/docs/html/bdwn.png,gamescope,147,782b30d237bdbeddfde4aed01f007264cc116b2d4be2f398a7cb74ec7a5bc58b
external-and-mods/gamescope/src/reshade/deps/vma/docs/html/choosing_memory_type.html,gamescope,26192,79bc351c18dfbd3f2615267c72a9182d92f89e6200600a51f02a6a2e13d65343
external-and-mods/gamescope/src/reshade/deps/vma/docs/html/classes.html,gamescope,5138,2a8aa819f212b668883d9ee118bdc9e3128f6b4fe75de74c000c9d43c72c7d52
external-and-mods/gamescope/src/reshade/deps/vma/docs/html/closed.png,gamescope,132,c98c02adc57337f58c40aae15bbac05a3ccb364e5adb1d610a16452e92f17830
external-and-mods/gamescope/src/reshade/deps/vma/docs/html/configuration.html,gamescope,8261,2c55cdb9ef193e176788c4ae94d0d89cecfa7a70f01c0638f4eeea7187d480c5
external-and-mods/gamescope/src/reshade/deps/vma/docs/html/custom_memory_pools.html,gamescope,26188,5b389701f7c95b45427ad87c0661a93c0fd1afd5cdec414b2958b58d895956e0
external-and-mods/gamescope/src/reshade/deps/vma/docs/html/debugging_memory_usage.html,gamescope,8825,7e5356b3104a552829c8315c2c9bc5de2bac5704ae2da74ab70310579bf0a329
external-and-mods/gamescope/src/reshade/deps/vma/docs/html/defragmentation.html,gamescope,24708,0fc407a7fd6aa8e2ae6d6a6617eab22826c9e775c6dba5207cc67376a31ebcb1
external-and-mods/gamescope/src/reshade/deps/vma/docs/html/deprecated.html,gamescope,5190,615d1e850aae1a0b0fffc9d56ae7ab45a7b0dd610ee5e868929bb1328263325c
external-and-mods/gamescope/src/reshade/deps/vma/docs/html/dir_d44c64559bbebec7f509842c48db8b23.html,gamescope,3483,2ccfde51e5e6a075c4680a48366bd7deef7b85af5093442e0880917f290c06af
external-and-mods/gamescope/src/reshade/deps/vma/docs/html/doc.png,gamescope,746,5cd4cb41607a30d7820cc20ea76b4a3b8f57d3d2b7d102b58c8e13ad95e83aa1
external-and-mods/gamescope/src/reshade/deps/vma/docs/html/doxygen.css,gamescope,33674,b262ff789abb061b1b8d92cc2dd340644f9f83477dcf55578e1a0df8c9fd616a
external-and-mods/gamescope/src/reshade/deps/vma/docs/html/doxygen.svg,gamescope,15382,624656a65fdcbd051f0260b529b64292d734f4132b7b6f16fa4af6d74c403156
external-and-mods/gamescope/src/reshade/deps/vma/docs/html/dynsections.js,gamescope,4452,d94a7a53c0c38cd6520d86fdaf3ff6ac2e579a361c5db0f79ccba66a390ce052
external-and-mods/gamescope/src/reshade/deps/vma/docs/html/enabling_buffer_device_address.html,gamescope,6628,be0527b1c6aca202adc91266a168d0a190152e780678245d7794dfac8d69015b
external-and-mods/gamescope/src/reshade/deps/vma/docs/html/files.html,gamescope,3744,87919f5745d5df6880185418f90008da3b174c78e4a217e1e659b794d8bd63e4
external-and-mods/gamescope/src/reshade/deps/vma/docs/html/folderclosed.png,gamescope,616,a6ca13a1c87edcfbfc91317896452c31a9d49c4768f1b4b46ac32e0907e00a73
external-and-mods/gamescope/src/reshade/deps/vma/docs/html/folderopen.png,gamescope,597,680166339ff62595dd2d2eed3a79fb9fa0c2e8250e89539f6d678aa2e5e51e26
external-and-mods/gamescope/src/reshade/deps/vma/docs/html/functions.html,gamescope,18912,986849196050a0d10eecba897b38d93e79400e948d0a3a21d3196177fc74167e
external-and-mods/gamescope/src/reshade/deps/vma/docs/html/functions_vars.html,gamescope,18824,833f8d7ee5850dcc33fc28f4b9c6f21e95aab7ca4392a3c1f671fc5aaa69c8d3
external-and-mods/gamescope/src/reshade/deps/vma/docs/html/general_considerations.html,gamescope,11902,6dfb8ccc9e0ce45015b09b6b4ed74aa2077c242eae44f83583d348416230d797
external-and-mods/gamescope/src/reshade/deps/vma/docs/html/globals.html,gamescope,29809,0f7a48b93db4b4ec4c3dfa27a5dbc25b24b0b8a949872cd516c93fbee5154965
external-and-mods/gamescope/src/reshade/deps/vma/docs/html/globals_defs.html,gamescope,3432,22804631623f684bfb7510536cbb51842f4e2fc24f41a395f32093d7c0437e8b
external-and-mods/gamescope/src/reshade/deps/vma/docs/html/globals_enum.html,gamescope,3918,41e378a8de5f0f11ea4a84ea60fa80e3e7c7a89e811b9ccedf2fd94ce3c5811d
external-and-mods/gamescope/src/reshade/deps/vma/docs/html/globals_eval.html,gamescope,14375,9911ddefebe0c5866f9b6423dedaad607a3b61fc78cc6b7074fe3c76cbcec8fc
external-and-mods/gamescope/src/reshade/deps/vma/docs/html/globals_func.html,gamescope,12409,d5d785f0e05516621519ea3c6509f84c4ec2633aa1ffac68c65ea0a5dfeb35ed
external-and-mods/gamescope/src/reshade/deps/vma/docs/html/globals_type.html,gamescope,7791,d14ac8bda022e0ce9c467a30002716c1eb004f5b7d65268f7c7e6d20e39859e4
external-and-mods/gamescope/src/reshade/deps/vma/docs/html/group__group__alloc.html,gamescope,222621,94cbe4746b4fe5651b3a34cdcc98c88fc8e3141aa0ebc39ed89738757c58e91f
external-and-mods/gamescope/src/reshade/deps/vma/docs/html/group__group__init.html,gamescope,46537,4c0b964e3697fe8082828aa906bba3b870561e8a998c0035b2462783012881d8
external-and-mods/gamescope/src/reshade/deps/vma/docs/html/group__group__stats.html,gamescope,34713,97724f689145893631d4da7413d0e3314f1545647f92e7493d19a346c5295850
external-and-mods/gamescope/src/reshade/deps/vma/docs/html/group__group__virtual.html,gamescope,58188,cdfd4fa82ea2017516ba58df0a6b23f1a0b98b8a81206eb7fbc480ffe9f380d1
external-and-mods/gamescope/src/reshade/deps/vma/docs/html/index.html,gamescope,9695,1a2c61a016a2338e6ba166ebfc22b116116e0a6467f66317bc64f2def5f71982
external-and-mods/gamescope/src/reshade/deps/vma/docs/html/jquery.js,gamescope,176813,cbaceab3ee0a51f3868bd8c060e03e18ae0b341d2e636666c87040f82a984cd2
external-and-mods/gamescope/src/reshade/deps/vma/docs/html/memory_mapping.html,gamescope,19395,dd9c0a1c8ab1419e97efb0f3b202580f7eb41e0c68b0ad35023685227dbbab80
external-and-mods/gamescope/src/reshade/deps/vma/docs/html/menu.js,gamescope,5687,91213b9d6d83d5af18cb83f650eb2f5af20ccb0c9dfebd3ce130aaba84ce0cf9
external-and-mods/gamescope/src/reshade/deps/vma/docs/html/menudata.js,gamescope,3543,c929286d4dee5ad8e012e5cd7609cecd5efbdd3c972f375866411a443498b584
external-and-mods/gamescope/src/reshade/deps/vma/docs/html/modules.html,gamescope,4913,a69e3fed2d43d4cad4f7d5e8cb64f6a78fbd954787f106b3b5e3d534ab439d13
external-and-mods/gamescope/src/reshade/deps/vma/docs/html/nav_f.png,gamescope,153,4bdc6a72666e1b300fdfc5ecf102714c9fd57df76fdf47139f8dbf8ae5986364
external-and-mods/gamescope/src/reshade/deps/vma/docs/html/nav_g.png,gamescope,95,3171164c16baa5953c17821a7ce5feac673c05a56b287453ce3a0bf5048f0999
external-and-mods/gamescope/src/reshade/deps/vma/docs/html/nav_h.png,gamescope,98,b7711604d6cdeaf3cdfd661fa21fc5bf18de929671c801f00415eaecd35abda3
external-and-mods/gamescope/src/reshade/deps/vma/docs/html/open.png,gamescope,123,a04665e9dd0ef5ef2c6ddf02b4a12472984485adb027fd12ae6c60ffd203b1a4
external-and-mods/gamescope/src/reshade/deps/vma/docs/html/opengl_interop.html,gamescope,6982,70eaa1bf050ea2dd373cdc74e050b33d1968d859cb53a6df42c082c69ea2076c
external-and-mods/gamescope/src/reshade/deps/vma/docs/html/pages.html,gamescope,3202,76d0529974791de2541a4b25a18425309467abd10495cc105d0f10701b52957a
external-and-mods/gamescope/src/reshade/deps/vma/docs/html/quick_start.html,gamescope,20049,1b83ecb74f3cfd192e1917dac130d7084b1d1942e1c27b7fe08b7a274ffd1009
external-and-mods/gamescope/src/reshade/deps/vma/docs/html/resource_aliasing.html,gamescope,13331,0c626c913cbbe22b36f7121bafcb1db907242af24ebb267402ac2bd847fd126e
external-and-mods/gamescope/src/reshade/deps/vma/docs/html/search/all_0.html,gamescope,1435,b343bd4cf531ccadf3d7bf43a32f17c562a7e6a3097f4a9c085151dc2f24a272
external-and-mods/gamescope/src/reshade/deps/vma/docs/html/search/all_0.js,gamescope,1023,14d99cea67c135e804c5836d77030f2133bc282b18ba4f4809001448c0931662
external-and-mods/gamescope/src/reshade/deps/vma/docs/html/search/all_1.html,gamescope,1435,940bebb5b91899424630ff78e35d79dfe6aada9d4581563f58de7b5f8b7e8fb3
external-and-mods/gamescope/src/reshade/deps/vma/docs/html/search/all_1.js,gamescope,780,90a516a4656759a57ef566ae7706e21f812731b29e27df593616db60a1a1534a
external-and-mods/gamescope/src/reshade/deps/vma/docs/html/search/all_10.html,gamescope,1436,ccc5b061a95a23571f7066dc0c72cb9b9c5abcfbf20a05521f9c676cfb83f18d
external-and-mods/gamescope/src/reshade/deps/vma/docs/html/search/all_10.js,gamescope,707,0ff6c98af3a48488af699f67838dbadf9b644791d24c22733d6069a4f0cee690
external-and-mods/gamescope/src/reshade/deps/vma/docs/html/search/all_11.html,gamescope,1436,070ac84ac7c5f2d6850f0987c73cafb4b755d1676203621e946378aceebb0777
external-and-mods/gamescope/src/reshade/deps/vma/docs/html/search/all_11.js,gamescope,37132,b286362e019536efd50ec6a44df138c4dc661011f740169495882e0c3e6d7319
external-and-mods/gamescope/src/reshade/deps/vma/docs/html/search/all_2.html,gamescope,1435,46e4ea0d3d077127d9e64c96d1cf110c0bbe553a9710f9b6263d5c5eec6f26c2
external-and-mods/gamescope/src/reshade/deps/vma/docs/html/search/all_2.js,gamescope,298,77bdf14f065aa945a7977d21a60b04e191b9d979b58d94016212783da9862a45
external-and-mods/gamescope/src/reshade/deps/vma/docs/html/search/all_3.html,gamescope,1435,ff646972b436fcffe2d2ebc163d8290d7e497ec648bd1a3de8b8e742f2da9b1c
external-and-mods/gamescope/src/reshade/deps/vma/docs/html/search/all_3.js,gamescope,1008,ff10445c8f80fa307ce6479d76e4fa592d5feac2ad6b2c9ca35283c6f953b284
external-and-mods/gamescope/src/reshade/deps/vma/docs/html/search/all_4.html,gamescope,1435,53128de2a7544b91ee1f7169dbde05e4829d08bbc519882ded335c46112d865d
external-and-mods/gamescope/src/reshade/deps/vma/docs/html/search/all_4.js,gamescope,154,66c4d39b09862029fa02d770da86eb61af9344cc42adef66d0ab511b059f7342
external-and-mods/gamescope/src/reshade/deps/vma/docs/html/search/all_5.html,gamescope,1435,33d0f0ad642e8e9491b4b9b8aa689dae7dd23a310ffa6683dfb44d2df3e19d13
external-and-mods/gamescope/src/reshade/deps/vma/docs/html/search/all_5.js,gamescope,750,90afa5fe1ae16e07aa36c39099a63a3b6b8e12b5b8cbc54375062346241d23be
external-and-mods/gamescope/src/reshade/deps/vma/docs/html/search/all_6.html,gamescope,1435,46a103c2f5689cf170efd7e9e4757361fb25ee7de78e415ef7128c4a61615fd9
external-and-mods/gamescope/src/reshade/deps/vma/docs/html/search/all_6.js,gamescope,126,d41bb1afd4a435dfa55e2151935bb4d2f25b516a8d96a86cd25eeaef995246ac
external-and-mods/gamescope/src/reshade/deps/vma/docs/html/search/all_7.html,gamescope,1435,f02d11e6e8991586df0de7c98372d743152f6c04a534322eafc02ee2600ca7aa
external-and-mods/gamescope/src/reshade/deps/vma/docs/html/search/all_7.js,gamescope,274,c09b81563863b479de72ad0f37b9d030ed739c7e41d687ac0b97cc38db5ee2b2
external-and-mods/gamescope/src/reshade/deps/vma/docs/html/search/all_8.html,gamescope,1435,9fa011d0ca1112ce7a207e907789899a8537b31038cfb5fb3e25178bfd1d84e6
external-and-mods/gamescope/src/reshade/deps/vma/docs/html/search/all_8.js,gamescope,117,3f2b77338216e7731a469cc8345e262a27aead3a69da5ab06200f05e9839ec0d
external-and-mods/gamescope/src/reshade/deps/vma/docs/html/search/all_9.html,gamescope,1435,f36e11ac74098aa97d403be027337d551a48d2d0df3c23a38247c948cabc95ea
external-and-mods/gamescope/src/reshade/deps/vma/docs/html/search/all_9.js,gamescope,1768,09272ce125803e981ad4041bcd7300dd787a7fd41fa2a7ab586629731c1005c1
external-and-mods/gamescope/src/reshade/deps/vma/docs/html/search/all_a.html,gamescope,1435,14e05e68d9d21b40e72cbc64665cba03cab633b412f5563754997d0a93c76718
external-and-mods/gamescope/src/reshade/deps/vma/docs/html/search/all_a.js,gamescope,492,90bef8d2e72b043c91db9e751f02c875e252dd7d7256998a91df70037b766650
external-and-mods/gamescope/src/reshade/deps/vma/docs/html/search/all_b.html,gamescope,1435,07ccdec49670ffd30d65f764720f511dc2a61ac226b65c480d3e955f00e21c1a
external-and-mods/gamescope/src/reshade/deps/vma/docs/html/search/all_b.js,gamescope,3931,a944205c32743102b58a6daa1577d58787485a077a04bc13ffc78ffd1dc0d00a
external-and-mods/gamescope/src/reshade/deps/vma/docs/html/search/all_c.html,gamescope,1435,5548610e96840e2a1b88341aa4cf5bce82eef3ee703fda6c535795ece7a0eba6
external-and-mods/gamescope/src/reshade/deps/vma/docs/html/search/all_c.js,gamescope,93,1c51bd2ed15765965b6646119421c48f90c5c26401e7ce677eaaba2d217d4d2f
external-and-mods/gamescope/src/reshade/deps/vma/docs/html/search/all_d.html,gamescope,1435,068dc6a9056449d621f797970a49c22ebb300372bddf4b55d20e51a8f6536c66
external-and-mods/gamescope/src/reshade/deps/vma/docs/html/search/all_d.js,gamescope,394,0d909845eb128c532ab3d35fb420f0ba37507f05f12b0140e875e1c5fb74b1be
external-and-mods/gamescope/src/reshade/deps/vma/docs/html/search/all_e.html,gamescope,1435,34c5d06ce4479b7f10b11fd9f602643f8d9d6f9a8cba6f4e696bf149d85fde8a
external-and-mods/gamescope/src/reshade/deps/vma/docs/html/search/all_e.js,gamescope,1151,953acee2342be490ae52fab36bc1d34c889235c59e76be322d9c9a8b9d6e60bb
external-and-mods/gamescope/src/reshade/deps/vma/docs/html/search/all_f.html,gamescope,1435,3ed40f17d0db2ed0c545374bc75c1fd00552fdc71f247aa8a8046006318324d3
external-and-mods/gamescope/src/reshade/deps/vma/docs/html/search/all_f.js,gamescope,142,d8bcfce94538fba2d37fec9d268464eb5fd05f9bb472e8be68615b8f65a79600
external-and-mods/gamescope/src/reshade/deps/vma/docs/html/search/classes_0.html,gamescope,1439,56b7a4e192959c0bb67604572859a92e615b6671ef043f35759dcb216b6f5245
external-and-mods/gamescope/src/reshade/deps/vma/docs/html/search/classes_0.js,gamescope,2446,b8c3798d2820c6015cb2b24f185fb6c6158e03ef3ea8702c20f67a91981cf98c
external-and-mods/gamescope/src/reshade/deps/vma/docs/html/search/close.svg,gamescope,1284,1fcad88e3639c03622df5541f3ae365af9c885d2589caae3c35a39342fb11248
external-and-mods/gamescope/src/reshade/deps/vma/docs/html/search/defines_0.html,gamescope,1439,893ca17946e122a4de720749442571ebcacb4b67f6ef8ccc56ea692b835ecffc
external-and-mods/gamescope/src/reshade/deps/vma/docs/html/search/defines_0.js,gamescope,746,9301f01272c6eb7de899f0b387c229b608d960e2e957dc4ad611c5e6bb992b74
external-and-mods/gamescope/src/reshade/deps/vma/docs/html/search/enums_0.html,gamescope,1437,c2b7a3a7c0d7c3f38eb978eae7cd1129e2dee64e1e6b6b808e01b54fa1f3acd5
external-and-mods/gamescope/src/reshade/deps/vma/docs/html/search/enums_0.js,gamescope,1247,f3b00f1c394fe92fca34f5051060428629492d0bd580f9e9f0c2555e04ee9a15
external-and-mods/gamescope/src/reshade/deps/vma/docs/html/search/enumvalues_0.html,gamescope,1442,68348e2936c204393239de11afc62b7dc52ce972e60904c0a4e2b77a9088f89d
external-and-mods/gamescope/src/reshade/deps/vma/docs/html/search/enumvalues_0.js,gamescope,13436,8dc9fe1a0fb11a1eea44e24d7c39d65cebfc572efcd45000fddc9d3307231f4c
external-and-mods/gamescope/src/reshade/deps/vma/docs/html/search/files_0.html,gamescope,1437,b68a0904392e28c897597f0ba63eb5ce2cbe2be1543f057bd2caea0523efbcb1
external-and-mods/gamescope/src/reshade/deps/vma/docs/html/search/files_0.js,gamescope,104,2ec555056004f321147c91ecd483aec828b29f26ab98778a1e34287a752ecac2
external-and-mods/gamescope/src/reshade/deps/vma/docs/html/search/functions_0.html,gamescope,1441,aae5cdbd3b014cbe772ca0a76380020ac455d89c475eb7f454b934af82b425bc
external-and-mods/gamescope/src/reshade/deps/vma/docs/html/search/functions_0.js,gamescope,9621,2cedead016e5afc3604d1cbbc9e61d5ce333c95bfc7549b073c033539955c10d
external-and-mods/gamescope/src/reshade/deps/vma/docs/html/search/groups_0.html,gamescope,1438,4336898fa06a243e8bd337b80d4c0b5ae4745de2d49423bb9a163f2dded117bd
external-and-mods/gamescope/src/reshade/deps/vma/docs/html/search/groups_0.js,gamescope,117,3f2b77338216e7731a469cc8345e262a27aead3a69da5ab06200f05e9839ec0d
external-and-mods/gamescope/src/reshade/deps/vma/docs/html/search/groups_1.html,gamescope,1438,f808ac21ac2af20d762fbe72f257a20a41e2fb5c8f7c0c0cb2c3139259656965
external-and-mods/gamescope/src/reshade/deps/vma/docs/html/search/groups_1.js,gamescope,108,9862ca5c6b0aefed511ddada8fd9101eb2cb616995d3449ff64d18ffc863c88f
external-and-mods/gamescope/src/reshade/deps/vma/docs/html/search/groups_2.html,gamescope,1438,d79e51cdc146ee48d8c55c5663f7a77483f5b377adcf24969530665bc28fbe32
external-and-mods/gamescope/src/reshade/deps/vma/docs/html/search/groups_2.js,gamescope,92,0ed1a93806f938468aaceaab91b4ba0ce54442da8f07249bb3e58f5772d53d36
external-and-mods/gamescope/src/reshade/deps/vma/docs/html/search/groups_3.html,gamescope,1438,2d31ff57f144d6be12a4e081adee449a7e31173d0efb02f3a6d425a9ed791a54
external-and-mods/gamescope/src/reshade/deps/vma/docs/html/search/groups_3.js,gamescope,110,732271be2a18996553ac82c169b83201d6b5ab5036d0f84a864772ab109ff5bf
external-and-mods/gamescope/src/reshade/deps/vma/docs/html/search/mag_sel.svg,gamescope,2378,38ae19543b0203f135d14c692961d897e3234ff0a49da047a4f1133acf2479bc
external-and-mods/gamescope/src/reshade/deps/vma/docs/html/search/nomatches.html,gamescope,500,9aca61ebff73359e45180dc3266cf7de121eb68d7bcf396f8e83bec88392880d
external-and-mods/gamescope/src/reshade/deps/vma/docs/html/search/pages_0.html,gamescope,1437,903cc5bf5b7f46edc53a7150b2c17c460ce7d0d9bd280d9d76725ff6ab3a5342
external-and-mods/gamescope/src/reshade/deps/vma/docs/html/search/pages_0.js,gamescope,147,11901197355667b56ed431e904c6094fa246597aa38186898d67d03b892ed92c
external-and-mods/gamescope/src/reshade/deps/vma/docs/html/search/pages_1.html,gamescope,1437,c3e963798b4e04e8f907ffa709e9d0315f410fce85d4bbbbb96acdd735646c45
external-and-mods/gamescope/src/reshade/deps/vma/docs/html/search/pages_1.js,gamescope,298,77bdf14f065aa945a7977d21a60b04e191b9d979b58d94016212783da9862a45
external-and-mods/gamescope/src/reshade/deps/vma/docs/html/search/pages_2.html,gamescope,1437,9fd6c9b5232ad889544cb674fe7e97403f9fde48d2368c5b7d9e486215080456
external-and-mods/gamescope/src/reshade/deps/vma/docs/html/search/pages_2.js,gamescope,308,8f0d3c8522a3b475b844b477fcf8671c29658b9f1ddb20d2792e82c58d532393
external-and-mods/gamescope/src/reshade/deps/vma/docs/html/search/pages_3.html,gamescope,1437,c7252c64d3993c9950a67f6aa9cf682116fc08f27b29230bc082ef077252a3d0
external-and-mods/gamescope/src/reshade/deps/vma/docs/html/search/pages_3.js,gamescope,154,66c4d39b09862029fa02d770da86eb61af9344cc42adef66d0ab511b059f7342
external-and-mods/gamescope/src/reshade/deps/vma/docs/html/search/pages_4.html,gamescope,1437,eda0e06f389b35a9a3df8ab42bfb1a4551c77dbdbe95ff9cbd07ba71b244a035
external-and-mods/gamescope/src/reshade/deps/vma/docs/html/search/pages_4.js,gamescope,126,d41bb1afd4a435dfa55e2151935bb4d2f25b516a8d96a86cd25eeaef995246ac
external-and-mods/gamescope/src/reshade/deps/vma/docs/html/search/pages_5.html,gamescope,1437,52c30da2fb616a364c908528bf84356a63ff58edcf851a11d09f7c1de7c5c048
external-and-mods/gamescope/src/reshade/deps/vma/docs/html/search/pages_5.js,gamescope,102,57fc24538f929bb5030ad3540f4253ba81a3fd8ce4ba7c97d74543a76570d6fa
external-and-mods/gamescope/src/reshade/deps/vma/docs/html/search/pages_6.html,gamescope,1437,de219f264e1cc327f3071bb1fdb33f782c45e22ad80be29c4820a0c38577efb9
external-and-mods/gamescope/src/reshade/deps/vma/docs/html/search/pages_6.js,gamescope,102,e2ddd98c9a2c4a9f5b0892cfd789293044d88faeffb3579e5e89972462471be2
external-and-mods/gamescope/src/reshade/deps/vma/docs/html/search/pages_7.html,gamescope,1437,4490c7582c92d1278828aeb6bbcd47ce1432a7df9fb8698310cd1031e6119d40
external-and-mods/gamescope/src/reshade/deps/vma/docs/html/search/pages_7.js,gamescope,93,1c51bd2ed15765965b6646119421c48f90c5c26401e7ce677eaaba2d217d4d2f
external-and-mods/gamescope/src/reshade/deps/vma/docs/html/search/pages_8.html,gamescope,1437,4a1e6d7c05a5e72a1338558bcd1c271af18bc6f0084521f30cc187f2840fbd9d
external-and-mods/gamescope/src/reshade/deps/vma/docs/html/search/pages_8.js,gamescope,245,fc264e75df02a68fd434ab83cfbb2e392afa0e1335ff16813a3b3c32f36d9800
external-and-mods/gamescope/src/reshade/deps/vma/docs/html/search/pages_9.html,gamescope,1437,e9c5050cf01fe9552c0791f231e4ebe569fa833f280dbed5e18e84d2b02930ac
external-and-mods/gamescope/src/reshade/deps/vma/docs/html/search/pages_9.js,gamescope,193,95221a95610230dbd517c35601988798961e50771217367d0fc178d1d79f8767
external-and-mods/gamescope/src/reshade/deps/vma/docs/html/search/pages_a.html,gamescope,1437,5fdbe1637295fd31950f9e0ff3e81463984ab341189ec69a7ad80de20018c02e
external-and-mods/gamescope/src/reshade/deps/vma/docs/html/search/pages_a.js,gamescope,567,c3f8ece7fc7779855a1a4a372cc7034115e01add079de4af14a22dce684a792d
external-and-mods/gamescope/src/reshade/deps/vma/docs/html/search/search.css,gamescope,4562,5562de1a76730597240b66fa04048811e1425e272b561f6832740cb567143a8c
external-and-mods/gamescope/src/reshade/deps/vma/docs/html/search/search.js,gamescope,22887,ac1c666c4202949618a6ed6b149821fb7a0657d89d70040fdcb9c786512f3599
external-and-mods/gamescope/src/reshade/deps/vma/docs/html/search/search_l.png,gamescope,567,c0f25b1e48a19fbefb9a69a3fd7d6fc2da3ac9451e7ae117e94eef8b7d69a563
external-and-mods/gamescope/src/reshade/deps/vma/docs/html/search/search_m.png,gamescope,158,1b8441a9427d3b320d912c210a5f238a71b13e6d2f26de7e98b36dce58d7b68f
external-and-mods/gamescope/src/reshade/deps/vma/docs/html/search/search_r.png,gamescope,553,7182c37ecd6b1466b89b0193a81dcb98812104358d67c68f92c6199bbbf8c206
external-and-mods/gamescope/src/reshade/deps/vma/docs/html/search/searchdata.js,gamescope,604,df5805c0f48efa40ef3bbb292bf84b8a74b0b1cb5c4a5fefc726f71145146c66
external-and-mods/gamescope/src/reshade/deps/vma/docs/html/search/typedefs_0.html,gamescope,1440,1b35bfac1749ecd007f32c88e39560e5af9188370f920113c96a456b9447a157
external-and-mods/gamescope/src/reshade/deps/vma/docs/html/search/typedefs_0.js,gamescope,356,84323e5ee28025e650df127e0c249a5c4343a43b7d124110836960e04fc80e7a
external-and-mods/gamescope/src/reshade/deps/vma/docs/html/search/typedefs_1.html,gamescope,1440,678f3e1c99090e95d1c8e5aac2e8f3c569a81906fd04cb0fccefc1b28a66b328
external-and-mods/gamescope/src/reshade/deps/vma/docs/html/search/typedefs_1.js,gamescope,4736,13b227d097cdeacb361b5b5bddc5e2ffd3f7f29cd54d98bf1e50033c4be9b4eb
external-and-mods/gamescope/src/reshade/deps/vma/docs/html/search/variables_0.html,gamescope,1441,f0d4bf36814b91eecfb474e677995f9a1ab2e1065baecdf140b5541d65360d12
external-and-mods/gamescope/src/reshade/deps/vma/docs/html/search/variables_0.js,gamescope,896,b163fd27c22f97ef7a6851e7e010465966205937dcbbf15ce818850c40813cfc
external-and-mods/gamescope/src/reshade/deps/vma/docs/html/search/variables_1.html,gamescope,1441,411294bd4d40ef21d92311fd2a6dbd126cfd1964c087d6016873c4324c2de73b
external-and-mods/gamescope/src/reshade/deps/vma/docs/html/search/variables_1.js,gamescope,780,90a516a4656759a57ef566ae7706e21f812731b29e27df593616db60a1a1534a
external-and-mods/gamescope/src/reshade/deps/vma/docs/html/search/variables_2.html,gamescope,1441,989e3638d6fcc02f46969c861bcfdb2dcc121270810c64018a5c7d935bd5befa
external-and-mods/gamescope/src/reshade/deps/vma/docs/html/search/variables_2.js,gamescope,720,95346195c8f03814ce9ca3dbbf7bc3815e4927bd1c5af5bcfdb244351267d563
external-and-mods/gamescope/src/reshade/deps/vma/docs/html/search/variables_3.html,gamescope,1441,78f751802a56c6dbdd2da821bca2b605793b97d994db7513e1e9dd812a1ed73d
external-and-mods/gamescope/src/reshade/deps/vma/docs/html/search/variables_3.js,gamescope,750,90afa5fe1ae16e07aa36c39099a63a3b6b8e12b5b8cbc54375062346241d23be
external-and-mods/gamescope/src/reshade/deps/vma/docs/html/search/variables_4.html,gamescope,1441,97439c2c9770f029defda99bbb677e30b7a586cb1a9613038c66b3addb77fa29
external-and-mods/gamescope/src/reshade/deps/vma/docs/html/search/variables_4.js,gamescope,274,c09b81563863b479de72ad0f37b9d030ed739c7e41d687ac0b97cc38db5ee2b2
external-and-mods/gamescope/src/reshade/deps/vma/docs/html/search/variables_5.html,gamescope,1441,bd0384c5e68a738f921eeefa95f435cb1a1d58422944f1de65a6131a867ffe25
external-and-mods/gamescope/src/reshade/deps/vma/docs/html/search/variables_5.js,gamescope,1596,3d052f9784834bddb73c7bc940a57bbc8c2aadccbcb955f44ac7e84d60c901f1
external-and-mods/gamescope/src/reshade/deps/vma/docs/html/search/variables_6.html,gamescope,1441,bd69121776505c1d0bf2f27a5bac48bd6d1f24b9d3a5026f10e1c2420df1d476
external-and-mods/gamescope/src/reshade/deps/vma/docs/html/search/variables_6.js,gamescope,410,8ae7493045ea20012878410114deb79a0e5034e9dee1ea9e64f28a90e51e2b67
external-and-mods/gamescope/src/reshade/deps/vma/docs/html/search/variables_7.html,gamescope,1441,fd5f41e2aed4d955bfa1361ff265a5c01f11d5fc88f1902b619b5ab3012ab484
external-and-mods/gamescope/src/reshade/deps/vma/docs/html/search/variables_7.js,gamescope,3593,d5471789360d2589ddc949630bcc921d88674b8dbc46a19192535eec14775382
external-and-mods/gamescope/src/reshade/deps/vma/docs/html/search/variables_8.html,gamescope,1441,94af3dcefa57ba94b1566c7fc74aa0b8c71a73400493e8c1b8b535d2b5eec95b
external-and-mods/gamescope/src/reshade/deps/vma/docs/html/search/variables_8.js,gamescope,169,edf542ccd9ab57b2484ae30f6e825fa94eeff3510aa9a4c9c12264da1f6a0bb9
external-and-mods/gamescope/src/reshade/deps/vma/docs/html/search/variables_9.html,gamescope,1441,81a5feff1d15f943f94d107f7a4fcfb6eb392897308d4565b1ebd20742109773
external-and-mods/gamescope/src/reshade/deps/vma/docs/html/search/variables_9.js,gamescope,906,52402a56587587bcd4a564740c13dc6e72a5574a4c5027791c43fbb072372302
external-and-mods/gamescope/src/reshade/deps/vma/docs/html/search/variables_a.html,gamescope,1441,c19262ec114962f14307f1dd3fcd9608bb7ebc0ff4a5d5fc72aa7976cb9b183a
external-and-mods/gamescope/src/reshade/deps/vma/docs/html/search/variables_a.js,gamescope,142,d8bcfce94538fba2d37fec9d268464eb5fd05f9bb472e8be68615b8f65a79600
external-and-mods/gamescope/src/reshade/deps/vma/docs/html/search/variables_b.html,gamescope,1441,295aca4d724b2c573c6d7e536dfac754e0f721d853e2404b16bef91b62df29fa
external-and-mods/gamescope/src/reshade/deps/vma/docs/html/search/variables_b.js,gamescope,707,0ff6c98af3a48488af699f67838dbadf9b644791d24c22733d6069a4f0cee690
external-and-mods/gamescope/src/reshade/deps/vma/docs/html/search/variables_c.html,gamescope,1441,d6611ad51894516e540f7a0c9371d1c502d9b4cbae712feed12f7d7bbf2cf18d
external-and-mods/gamescope/src/reshade/deps/vma/docs/html/search/variables_c.js,gamescope,4282,d4cb96a21c434dc5f5537d7bbd2841df62a254bf8223c0f9dc83f27f6319379b
external-and-mods/gamescope/src/reshade/deps/vma/docs/html/splitbar.png,gamescope,314,1c555557ca84ba3598f52c281780dd7e22655db21ac383712e62d4540a1bc525
external-and-mods/gamescope/src/reshade/deps/vma/docs/html/statistics.html,gamescope,8593,f794cc4abea375fc1672c1a740fb4d7ede01cdddc6f9e0885da4c528104d8073
external-and-mods/gamescope/src/reshade/deps/vma/docs/html/staying_within_budget.html,gamescope,9649,11a77effff4d05f7de10114a3f3ac490a87d6a921a4fe34126bf0dde0ffce14c
external-and-mods/gamescope/src/reshade/deps/vma/docs/html/struct_vma_allocation.html,gamescope,4800,308cb6d3ab7b275b7323324e5f997f639167bd7c9a092715962712607847b46a
external-and-mods/gamescope/src/reshade/deps/vma/docs/html/struct_vma_allocation_create_info-members.html,gamescope,5353,768d3eaddd947fd300a86323a357e810d69b424e8594e3c820009e54973dd71b
external-and-mods/gamescope/src/reshade/deps/vma/docs/html/struct_vma_allocation_create_info.html,gamescope,18158,d31f8f4ad7407abdd962bde42e3c53d22b98a8c68dfe27247b984177f6ea8efd
external-and-mods/gamescope/src/reshade/deps/vma/docs/html/struct_vma_allocation_info-members.html,gamescope,4901,655725634f46da0216b9ce6b1b859b614dcf9fad6f2665c494f18aaaa4847c1b
external-and-mods/gamescope/src/reshade/deps/vma/docs/html/struct_vma_allocation_info.html,gamescope,17923,963fd17251a5db7115c06d3c2569d1826201c29e3cf97f9f99300a462b3357ee
external-and-mods/gamescope/src/reshade/deps/vma/docs/html/struct_vma_allocator.html,gamescope,4158,11c04710fe8ad78d9910abbec99db7f59149862c1c4b5ddba6e65455aaf8e586
external-and-mods/gamescope/src/reshade/deps/vma/docs/html/struct_vma_allocator_create_info-members.html,gamescope,6259,792a691347f8f1321323021461183d2575fa707620dce54d6f14ef25b692a7cf
external-and-mods/gamescope/src/reshade/deps/vma/docs/html/struct_vma_allocator_create_info.html,gamescope,21351,363d24efeb8ad4495f52115e43fb0a3d89e334647d74e2088371ef9e2200d5a8
external-and-mods/gamescope/src/reshade/deps/vma/docs/html/struct_vma_allocator_info-members.html,gamescope,3826,e2b19878867f3d8a9c6871e978d97e7a1bd7d0aecd74eddd49d2abd33eda6de4
external-and-mods/gamescope/src/reshade/deps/vma/docs/html/struct_vma_allocator_info.html,gamescope,8154,395605a99eb0c16ed4cce8652665cba45547e18106cc420578419fdd63086922
external-and-mods/gamescope/src/reshade/deps/vma/docs/html/struct_vma_budget-members.html,gamescope,3728,a22d9e484dfb745438749c85d94dbd23985f6c07022ce6b591ab3b7da2021f11
external-and-mods/gamescope/src/reshade/deps/vma/docs/html/struct_vma_budget.html,gamescope,8458,bcc1ac32d81986f053240316972869e67a9ff7739460591ce168125c8045e65c
external-and-mods/gamescope/src/reshade/deps/vma/docs/html/struct_vma_defragmentation_context.html,gamescope,4034,4f071413b73ddc5f243c39ec3e42986bdbc09688c54499f223147308c8b6931e
external-and-mods/gamescope/src/reshade/deps/vma/docs/html/struct_vma_defragmentation_info-members.html,gamescope,4188,0f658e7f174546b7773027890b126ecae1158012c8a97a4849a6fe248814b197
external-and-mods/gamescope/src/reshade/deps/vma/docs/html/struct_vma_defragmentation_info.html,gamescope,9654,0e51db1fe9cdb06c1509375f77c3eba783abb8c703c73aab38ec36b9a270672d
external-and-mods/gamescope/src/reshade/deps/vma/docs/html/struct_vma_defragmentation_move-members.html,gamescope,3908,571d1d98efa1d62c8e6b95ec92163a6fb625b4284d628b170d504652d5dfc773
external-and-mods/gamescope/src/reshade/deps/vma/docs/html/struct_vma_defragmentation_move.html,gamescope,9524,6dfc3ac7e07b254894069d3a4f964ab62b7ff00d1a6a047344fc8f4034bcccef
external-and-mods/gamescope/src/reshade/deps/vma/docs/html/struct_vma_defragmentation_pass_move_info-members.html,gamescope,3693,07593f3ca71d153a689f22fb820407895862720b5f1826a25c29ccf3c8db8685
external-and-mods/gamescope/src/reshade/deps/vma/docs/html/struct_vma_defragmentation_pass_move_info.html,gamescope,9464,25854af55f54a5e251ad15df3ae9271a9c762e34ad3fce39a5007d13fcd36026
external-and-mods/gamescope/src/reshade/deps/vma/docs/html/struct_vma_defragmentation_stats-members.html,gamescope,4217,f786fa4e0130d7df4d2c7ea1a9a77c50a15ceb2293c1ed5c04e47f156634de89
external-and-mods/gamescope/src/reshade/deps/vma/docs/html/struct_vma_defragmentation_stats.html,gamescope,9312,e3ff3ccc56c77512ecf54df2cfd437441f9598ec7f52d110ff3d8e5f74a06a7c
external-and-mods/gamescope/src/reshade/deps/vma/docs/html/struct_vma_detailed_statistics-members.html,gamescope,4765,89edaec4cef96f06938d4b69aad9ba56c579187d5e82174790413c156f19fa5e
external-and-mods/gamescope/src/reshade/deps/vma/docs/html/struct_vma_detailed_statistics.html,gamescope,12556,80f4a47e318b80cf95cf1dfc861dbb3f030dbd1b8b232104fd6603918d1a7e85
external-and-mods/gamescope/src/reshade/deps/vma/docs/html/struct_vma_device_memory_callbacks-members.html,gamescope,3928,82b5fafc53cf6fafdafa7af397c73d1c8253ae1129441611cdc11df28a26c8d2
external-and-mods/gamescope/src/reshade/deps/vma/docs/html/struct_vma_device_memory_callbacks.html,gamescope,8208,c26b12110406f598e3a16b01530838c13d06045da06f8fd4e47d92fe4f0d2f99
external-and-mods/gamescope/src/reshade/deps/vma/docs/html/struct_vma_pool.html,gamescope,4090,dc165ffd4f3acca3933092cb4bbb0c396c92c66dcff46e17da163e08a2275ec1
external-and-mods/gamescope/src/reshade/deps/vma/docs/html/struct_vma_pool_create_info-members.html,gamescope,5223,aae8fa2bc9814483f8207c0e2af98df867d63aecda3f895d53e41331c6d3407e
external-and-mods/gamescope/src/reshade/deps/vma/docs/html/struct_vma_pool_create_info.html,gamescope,16600,0b39da2144e91a3816f968a61cbdc722289b8344d912b5ae1771ead0de2c65d9
external-and-mods/gamescope/src/reshade/deps/vma/docs/html/struct_vma_statistics-members.html,gamescope,4049,a79f60ab246e3641be587d8d54fe8e37afae79f36672fbb0116333909ce1cd7d
external-and-mods/gamescope/src/reshade/deps/vma/docs/html/struct_vma_statistics.html,gamescope,10431,f0d4af8f7da72a9d0b7c30988654c453e82ec3fccd589b317df1f27a16f4eae1
external-and-mods/gamescope/src/reshade/deps/vma/docs/html/struct_vma_total_statistics-members.html,gamescope,3847,89a3c9bfc4c75590f6617e85a63b1222d987e4e7b4bf2cd7f1458d8ac085aa09
external-and-mods/gamescope/src/reshade/deps/vma/docs/html/struct_vma_total_statistics.html,gamescope,7272,37665533f49d84cbd46bf85d77f6002a0609c0d8d82d7ef6c1764b1e164b83ac
external-and-mods/gamescope/src/reshade/deps/vma/docs/html/struct_vma_virtual_allocation.html,gamescope,4019,6f0b0fd77190b01e96caed5a09cc34b1655bb447405f3613a01a1f33df2d4bdd
external-and-mods/gamescope/src/reshade/deps/vma/docs/html/struct_vma_virtual_allocation_create_info-members.html,gamescope,4308,01008f12ef81b61d12e1484f7ea37d5c01830cd2346ee37886a7b335d8a1c6d4
external-and-mods/gamescope/src/reshade/deps/vma/docs/html/struct_vma_virtual_allocation_create_info.html,gamescope,9884,21c47dbc29719da48fb5b29cd802d069c6de686314df97b55c96657d69315385
external-and-mods/gamescope/src/reshade/deps/vma/docs/html/struct_vma_virtual_allocation_info-members.html,gamescope,3920,7dce2b823c714edd57bb7f8e93cd6cb67e077d3f43caabf087615ad5f66380ac
external-and-mods/gamescope/src/reshade/deps/vma/docs/html/struct_vma_virtual_allocation_info.html,gamescope,8509,6fff474bc1213df77cbf45eba850d6025fc5bb81af2eca4ea6dc54c77d37d917
external-and-mods/gamescope/src/reshade/deps/vma/docs/html/struct_vma_virtual_block.html,gamescope,4411,3f6195d5a1cdda6e704ffaaa69da420595841a2de32a36b154be759354210588
external-and-mods/gamescope/src/reshade/deps/vma/docs/html/struct_vma_virtual_block_create_info-members.html,gamescope,3949,9b605cc0013651976f71a57413a9e1e0700128ee352c5d0ae86a1e18e99acfa9
external-and-mods/gamescope/src/reshade/deps/vma/docs/html/struct_vma_virtual_block_create_info.html,gamescope,8981,c17bf6b7d3f4634c2e54b9c0fcca66c1a045a999ecb09044747d25848c7b0351
external-and-mods/gamescope/src/reshade/deps/vma/docs/html/struct_vma_vulkan_functions-members.html,gamescope,10426,0563ac57e9f999f0c2b17142483a34b4fd6b1145e5b5225ceac933038c873fcc
external-and-mods/gamescope/src/reshade/deps/vma/docs/html/struct_vma_vulkan_functions.html,gamescope,31768,c1a7a8b40c895f6f630b534d9865f46419dedaa665ed818c07d3a7095d201c36
external-and-mods/gamescope/src/reshade/deps/vma/docs/html/sync_off.png,gamescope,853,39bcba0c183ec442cc90fe27a2dbafd4e1c791aff374b5326ba16880a16d9826
external-and-mods/gamescope/src/reshade/deps/vma/docs/html/sync_on.png,gamescope,845,9abb731904dd1f8eb00aaea66bfef72d5252931d84cc01cfabde3bea854b5b14
external-and-mods/gamescope/src/reshade/deps/vma/docs/html/tab_a.png,gamescope,142,5ddd37bdced843340e0679b6b4e7ed2fe318fd0cef76d160543722e0c3eac11f
external-and-mods/gamescope/src/reshade/deps/vma/docs/html/tab_b.png,gamescope,169,901ae15db25905dca7a17b81c6d51869fd12ea569fc4b072d217786b4b4d73bd
external-and-mods/gamescope/src/reshade/deps/vma/docs/html/tab_h.png,gamescope,177,e4b9bd9425bc87b33d6b1911e6398673939aa2f15ac505b9a1ab029b8452dd08
external-and-mods/gamescope/src/reshade/deps/vma/docs/html/tab_s.png,gamescope,184,69f392daa28adc942272615ff2db16bcf084f01ec9fcc2f7f6a632b2bba8c468
external-and-mods/gamescope/src/reshade/deps/vma/docs/html/tabs.css,gamescope,10453,a4c4d23f2a1f0de45e5713a3fde263a46d87f3ca4445cca360d70d2224fefaf3
external-and-mods/gamescope/src/reshade/deps/vma/docs/html/usage_patterns.html,gamescope,31903,98d8dba93b5b739760ec6cedd533bfa770f89d40d145cf52d6cfe701d9bfc684
external-and-mods/gamescope/src/reshade/deps/vma/docs/html/virtual_allocator.html,gamescope,27915,f92f18134c064a251a3adb057f5a628a62d19d17b3f98b4f44af2831ce996904
external-and-mods/gamescope/src/reshade/deps/vma/docs/html/vk__mem__alloc_8h.html,gamescope,126127,02a3a253b7c4c58dce0e6c06d9b7303dbf8cbaf0548b45231fc8a506f41643a2
external-and-mods/gamescope/src/reshade/deps/vma/docs/html/vk_amd_device_coherent_memory.html,gamescope,8095,0c0c19e919e01a570bda15569db9fb311980d7d22345d33d082c4b8d02ae9467
external-and-mods/gamescope/src/reshade/deps/vma/docs/html/vk_ext_memory_priority.html,gamescope,13447,90551fc796be830946f21ab86c7b9fc5dd4d9b8ea18c06b90e1c68cd4462eadd
external-and-mods/gamescope/src/reshade/deps/vma/docs/html/vk_khr_dedicated_allocation.html,gamescope,7490,c6600c6a5e528c09464a4f1ea4af1c26504454a595c17022bc0d0a8fe929a8e8
external-and-mods/gamescope/src/reshade/deps/vma/include/vk_mem_alloc.h,gamescope,751473,087975b663fb5e5c0fd0ff9aac7f9fd5a0fada72f8d1f65b6bd8fcfd3a388359
external-and-mods/gamescope/src/reshade/deps/vma/media/Thumbnail.png,gamescope,22054,366128291fa0d4d22cb5bebedf2db76436bda9821e447074df6b7a94ee342b7e
external-and-mods/gamescope/src/reshade/deps/vma/src/.editorconfig,gamescope,80,a937246bbf7c6a19431de5b7027cd99385c36a3aec55d3ec1edae54aa220b0f3
external-and-mods/gamescope/src/reshade/deps/vma/src/CMakeLists.txt,gamescope,3396,d9c6bc8551d69a59d7c919e38ae39fb249a82c2bce3c9b849acf8c41b7555615
external-and-mods/gamescope/src/reshade/deps/vma/src/Common.cpp,gamescope,8849,a628e9dbd4c35eb7aeb528eb2d3c95c10383391f966cf55416b00b4afedfd727
external-and-mods/gamescope/src/reshade/deps/vma/src/Common.h,gamescope,11172,e743f95eede4c820fd454e67ada9c619d26a6af585d4860d39c8e690967398bb
external-and-mods/gamescope/src/reshade/deps/vma/src/Shaders/CMakeLists.txt,gamescope,882,deb8f4d14a831a0f001c93007454556a2133b9b038fcd65b71b8853c83220bdb
external-and-mods/gamescope/src/reshade/deps/vma/src/Shaders/CompileShaders.bat,gamescope,284,c675f9a6c63c08c957889b324c891b246384af7e15b9df8425a2355d879d4e4b
external-and-mods/gamescope/src/reshade/deps/vma/src/Shaders/Shader.frag,gamescope,1490,5d596b70cca44f558e33bd02aa6658449d36476aaf846607cd9057b436f4ef6f
external-and-mods/gamescope/src/reshade/deps/vma/src/Shaders/Shader.vert,gamescope,1645,089d422197c0614387c898c75fa4a1370f6ef23c4394aabfd1407635351fda32
external-and-mods/gamescope/src/reshade/deps/vma/src/Shaders/SparseBindingTest.comp,gamescope,1700,dc94aa172cc667297e8059d6de32b543e218e31ba0d3d1f1e7b1e87bbeef136d
external-and-mods/gamescope/src/reshade/deps/vma/src/SparseBindingTest.cpp,gamescope,23649,a30cc6a61de74ec7c38d4b2feaef90425795e50212f8580b6d7f95d1b4a0c9b7
external-and-mods/gamescope/src/reshade/deps/vma/src/SparseBindingTest.h,gamescope,1240,53e023c9be28be97e01e3d62c4adf244036b3a749b8bc401db3e1f58161f6f96
external-and-mods/gamescope/src/reshade/deps/vma/src/Tests.cpp,gamescope,316642,06c8cff93ba05c1b7c919fb0fc44e17dcc5b6a834f8f4a3472426b0c170c25c9
external-and-mods/gamescope/src/reshade/deps/vma/src/Tests.h,gamescope,1256,2e7f4d2b1f387235e2fb63449cc893a16f3e3053df36bfac5c5fdedc6126caf1
external-and-mods/gamescope/src/reshade/deps/vma/src/VmaUsage.cpp,gamescope,1359,781e0c7ec55d4f0ec3630883db6ac409c738d8899c8762a58f04df08ba66bfd1
external-and-mods/gamescope/src/reshade/deps/vma/src/VmaUsage.h,gamescope,3462,d57416c3e9b98b936b270990bfe3cdaa8013319f933d9081e029640637158e9d
external-and-mods/gamescope/src/reshade/deps/vma/src/VulkanSample.cpp,gamescope,103399,1c84dca275877bab07ab1a5ff9111ce90f0d240d91e1c5b62dfb6179254ee25c
external-and-mods/gamescope/src/reshade/deps/vma/src/vk_mem_alloc.natvis,gamescope,2478,32f15b4171a275abb80b10f851265bcb54a07fc13b181add30d089c449f10731
external-and-mods/gamescope/src/reshade/deps/vma/tools/GpuMemDumpVis/GpuMemDump.schema.json,gamescope,6418,9e0f24fabdfa1173728ba002cc4e244332e388446ed903d5f61974cf996d7e40
external-and-mods/gamescope/src/reshade/deps/vma/tools/GpuMemDumpVis/GpuMemDumpVis.py,gamescope,14737,71f3081bf7b7b4e5adcf5d4332d9a5170a319716f35d4217ee707266b1138123
external-and-mods/gamescope/src/reshade/deps/vma/tools/GpuMemDumpVis/README.md,gamescope,3367,e42f34f44356f5902a283185e8a4b2bba270173226ce7e13418b0787636eebe8
external-and-mods/gamescope/src/reshade/deps/vma/tools/GpuMemDumpVis/README_files/ExampleOutput.png,gamescope,98005,8f337096f2595b51d37a48b1bff9497ea91b8d8324938ff44493ed9a5fea4fee
external-and-mods/gamescope/src/reshade/deps/vma/tools/GpuMemDumpVis/README_files/Legend_Bkg.png,gamescope,196,82ece0d1aca31f64ebd989a6b42f548b1cfc3c41f75751d2c55e97482bedd7f0
external-and-mods/gamescope/src/reshade/deps/vma/tools/GpuMemDumpVis/README_files/Legend_Buffer_1.png,gamescope,1705,2eb801889a2d7cf857b5fdf13e8ade0dbe71080b46efbbf18141c47c2aa38778
external-and-mods/gamescope/src/reshade/deps/vma/tools/GpuMemDumpVis/README_files/Legend_Buffer_2.png,gamescope,1590,87c0694c6d45f77e6b074ae308bdb1e780bfe6bc43b924b3d75b2a59f33cbbdf
external-and-mods/gamescope/src/reshade/deps/vma/tools/GpuMemDumpVis/README_files/Legend_Buffer_3.png,gamescope,1877,b68cc0319fba047fde905f141eb063ae07e4549b8843ecc99a7cd2fc481dc518
external-and-mods/gamescope/src/reshade/deps/vma/tools/GpuMemDumpVis/README_files/Legend_Buffer_4.png,gamescope,2195,db4a3d049e9b89b8272e32e726270ebd2d41e7b2aee8727c03aa00b258f37f73
external-and-mods/gamescope/src/reshade/deps/vma/tools/GpuMemDumpVis/README_files/Legend_Details.png,gamescope,964,66ae054934a797d4ffca4475399f7803cd31734528d257a9da81f5cd593a690d
external-and-mods/gamescope/src/reshade/deps/vma/tools/GpuMemDumpVis/README_files/Legend_Image_1.png,gamescope,1739,fb6dcab4d2e6431056428cbdb684a2add46da0dba1ddb321100eb369863e7892
external-and-mods/gamescope/src/reshade/deps/vma/tools/GpuMemDumpVis/README_files/Legend_Image_2.png,gamescope,1592,16d9b7eda96a9f05c91bf25f835e4d5c9a63405ad8ccdd022a97644ae5e94211
external-and-mods/gamescope/src/reshade/deps/vma/tools/GpuMemDumpVis/README_files/Legend_Image_3.png,gamescope,1719,197a8d95b244eae3e96427059d0c144a3d46bc64c5d98b868f93779b69bcb82d
external-and-mods/gamescope/src/reshade/deps/vma/tools/GpuMemDumpVis/README_files/Legend_Image_4.png,gamescope,1925,74118046cfd7e294abd5fc807552df167481d933af35ecc83b8b56eccecfc7d3
external-and-mods/gamescope/src/reshade/deps/vma/tools/GpuMemDumpVis/README_files/Legend_Image_Linear.png,gamescope,1432,434c7a96c0d4bcb7fb059987af560d2ba61384d3245395b5c73d9f23ea7f23db
external-and-mods/gamescope/src/reshade/deps/vma/tools/GpuMemDumpVis/README_files/Legend_Image_Unknown.png,gamescope,1449,b8b580328459e7b814975722867db1ca46081acbf2685843ee95dc0d905836e7
external-and-mods/gamescope/src/reshade/deps/vma/tools/GpuMemDumpVis/README_files/Legend_Unknown.png,gamescope,1356,12fa57135162cc157d714cc371b60043c95e370da0577a29e5c51917ba98fc26
external-and-mods/gamescope/src/reshade/deps/vma/tools/GpuMemDumpVis/Sample.json,gamescope,20684,4333ec54b85d8538a44f27762773f85e829c607ba9e32d91568913b7cd80ebe4
external-and-mods/gamescope/src/reshade/deps/vulkan/.gitattributes,gamescope,594,7bdc16faa9cd50c8820067db6b14c2242a915c6d8bb5cf8756debfb493739de0
external-and-mods/gamescope/src/reshade/deps/vulkan/.github/ISSUE_TEMPLATE/bug_report.md,gamescope,1170,6865255445f93c958c4794a02941909d53762404feaefc3d5861990aab2681d4
external-and-mods/gamescope/src/reshade/deps/vulkan/.github/dependabot.yml,gamescope,232,c392e1b071a11d7e8d908c41b22861ab202d4ff427d3f6ba58a0e5331f79b0d2
external-and-mods/gamescope/src/reshade/deps/vulkan/.github/pull_request_template.md,gamescope,577,3f588656da2e57428f6781a65e0059b574c1799b4fe45e2ae4b7cd3bf680db3a
external-and-mods/gamescope/src/reshade/deps/vulkan/.github/workflows/ci.yml,gamescope,2474,9fffdceef42ed08ec2f3fe85b09ff0fb71cc946018c98a7809194a78055775c8
external-and-mods/gamescope/src/reshade/deps/vulkan/.gitignore,gamescope,231,479ba1bae78c0b81ee6387284b55b5643e9c5f0795a585decb5c42069e4c0edb
external-and-mods/gamescope/src/reshade/deps/vulkan/.reuse/dep5,gamescope,514,e36df57b7be098dfb0130a7dd19cfca1977c9958632dcd5eac2802d4dc7a168b
external-and-mods/gamescope/src/reshade/deps/vulkan/BUILD.gn,gamescope,1783,e594c49b765922d69c59f7589f2d4f05d29ec04e50d29ec0cfdd202b94f746a0
external-and-mods/gamescope/src/reshade/deps/vulkan/BUILD.md,gamescope,1217,33678f65ffe16d52e84db2efd015d44dc65edcc9da7154337ca8bc8569b7a639
external-and-mods/gamescope/src/reshade/deps/vulkan/CMakeLists.txt,gamescope,3133,f4b19201af948a36f0efb5ca17f90281a4e66e80449cae7126955d2838accb9a
external-and-mods/gamescope/src/reshade/deps/vulkan/CODE_OF_CONDUCT.adoc,gamescope,369,118a9963d8011a2e6939eb021f8170fa39f764be3a8dc844f2a3f94c79044aba
external-and-mods/gamescope/src/reshade/deps/vulkan/CONTRIBUTING.md,gamescope,1161,371161e5521e4a6439bf8af0f309739b8f23895c954dc2cf91fd603bfd187a6b
external-and-mods/gamescope/src/reshade/deps/vulkan/INTEGRATION.md,gamescope,8880,df8545d947583aff97038ec96fadc34a79687502cdc4e54d1fd8a64e9c339ef5
external-and-mods/gamescope/src/reshade/deps/vulkan/LICENSE.md,gamescope,458,ac24e5ea920e4318e4d02c4086ae51f53cfb03feed06c18df1019e7ada1ec7bc
external-and-mods/gamescope/src/reshade/deps/vulkan/LICENSES/Apache-2.0.txt,gamescope,11358,cfc7749b96f63bd31c3c42b5c471bf756814053e847c10f3eb003417bc523d30
external-and-mods/gamescope/src/reshade/deps/vulkan/LICENSES/MIT.txt,gamescope,1084,1ca3502222d967f3be5751c55f6b7ee735b5383909c3b501495f54b216dbf227
external-and-mods/gamescope/src/reshade/deps/vulkan/README.md,gamescope,2060,ee1b37f910a56c32ef8766b4e2cb38e0e783c940f1a75b7a80e03fd7fa45c2d9
external-and-mods/gamescope/src/reshade/deps/vulkan/SECURITY.md,gamescope,411,d6a199f2149d29a8d8230ff31c89a1b21ecf31a5d75e47b22d6d1aa56b896270
external-and-mods/gamescope/src/reshade/deps/vulkan/include/vk_video/vulkan_video_codec_h264std.h,gamescope,13853,66f3d879cb70300bf903647e4d564040a576f2a1a4be4e5c379ae4f234dc8e91
external-and-mods/gamescope/src/reshade/deps/vulkan/include/vk_video/vulkan_video_codec_h264std_decode.h,gamescope,2722,d03e2d6ffc56bb02018e73e702194e934a1dd378914308ee70fb000b1172fda9
external-and-mods/gamescope/src/reshade/deps/vulkan/include/vk_video/vulkan_video_codec_h264std_encode.h,gamescope,6965,e1813e1c89ef4a11f718a92ece3b16cc7cc6235f95a0a679fc8cc2ae779f2685
external-and-mods/gamescope/src/reshade/deps/vulkan/include/vk_video/vulkan_video_codec_h265std.h,gamescope,23416,85624db87ff40bcef552f079cb941531cf59d36bbef7b6c15cf2db73e1990208
external-and-mods/gamescope/src/reshade/deps/vulkan/include/vk_video/vulkan_video_codec_h265std_decode.h,gamescope,2428,8da70c557b48945b7bfe6f218c8cbad572e4f8dc9ac1f897d708e7d5b19e0bef
external-and-mods/gamescope/src/reshade/deps/vulkan/include/vk_video/vulkan_video_codec_h265std_encode.h,gamescope,7549,767a498cdb19300d468655604be48c9d956d91ae6444431626035e5d0f1b1140
external-and-mods/gamescope/src/reshade/deps/vulkan/include/vk_video/vulkan_video_codecs_common.h,gamescope,660,9dfec31888134f08f058e73d497dda73e50e4db225adb358d1146d9c72ffea95
external-and-mods/gamescope/src/reshade/deps/vulkan/include/vulkan/vk_icd.h,gamescope,8164,6c80200a7fcc4c7da3170ef9dc674eab142c92767bfc9733c98649bce78aecb9
external-and-mods/gamescope/src/reshade/deps/vulkan/include/vulkan/vk_layer.h,gamescope,7073,861cd0ea24c7d81b935e5726520d184dbbc00e571f9089e17a723ccbbc1944e2
external-and-mods/gamescope/src/reshade/deps/vulkan/include/vulkan/vk_platform.h,gamescope,2828,c2aa81456e5d24f5931f9b2052aaeb85d1a6362abac9ee5fb2029a57579e03a7
external-and-mods/gamescope/src/reshade/deps/vulkan/include/vulkan/vulkan.cppm,gamescope,149746,a8b37f9277f077d86f0e6e7373ffa60f616e13dc45e14b3c3db390166423b0e9
external-and-mods/gamescope/src/reshade/deps/vulkan/include/vulkan/vulkan.h,gamescope,1555,74d7a953a9e02b0f8c6edb8dd3304428ad9cfb14697e50bd5da46c7666717787
external-and-mods/gamescope/src/reshade/deps/vulkan/include/vulkan/vulkan.hpp,gamescope,738131,5d28429092045688c1377ee8d4d5798b0d6c023d7a8af95e32fb946404c97ad9
external-and-mods/gamescope/src/reshade/deps/vulkan/include/vulkan/vulkan_android.h,gamescope,6201,a0af9c381e4544035160094a9ae312b3ccba1f6107c6a9d90d8ca7fc760f1364
external-and-mods/gamescope/src/reshade/deps/vulkan/include/vulkan/vulkan_beta.h,gamescope,41007,c2bf9da34594dafe9102e660c00c544485f651efde22645d950fbd6ec9dfc123
external-and-mods/gamescope/src/reshade/deps/vulkan/include/vulkan/vulkan_core.h,gamescope,937484,2b38ed224e75e6e529ae4003ee9852ab28c312f5806bcc97b36e85e3df5024f8
external-and-mods/gamescope/src/reshade/deps/vulkan/include/vulkan/vulkan_directfb.h,gamescope,1866,c9bb11fcd3aa8c33b96d3124e5e9f73c6a2aebaeef4a013be83443762cc1d8e3
external-and-mods/gamescope/src/reshade/deps/vulkan/include/vulkan/vulkan_enums.hpp,gamescope,445649,fac9d70b1a336b5bbac26bcce9dc0bc4ab632e9148fe20bad0480b95c0261f3b
external-and-mods/gamescope/src/reshade/deps/vulkan/include/vulkan/vulkan_extension_inspection.hpp,gamescope,96878,6c4f935705d765cd0685f1c3672eedb837a39bf52215bbc8aa7a6793cffa2e55
external-and-mods/gamescope/src/reshade/deps/vulkan/include/vulkan/vulkan_format_traits.hpp,gamescope,307251,2a02c19afebf586939e7627dada049fd4c90b9081656171caf0f7959e826cefa
external-and-mods/gamescope/src/reshade/deps/vulkan/include/vulkan/vulkan_fuchsia.h,gamescope,12470,724857c1a344b2c243e86d6d6d96640198c93ca310b9581305b45c86243788e6
external-and-mods/gamescope/src/reshade/deps/vulkan/include/vulkan/vulkan_funcs.hpp,gamescope,1480451,ec7851d96caa45dc50c07f781612cb33b2367a271ed513909d4a4a65145a352e
external-and-mods/gamescope/src/reshade/deps/vulkan/include/vulkan/vulkan_ggp.h,gamescope,1896,b21a71222c9609feb7875464fec92a39074b73a2af851a5066dde4d6079a425e
external-and-mods/gamescope/src/reshade/deps/vulkan/include/vulkan/vulkan_handles.hpp,gamescope,1015728,09067352f143554de12fc8f01d58e1e696055d964e5e66ec91b041f12ce16f00
external-and-mods/gamescope/src/reshade/deps/vulkan/include/vulkan/vulkan_hash.hpp,gamescope,769830,000598514add08f8c750b20c323b281386ce49f2085ad0da8095ba29b6ef709b
external-and-mods/gamescope/src/reshade/deps/vulkan/include/vulkan/vulkan_hpp_macros.hpp,gamescope,8456,afe7c22f03c8e5b56c4e86727a2f81b04af941bcf18df9c85fa314409dd8abc7
external-and-mods/gamescope/src/reshade/deps/vulkan/include/vulkan/vulkan_ios.h,gamescope,1309,665500172ce57efc0d77acf8cb5c697d25b12acca31d79f5ada054f9c598b731
external-and-mods/gamescope/src/reshade/deps/vulkan/include/vulkan/vulkan_macos.h,gamescope,1341,6adbf0b445e2f61546abddaf79923ea568eb761e85dbdfcfec001a4719b76c8e
external-and-mods/gamescope/src/reshade/deps/vulkan/include/vulkan/vulkan_metal.h,gamescope,5807,9759072ad1565cc62d61437241d927b1bfff6efb76efbf44026b5944d085aba7
external-and-mods/gamescope/src/reshade/deps/vulkan/include/vulkan/vulkan_raii.hpp,gamescope,1270344,7ace174ea729ee6f4a5b33af7fddc5923bb244903a01ab96c584f2f7758d0e95
external-and-mods/gamescope/src/reshade/deps/vulkan/include/vulkan/vulkan_screen.h,gamescope,4064,abaa428076fe7392bab876dc3c483e265e163f90cf19db015bcbce748be183f5
external-and-mods/gamescope/src/reshade/deps/vulkan/include/vulkan/vulkan_shared.hpp,gamescope,32864,e1a51a849d21eaddc85d12eaf439f3d16119de615a1859525429e9c0b73a8162
external-and-mods/gamescope/src/reshade/deps/vulkan/include/vulkan/vulkan_static_assertions.hpp,gamescope,630772,b99b903005359ae3d4aedb7c2fffef568cd9c1c6a3f01716c2f70dfc5fae031b
external-and-mods/gamescope/src/reshade/deps/vulkan/include/vulkan/vulkan_structs.hpp,gamescope,5184299,d584c02d31f1f232051cdeb81be0a8ebfd9d0dc1da510fa6adf47a5b039fdacd
external-and-mods/gamescope/src/reshade/deps/vulkan/include/vulkan/vulkan_to_string.hpp,gamescope,445837,aaa62659bc2bcfab76cb4fefd8b6a793cadadf90917068f08015046af8b6c446
external-and-mods/gamescope/src/reshade/deps/vulkan/include/vulkan/vulkan_vi.h,gamescope,1282,db98fcfc9291e467252ee1e8908715d4fad255780c8a44bb74893f2165ea54ba
external-and-mods/gamescope/src/reshade/deps/vulkan/include/vulkan/vulkan_video.hpp,gamescope,150458,865b1fd9ad5638e34ab861371ef6b19d1fdd5d54f75a0533d2e24d83d468fb94
external-and-mods/gamescope/src/reshade/deps/vulkan/include/vulkan/vulkan_wayland.h,gamescope,1866,3728578b8d6d98f6f3d20672406f869253eeacae8546a9d9577bca5c63a88d12
external-and-mods/gamescope/src/reshade/deps/vulkan/include/vulkan/vulkan_win32.h,gamescope,15112,b244e2f11a601bc7d5af3d3236d9dde695f72dcc226a5f7ccd18dcfede3bcb28
external-and-mods/gamescope/src/reshade/deps/vulkan/include/vulkan/vulkan_xcb.h,gamescope,1880,916a08cbec6c2793db630a747c7d07ae5434a2adad341e53cb24e1c59eab406b
external-and-mods/gamescope/src/reshade/deps/vulkan/include/vulkan/vulkan_xlib.h,gamescope,1861,03d5c575fc18df41afbb807b2e4b7a9040eb00e43314a619cabed858fd803631
external-and-mods/gamescope/src/reshade/deps/vulkan/include/vulkan/vulkan_xlib_xrandr.h,gamescope,1411,3fd2782fdbda3f4f12f5eb17f3696ff459d3e33e7368f62acb4ab9e566fffd16
external-and-mods/gamescope/src/reshade/deps/vulkan/registry/apiconventions.py,gamescope,556,22b0da8c17933f4ff3284dce18bba6b2b6bb623955238a8db0f4795ce1695c58
external-and-mods/gamescope/src/reshade/deps/vulkan/registry/cgenerator.py,gamescope,23406,a938e90d26b3f9a77eb08d5d7986caed4e8931bb804a93d89e6b5b9f7766db10
external-and-mods/gamescope/src/reshade/deps/vulkan/registry/generator.py,gamescope,54518,7e05cd245f7d11428a1bcfb461e26cf837b8bf579f7f755c0b2b4c7924039f48
external-and-mods/gamescope/src/reshade/deps/vulkan/registry/genvk.py,gamescope,46794,0cb99ce67ee6e8b8f9b37fd2404d71a7f8c95731275a00f8a69bba1cac52f795
external-and-mods/gamescope/src/reshade/deps/vulkan/registry/parse_dependency.py,gamescope,13724,96880ee172f292717c304650064ed2e3d4691600e80d240040f44222b0441186
external-and-mods/gamescope/src/reshade/deps/vulkan/registry/profiles/VP_KHR_roadmap_2022.json,gamescope,17250,03adc6234dea5ae5a938e8f45078c2c644f73d2b16ef75995cfef004674f860a
external-and-mods/gamescope/src/reshade/deps/vulkan/registry/reg.py,gamescope,85123,4c9c7a50f52a82473da0e72826b6671becf9611dd2b3d176781b8b85dff6732e
external-and-mods/gamescope/src/reshade/deps/vulkan/registry/spec_tools/conventions.py,gamescope,13950,b1daa4e4bbdb551dd932defc57f1aab337b3dfa6f82298790f03c504f5a4ac95
external-and-mods/gamescope/src/reshade/deps/vulkan/registry/spec_tools/util.py,gamescope,2143,7b95384293fbac32fd8508fb106ccb615fc6d06d07caa76685cb5fb8e6d42f45
external-and-mods/gamescope/src/reshade/deps/vulkan/registry/stripAPI.py,gamescope,1692,e8a60ddcbb0ca57aa9393db587d02cf01843c7648b155f3440099729532cc52a
external-and-mods/gamescope/src/reshade/deps/vulkan/registry/validusage.json,gamescope,8891035,b2ab9d8d3ba621ad9c445f413a506c8af8b006efe7b496d0b7f0555cef4042a4
external-and-mods/gamescope/src/reshade/deps/vulkan/registry/video.xml,gamescope,122811,c7fa936c0b4b60e01cb45b941de383c35c010feb04326818b428610e386b9a33
external-and-mods/gamescope/src/reshade/deps/vulkan/registry/vk.xml,gamescope,2391798,02d21ec3e34bc6bf8b8fd89765e51b332a539eedf5d484e5661c43fe32791ebe
external-and-mods/gamescope/src/reshade/deps/vulkan/registry/vkconventions.py,gamescope,10866,cef118b4f3e0e290ced56556511ae6b66352dc4b2fdf2929dcb2d17965936804
external-and-mods/gamescope/src/reshade/deps/vulkan/tests/CMakeLists.txt,gamescope,1033,3adb395e0e371e968929cebe211613ea8c10f74378390da8a4cd06ae1524ebec
external-and-mods/gamescope/src/reshade/deps/vulkan/tests/add_subdirectory/CMakeLists.txt,gamescope,815,c06499c4ec37c6a0f1bc88c731323d0395953fbccc1edc08129b85280983ed5d
external-and-mods/gamescope/src/reshade/deps/vulkan/tests/find_package/CMakeLists.txt,gamescope,749,4598ca70990cc7467351f3a6eb5eca3ed72b9cf647081b1f0b44fc4e89ae4c3d
external-and-mods/gamescope/src/reshade/deps/vulkan/tests/vk_icd.c,gamescope,241,a3d7c5e08b6f82038b3546493054a09303079b74e7e89d5f6da64ab5d9937eb2
external-and-mods/gamescope/src/reshade/deps/vulkan/tests/vk_layer.c,gamescope,243,c862058c054098315bf03347ffb5f1a383e927301529bf38c2073c10a7281610
external-and-mods/gamescope/src/reshade/deps/vulkan_layer/vk_layer_dispatch_table.h,gamescope,48065,9651a2c40598f18503c2febc7ff46a78af2d145c493aef657ee21c212131a870
external-and-mods/gamescope/src/reshade/examples/01-framerate_limit/framerate_limit.vcxproj,gamescope,6780,df011fa331c001e0905e73699f8badf5e36ba9d15545adf6af08e8c5e2100467
external-and-mods/gamescope/src/reshade/examples/01-framerate_limit/framerate_limit_addon.cpp,gamescope,1905,98c7589e297f3631109749df556a6a1ea84fb8dcd56f0e4622d318a8dcaadcd6
external-and-mods/gamescope/src/reshade/examples/02-freepie/freepie.vcxproj,gamescope,6688,677e6236fda4f7f8daf7e541057069ba5623474fffe29c908a370193800bc739
external-and-mods/gamescope/src/reshade/examples/02-freepie/freepie_addon.cpp,gamescope,2997,629ffe2b6114b7bdb547590b72c42a2604375e72243d4f5304d25654b82c1055
external-and-mods/gamescope/src/reshade/examples/03-history_window/history_window.vcxproj,gamescope,6777,193e343b3c6aa650b1c4f516522f2b549e361ae4678939c3bfa81f71b736cdcf
external-and-mods/gamescope/src/reshade/examples/03-history_window/history_window_addon.cpp,gamescope,11695,fbd09ed3157fd37838f3dbc1e66f3ba6dae88e2e4ecc350c945da5815e3c21de
external-and-mods/gamescope/src/reshade/examples/04-api_trace/api_trace.vcxproj,gamescope,6882,c986fc732d1409724dd54885432b416e0f36609ce359646a1200be51b3ec1a07
external-and-mods/gamescope/src/reshade/examples/04-api_trace/api_trace_addon.cpp,gamescope,39556,63225dde559dd32f50f2d59ec1e6b7c12b83be55b6c5f74e753221b93bbb61a5
external-and-mods/gamescope/src/reshade/examples/05-shader_dump/shader_dump_addon.cpp,gamescope,3296,7b945b1cec493d603ce4a3f84344accbdd299ca0363bad26b0f8db34c115e95c
external-and-mods/gamescope/src/reshade/examples/05-shader_dump/shader_dump_addon.vcxproj,gamescope,6645,b61e5eee710beb83802a0dae1e2f925148443eba09608c00f99d137f49c0ceab
external-and-mods/gamescope/src/reshade/examples/06-shader_replace/shader_replace_addon.cpp,gamescope,4459,f65bf6d799b9fc65579152a151e95856713d64fd80b8ad6ea6e8f0a6c4f125a5
external-and-mods/gamescope/src/reshade/examples/06-shader_replace/shader_replace_addon.vcxproj,gamescope,6654,ec30c29a6b25b9721c5984f9be2c9f6e6e66fc96a209d645b60bde78a9eea6dc
external-and-mods/gamescope/src/reshade/examples/07-texture_dump/texture_dump_addon.cpp,gamescope,6960,ded2a10a92e2c85943d6baf87128d25d30a7bd2487010b4d4f28099aa5aa4ffc
external-and-mods/gamescope/src/reshade/examples/07-texture_dump/texture_dump_addon.vcxproj,gamescope,6864,4c5dae25a96a020b96c2538016ab97aa0ca781cfc4c8cf6e2adf13287ea1b1ba
external-and-mods/gamescope/src/reshade/examples/08-texture_replace/texture_replace_addon.cpp,gamescope,6650,5524d28fa5d108054513ae21ee4c3fa8f75fe64b56166cd0592ac8fde89ec170
external-and-mods/gamescope/src/reshade/examples/08-texture_replace/texture_replace_addon.vcxproj,gamescope,6873,ad5872fab5e434191fb0fb10ad00d417f0ca808359b1c63fdb27665b8c4e0723
external-and-mods/gamescope/src/reshade/examples/09-depth/generic_depth.vcxproj,gamescope,6670,355347cf181b3ab3d4c5bdfb8df7ff0afbf1685663dc68b91f7b8ee33ed89fec
external-and-mods/gamescope/src/reshade/examples/09-depth/generic_depth_addon.cpp,gamescope,60799,7668b860b8384f519b3d57007bc792c0e63a86ff6cafc9cc3d83b36b68022e5c
external-and-mods/gamescope/src/reshade/examples/10-texture_overlay/texture_overlay_addon.cpp,gamescope,15178,b4ab6da4a070e5faf7c036d6bff161324f6b9c50655c625509873a82162f7f92
external-and-mods/gamescope/src/reshade/examples/10-texture_overlay/texture_overlay_addon.vcxproj,gamescope,7135,d9c4c8c39c7ab1c137da82e1ae89f5faa9d1be55ee4dc8188e75aa8c12b5e25f
external-and-mods/gamescope/src/reshade/examples/11-obs_capture/LICENSE.txt,gamescope,17998,f93ae87f375c442e0c24b4fc0a41fe637e39ca2cd7ce1257d39fb7866ced0d22
external-and-mods/gamescope/src/reshade/examples/11-obs_capture/obs_capture.cpp,gamescope,8842,416078757b4871e8a6317bace213239af087fd2113f470931d1e5e72d838d02f
external-and-mods/gamescope/src/reshade/examples/11-obs_capture/obs_capture.vcxproj,gamescope,6787,84eef97f7238b87db33be9ae0eff8096da49cd170e2ac527cf2180892f685cd7
external-and-mods/gamescope/src/reshade/examples/11-obs_capture/obs_hook_info.cpp,gamescope,12043,12e0f35dacace81c2769852d0676ed4e732acb895e9be48817ffa4e67c1dcd25
external-and-mods/gamescope/src/reshade/examples/11-obs_capture/obs_hook_info.hpp,gamescope,2561,a26ecc00cf8efd4023f618651ce80c04a524dc9f9c0d790a74b3a1f0fd5271ea
external-and-mods/gamescope/src/reshade/examples/12-video_capture/video_capture.cpp,gamescope,11060,505e46fb35c57bf04914ffaa925888507fbb33c0abc7d0affdc56ff95dfc2fe7
external-and-mods/gamescope/src/reshade/examples/12-video_capture/video_capture.vcxproj,gamescope,4725,3166f14ed86d42bf1b2b9f7882f81ad9afda26b073e9e0dd4109b610018203fe
external-and-mods/gamescope/src/reshade/examples/13-effects_during_frame/effects_during_frame.vcxproj,gamescope,6876,2be98dc8c061cdb77090336c1f096c21490501bf8d0d172fea2f91c54295cf57
external-and-mods/gamescope/src/reshade/examples/13-effects_during_frame/effects_during_frame_addon.cpp,gamescope,8749,4df5605461353d18a6ca53551817419d9e8fe397c5b3adcbcc3260fb858b816b
external-and-mods/gamescope/src/reshade/examples/14-ray_tracing/ray_tracing.vcxproj,gamescope,5099,2ae84e585952c9ddae287d61aef8552aafbe5dc592f95b0e6bee3d56633bd568
external-and-mods/gamescope/src/reshade/examples/14-ray_tracing/ray_tracing.vcxproj.filters,gamescope,304,e09cb3a3eb529474b50d5ff922d1b74b648d03c2e859798ea4638ddba964bcbd
external-and-mods/gamescope/src/reshade/examples/14-ray_tracing/ray_tracing_addon.cpp,gamescope,13347,8ee60eefbe74a7c9114093ac41bf540759a7b61ff265c64eb1162872fff1ec0e
external-and-mods/gamescope/src/reshade/examples/14-ray_tracing/ray_tracing_shaders.hlsl,gamescope,1036,8c0f624410ec88a2dc78318025158d090ad89e2ea7d13cec78cdb4a9827f4ea7
external-and-mods/gamescope/src/reshade/examples/15-effect_runtime_sync/runtime_sync.vcxproj,gamescope,6689,90901a75336b4248bcff889058b0868e3829c9673912cb946ad49837109ce5b3
external-and-mods/gamescope/src/reshade/examples/15-effect_runtime_sync/runtime_sync_addon.cpp,gamescope,8636,cbdcba490aa1815aecd3f086ea60fb2cd29d8da1806a9b84960d914a78620316
external-and-mods/gamescope/src/reshade/examples/Examples.sln,gamescope,11405,fa48ce0e24d0c654db88b34b02dd7043e6aeb33a61cd84ea877cd74586e27cc5
external-and-mods/gamescope/src/reshade/examples/README.md,gamescope,4594,9baa067bb172e672775d4f6f81e9b12ed1baa6f0d7bf32175dcd7d07f0c700d2
external-and-mods/gamescope/src/reshade/examples/utils/config.hpp,gamescope,852,9fd075199d5d4783d1e00d5e36f03d967da1f3c1ff7b5cbe175e1346a795bf1d
external-and-mods/gamescope/src/reshade/examples/utils/crc32_hash.hpp,gamescope,3597,caea812374d7c936b7417b3aa6bdac28da88b2f1f46606ab060874bf9cfdb34a
external-and-mods/gamescope/src/reshade/examples/utils/descriptor_tracking.cpp,gamescope,7262,423ae6f0fd1b86cacafb57ab54a2e0a0ee880787758b4248507bd1684f222b7c
external-and-mods/gamescope/src/reshade/examples/utils/descriptor_tracking.hpp,gamescope,3594,ba73cd3254076c895e04a9884510ea40c5998d92521e743df9e95b7806e1935d
external-and-mods/gamescope/src/reshade/examples/utils/load_texture_image.cpp,gamescope,5268,837ea4599966bcb933820d83b58a1447784e7a81e57be403389c4f5dfefcf71b
external-and-mods/gamescope/src/reshade/examples/utils/save_texture_image.cpp,gamescope,13923,93190f9b37afcdd854071bcd5aea36ba1d54695291bd325a1bf8499ba7686af6
external-and-mods/gamescope/src/reshade/examples/utils/state_tracking.cpp,gamescope,6854,90051dd475408f10775ff5e30015f13a47efe875a7af3d03f54dbcd84e3a5b01
external-and-mods/gamescope/src/reshade/examples/utils/state_tracking.hpp,gamescope,1970,fc6e33cdaf4dc1cd848ed840bbbd7bf451fa62068f640bcb124c89df5608ec28
external-and-mods/gamescope/src/reshade/include/reshade.hpp,gamescope,18579,dcfb9817d1a7538bf0c2063a218bf3e29b7425a190d06bd0097151ffa38293c9
external-and-mods/gamescope/src/reshade/include/reshade_api.hpp,gamescope,55603,d01c7d33deaf1f0eb430c0f24d249c047bcb047f3b9c2e3e6a07f3cb723dc999
external-and-mods/gamescope/src/reshade/include/reshade_api_device.hpp,gamescope,81100,bf469075a29f8ae585977e14b12c9b1b47adaa3b40eedb90bca3004f443e58de
external-and-mods/gamescope/src/reshade/include/reshade_api_format.hpp,gamescope,14077,d151e415b866baa64d1bec700c3d0d1b21beed62e36cae733869160adaaab182
external-and-mods/gamescope/src/reshade/include/reshade_api_pipeline.hpp,gamescope,43649,b820c6b152d7c3645296f38fdc56e260d5eb0cff8899f220853009418a5265e7
external-and-mods/gamescope/src/reshade/include/reshade_api_resource.hpp,gamescope,24149,785290280c5c860bf33639d3402d28216c4f17f62d79a5900f540607c09ae444
external-and-mods/gamescope/src/reshade/include/reshade_events.hpp,gamescope,115280,2f19656634fdbb165c4b9fca131374ed2498aee139d573820666aa5b7d632f4c
external-and-mods/gamescope/src/reshade/include/reshade_overlay.hpp,gamescope,94006,a23458708804bf4e263290c2be61cd31143a2904585181bf7c530c70bafeb4e3
external-and-mods/gamescope/src/reshade/res/exports.def,gamescope,11658,3149d2670d4878e7b1b3139cd266b595ccc3e02bdd6bec9108086bae21abf75e
external-and-mods/gamescope/src/reshade/res/fonts/forkawesome.h,gamescope,808,017285b5c1d4eb72795a00dcb0fc2df37a4766ae571484d87c66e34d287fdd50
external-and-mods/gamescope/src/reshade/res/fonts/forkawesome.ifs,gamescope,1946,e15b9e086596a7f3c4471894efa1d4294664d3b45479cf8d61c2965d08a16f0b
external-and-mods/gamescope/src/reshade/res/fonts/forkawesome.inl,gamescope,3352,3ceb08ca361d4457fa890864b1b44465499578a29fb2f19c3774cb5423e33fb1
external-and-mods/gamescope/src/reshade/res/fonts/glyph_ranges.hpp,gamescope,16122,03c4a85b5ec70525977e63a3cbf53c6b97575f2f32deeb577c0807befef22e53
external-and-mods/gamescope/src/reshade/res/lang_bg-BG.rc2,gamescope,21833,5325dbe6b97b05f686b49c3f4e1a34a88759524a767010681e2ed6ccf8f24bd6
external-and-mods/gamescope/src/reshade/res/lang_de-DE.rc2,gamescope,13436,9e8e5c02743961b8ec4eba50d6442c0e885fe0377a06eb36c3ae1d6aa66964f7
external-and-mods/gamescope/src/reshade/res/lang_en-US.rc2,gamescope,11766,4685ce184351ac6dc0445f38526fc25e9dce009d581b362b06944f52e96a77d8
external-and-mods/gamescope/src/reshade/res/lang_fr-FR.rc2,gamescope,13574,2e4ebe2d0a387e6608cbf37cf4e188df4f5078a423ceded1d5271f1144b37001
external-and-mods/gamescope/src/reshade/res/lang_ja-JP.rc2,gamescope,17270,2747227c7275ebc803f6dc15ce1aed58bb1ac94ce038de56b0d274f918c73b24
external-and-mods/gamescope/src/reshade/res/lang_ko-KR.rc2,gamescope,13748,8c713a9f58f13a2ed0ec4070621dcc76c8464031bc2f332ef446aec4c597a8bd
external-and-mods/gamescope/src/reshade/res/lang_zh-CN.rc2,gamescope,10782,69ba723ca1d33ee0927432ce9dd46be6d55a5d6ea0be2acb72bf23473106b6b0
external-and-mods/gamescope/src/reshade/res/main_icon.ico,gamescope,100960,0ee76ccf64f053775722b4d50161eab41f94eaea1dfcd452f503c9caa8eea161
external-and-mods/gamescope/src/reshade/res/main_icon.svg,gamescope,5318,f606a63152db270ed5a1fab0141107b229ed3f6fb1d7c2e024f7687aa1f51670
external-and-mods/gamescope/src/reshade/res/main_icon_small.png,gamescope,2109,243e85fcaf7236c417707b3546fb932dc482485ff60fb2fb6e9989b11620bfdf
external-and-mods/gamescope/src/reshade/res/main_icon_small.svg,gamescope,3131,b57223985760cbbe1ebb71fb04867b2465b0f5e623c536276e464c926389c18c
external-and-mods/gamescope/src/reshade/res/resource.h,gamescope,1403,773f06b9192260029f15b42c86b4fb0fbc969bb38d28836d5891cb467abe286a
external-and-mods/gamescope/src/reshade/res/resource.rc,gamescope,3827,5e7ffb37f1088e3fb88ef83303c8a0f0fe26493fd3f928cfef8ecd9b59b348fb
external-and-mods/gamescope/src/reshade/res/shaders/copy_ps.hlsl,gamescope,217,ade00b65cc9110f75cd94b0e8034c8547720ca7f45b4704bdf4efa587dc0c743
external-and-mods/gamescope/src/reshade/res/shaders/fullscreen_vs.hlsl,gamescope,225,b435371a53db4ea8a5861f621e9d8b0aff6b329f4b4988b6aa4299183ee93aac
external-and-mods/gamescope/src/reshade/res/shaders/imgui_ps.glsl,gamescope,257,94bf88fcbdd0819d0e6f49c566895b8b7f52be0da8eb330b791a8d86562a5833
external-and-mods/gamescope/src/reshade/res/shaders/imgui_ps.spv,gamescope,784,08707fab2a51dfe1148c2a7ef32cc219999fcc1877bad9ac8c53ce395ca7c84e
external-and-mods/gamescope/src/reshade/res/shaders/imgui_ps_3_0.hlsl,gamescope,203,b9d5b6e02a7b728c3fabcf46d19a96f9ccfd632997bc52da237429fc37d87ea8
external-and-mods/gamescope/src/reshade/res/shaders/imgui_ps_4_0.hlsl,gamescope,250,f3975dba66eaccf535540e10d4895c036b52171440ff622ae4ca6d50b5129e9b
external-and-mods/gamescope/src/reshade/res/shaders/imgui_ps_4_0_hdr.hlsl,gamescope,3760,1515e36cc3138447c190b584f546aefed40219ce109ea979985bbb44aeb8fcae
external-and-mods/gamescope/src/reshade/res/shaders/imgui_ps_hdr.glsl,gamescope,3752,f8ffec4b63eb8dfda5d647bb4abe73aef8f21d3acda48f1ed4d4e16a757b9f38
external-and-mods/gamescope/src/reshade/res/shaders/imgui_ps_hdr.spv,gamescope,5736,08526cd2ce2cc46b58f197bf3ecca656ac30f22e5f280d3f5ce9fd9a5d111013
external-and-mods/gamescope/src/reshade/res/shaders/imgui_vs.glsl,gamescope,356,c137f4e15d3628ed68bc8e821cdb7f97d414ef49426d4f32ffb91f376ee882f0
external-and-mods/gamescope/src/reshade/res/shaders/imgui_vs.spv,gamescope,1448,88e12abe9b13803f77172f3ec8d1e04c8016b17e608a4818c692829c29408129
external-and-mods/gamescope/src/reshade/res/shaders/imgui_vs_3_0.hlsl,gamescope,391,14b941f456c8fb2cd7478edcffe793edfa296d5ec6c27d9afecac6c192e67b3d
external-and-mods/gamescope/src/reshade/res/shaders/imgui_vs_4_0.hlsl,gamescope,419,36186932a6907833a4bb8a3626da700545597938cf3dee3582453c69ad108224
external-and-mods/gamescope/src/reshade/res/shaders/mipmap_cs.hlsl,gamescope,613,85ed005ae530216e92339901d7fcf820a816f289f6472be46f50f4ba0e83323e
external-and-mods/gamescope/src/reshade/res/version.rc2,gamescope,1376,6c96ec02946e87b3c89f9df0279017de03ef3e59ba3f50cb9a648ad525b23e58
external-and-mods/gamescope/src/reshade/setup/MainWindow.xaml,gamescope,1638,b21f3ec9b6a6a10d555acd6e34ae7e0193402910f1fce7c2ccf0673b37de79af
external-and-mods/gamescope/src/reshade/setup/MainWindow.xaml.cs,gamescope,63882,a19871005cd5aee52ad7a5f79d040f269ad59830c43ad53ac7ca490fe6f875f9
external-and-mods/gamescope/src/reshade/setup/Pages/Resources/DirectX.png,gamescope,3577,c74d94df0688bfc5bcb5d3666771e2085af924bb06f714388485e74fef9fd191
external-and-mods/gamescope/src/reshade/setup/Pages/Resources/OpenGL.png,gamescope,1712,2cc5785a9b8258a7c2de6e48c6f76c6dd7baf8cd2a56e196474eb921c0d40b69
external-and-mods/gamescope/src/reshade/setup/Pages/Resources/OpenXR.png,gamescope,5678,44557cae68cbed4bca70ba67d378306840aa68b86b1e1d5159b4dc415082740b
external-and-mods/gamescope/src/reshade/setup/Pages/Resources/Vulkan.png,gamescope,5244,ad7a732c47c2c560632fd8e34508bbd3716c736c1527a7dc034e3f7a1036cf03
external-and-mods/gamescope/src/reshade/setup/Pages/SelectAddonsPage.xaml,gamescope,2981,c8c7063b1dd9d4e0bc7e31baea9e991582ef9f0f9ff20176cc625554bd2b7830
external-and-mods/gamescope/src/reshade/setup/Pages/SelectAddonsPage.xaml.cs,gamescope,2972,5889652038d07a1dda6d01b9639ad569ec02179faef759a3cd22467c6ef94481
external-and-mods/gamescope/src/reshade/setup/Pages/SelectApiPage.xaml,gamescope,4052,97c29cf201d483be9977b35e6fb0fffa1d268f51a4a8a328a8237e6a1b648981
external-and-mods/gamescope/src/reshade/setup/Pages/SelectApiPage.xaml.cs,gamescope,1321,1ed403f4d898f7171cb79c8139e94328eef8190c7d8da6d9d2996286be6ee896
external-and-mods/gamescope/src/reshade/setup/Pages/SelectAppPage.xaml,gamescope,2959,889716aef90e4fe2727f2c0dcc4c479d1a1fca07d3409dcea444e186bc580b72
external-and-mods/gamescope/src/reshade/setup/Pages/SelectAppPage.xaml.cs,gamescope,14138,cd986eae8a32ea5e08c02164301b7dad899256b50a496b890a2d0836aefdd1b7
external-and-mods/gamescope/src/reshade/setup/Pages/SelectEffectsPage.xaml,gamescope,5517,0728fad6b0ed357684c5c577ab351d14b8f3f777339002881a82316b83a4788f
external-and-mods/gamescope/src/reshade/setup/Pages/SelectEffectsPage.xaml.cs,gamescope,6983,009b2f67ce29ea460fb36af1e37e63c71383f21eccbaedbdec0676a20256d1b0
external-and-mods/gamescope/src/reshade/setup/Pages/SelectOperationPage.xaml,gamescope,2460,514b4f3398777d6773fa43c91b938fbe8903818a3466dd988c9f36e90df41ddd
external-and-mods/gamescope/src/reshade/setup/Pages/SelectOperationPage.xaml.cs,gamescope,992,2f9fb9043d40fdb0ec68f6a7cf4e139a82a4cad11e318835d610e23e26758a53
external-and-mods/gamescope/src/reshade/setup/Pages/StatusPage.xaml,gamescope,9809,da4880be71929ff142bbaabbc52f4783d2c73f49476368a4d232bb6d63eb053a
external-and-mods/gamescope/src/reshade/setup/Pages/StatusPage.xaml.cs,gamescope,1119,bb579855cab57e697f36c7f0bed1373a542c7ea8a9277c285383d430d204e6c8
external-and-mods/gamescope/src/reshade/setup/Properties/App.config,gamescope,168,5d08895d5067c9a3e4cca9e94d87d9d5a376b5f276a0cff4032be36829ce55bf
external-and-mods/gamescope/src/reshade/setup/Properties/App.xaml,gamescope,196,58d2828f5df7c687f38514acceed8291d5da522f971ebce796ceddf0fce8e2a3
external-and-mods/gamescope/src/reshade/setup/Properties/Assembly.manifest,gamescope,863,4d53840857bb48430cee9876100c0ae60f6dec459b509aa74899b602b2115c99
external-and-mods/gamescope/src/reshade/setup/Properties/AssemblyInfo.cs.in,gamescope,728,439e2e8f5bc07d1b9ed3b452bf416a0e800b4a8dc4a04dbcc9baad702fb00ee8
external-and-mods/gamescope/src/reshade/setup/ReShade Setup.csproj,gamescope,8725,495de1dda0ff1a371863762e4ec28f919c88ed94d5e5dfdc705a1a6454e011d6
external-and-mods/gamescope/src/reshade/setup/ReShade32.json,gamescope,505,31ee10ebd6c6e8cc7016a411be10d1b66e1444969ac1b53b02210d94075d52a1
external-and-mods/gamescope/src/reshade/setup/ReShade32_XR.json,gamescope,313,bb49628bebf8f4439a798d8b2659fb4d5d5e49c15a2342f876d117e8c45419bb
external-and-mods/gamescope/src/reshade/setup/ReShade64.json,gamescope,505,41af1085f03f36aadfb0acc3552633bf27a8b8c8f7ef6f9330e49dcb49dc0a02
external-and-mods/gamescope/src/reshade/setup/ReShade64_XR.json,gamescope,313,951c8d5999e044d696aa508e9b298264de1137d838bd4cc3a608ece88223d9de
external-and-mods/gamescope/src/reshade/setup/Utilities/AeroGlass.cs,gamescope,4459,a67a7c3262796b65fb801947edb91865a6e4305688842baee650fdf2204c3523
external-and-mods/gamescope/src/reshade/setup/Utilities/FileOpenDialog.cs,gamescope,7128,894650375008bb85c8ce3bd9596f5464c4a7aab8773f1511631ecac0276e094a
external-and-mods/gamescope/src/reshade/setup/Utilities/IniFile.cs,gamescope,4131,18d82f7e58f7cb50918e82993127bae47da5fd0aa2b36f8b668e53f48d7f929d
external-and-mods/gamescope/src/reshade/setup/Utilities/PEInfo.cs,gamescope,5366,2c7a9bd6bf5dfaa4756153690c768e4f1b6ecb046ed6ab3c17c1ceec9ea90f8f
external-and-mods/gamescope/src/reshade/source/addon.cpp,gamescope,10652,ae04005629dbda91d721cb306b851b3bee96da7dd1cf2e80c53da298b028a13d
external-and-mods/gamescope/src/reshade/source/addon.hpp,gamescope,843,c39621e1ec54e1695a9e4c47e62fd0904449a76dcd3f8ef4bc416edec5745233
external-and-mods/gamescope/src/reshade/source/addon_manager.cpp,gamescope,19975,0968304a2200852ef061befc2c7646d4983ade04cd4cbe62a38938f88027042a
external-and-mods/gamescope/src/reshade/source/addon_manager.hpp,gamescope,5369,c43e632ad6f275e38272540143be18a55640bcacd5c231e80f59a3b062da023c
external-and-mods/gamescope/src/reshade/source/com_ptr.hpp,gamescope,3109,b60c07996092450062a0fa7b7ee5b85fa2f87640dfdb3fd68f123d78517d1611
external-and-mods/gamescope/src/reshade/source/com_utils.hpp,gamescope,3534,dd5d1ebd6cc5263e1d024ecdc1b989e59de7053c7d274d0426fee26d26adc3dd
external-and-mods/gamescope/src/reshade/source/d2d1/d2d1.cpp,gamescope,5627,8102642c65b5b4ab1fc158ff939ef611dde8eb577ad3484730566d3398b7c61e
external-and-mods/gamescope/src/reshade/source/d3d10/d3d10.cpp,gamescope,7609,321f7ebd0f5e8464745ac79e6b64b1df345bc6b9808551c0ae41854fba1d9465
external-and-mods/gamescope/src/reshade/source/d3d10/d3d10_device.cpp,gamescope,76520,a16a569c567e4f34187ea3517af63430df6986ac43020ab7716f984e77c0963e
external-and-mods/gamescope/src/reshade/source/d3d10/d3d10_device.hpp,gamescope,13392,b4a94b6afc0b9298cb128d0b409851caa480c738ab23ba6654f721a35f147a7d
external-and-mods/gamescope/src/reshade/source/d3d10/d3d10_impl_command_list.cpp,gamescope,24569,908dcb825b70db0283fb2f2d7c0b7b96cdd7e768b9f670384b9b054d7d5f0733
external-and-mods/gamescope/src/reshade/source/d3d10/d3d10_impl_command_queue.cpp,gamescope,1151,f90944aacbfd543de1f8a070ebac8ab87ab0f79bc496ca301f9ad8c7103e620e
external-and-mods/gamescope/src/reshade/source/d3d10/d3d10_impl_device.cpp,gamescope,43133,5e36616a2544b907a365ce2bac395414eee555dba0242cac4052550390b0b2fc
external-and-mods/gamescope/src/reshade/source/d3d10/d3d10_impl_device.hpp,gamescope,11737,9f955ec53c01465b0df7336fccd30d07320d846e9b9056344f6ba6cfcd2bd21c
external-and-mods/gamescope/src/reshade/source/d3d10/d3d10_impl_state_block.cpp,gamescope,4659,1e1fcdc10815e62b38a5588ec48faad770812296930d107f2f08ef85e3b3f548
external-and-mods/gamescope/src/reshade/source/d3d10/d3d10_impl_state_block.hpp,gamescope,2080,8ae91146e6311c75ad648f6550454d35d3aa3cad1e66f08ae5a0b3713e161227
external-and-mods/gamescope/src/reshade/source/d3d10/d3d10_impl_swapchain.cpp,gamescope,1031,c9ac7deeaee8212c9cc644377c1ccc981f383dd43084378e4c579fc49cb2ca5f
external-and-mods/gamescope/src/reshade/source/d3d10/d3d10_impl_swapchain.hpp,gamescope,904,08778a8e8acb27988c45bf2e655286dd49fe6d3f71289d8459a20c805f10b0b8
external-and-mods/gamescope/src/reshade/source/d3d10/d3d10_impl_type_convert.cpp,gamescope,49626,652c66a15f1524a9e21715d45ca80ec22de461b5d665da894650a04908a8e7c3
external-and-mods/gamescope/src/reshade/source/d3d10/d3d10_impl_type_convert.hpp,gamescope,6751,d81fe5d088f6dc2ce2de93a79dcc3a2eece0c1fa2f2f082cf8d91a54a94f1ae5
external-and-mods/gamescope/src/reshade/source/d3d10/d3d10_resource.cpp,gamescope,5952,9eae0ecdb83555d8702e3f380b8682313cfceca6faf2c4ccd7202640bd109e16
external-and-mods/gamescope/src/reshade/source/d3d10/d3d10_resource.hpp,gamescope,1182,e2d13a140fbce2a022e795e87fa0d594ab61a78114ce116c07c7d4c05c592512
external-and-mods/gamescope/src/reshade/source/d3d10/d3d10_resource_call_vtable.inl,gamescope,1565,03a2ea06d0b345956066425363a667f92d61ae42abc8f0be051dca7a4992e558
external-and-mods/gamescope/src/reshade/source/d3d11/d3d11.cpp,gamescope,7897,e00778980b47165e0f2e43b104d0fc72c5dd028d1a3bd574afb4f411dc7bea7a
external-and-mods/gamescope/src/reshade/source/d3d11/d3d11_command_list.cpp,gamescope,2564,c38c980899087ccf9ac35f4c27b65cbfe3fee604cc0ed0c931d85f586e478352
external-and-mods/gamescope/src/reshade/source/d3d11/d3d11_command_list.hpp,gamescope,1252,90a0cbb600bc0667e07800350b213c6d76cb943036aabeafbbddce8a6ab33aa8
external-and-mods/gamescope/src/reshade/source/d3d11/d3d11_device.cpp,gamescope,81168,016c4b86576a82def20caefd8397b7f40a34006e5adf30144bbac73c9decc3d0
external-and-mods/gamescope/src/reshade/source/d3d11/d3d11_device.hpp,gamescope,10705,4332c5b9da4fa0b4eb029cd9710b45fad64a435404ee1f41fed3f13207cf69a4
external-and-mods/gamescope/src/reshade/source/d3d11/d3d11_device_context.cpp,gamescope,71456,15fc26c84547ca80e81b65278fafbf7bf721d384fe9cf0f7e07869af37cd3e74
external-and-mods/gamescope/src/reshade/source/d3d11/d3d11_device_context.hpp,gamescope,21551,2320f384877b692d37cb3823297864eb6c41e7e421a05a95cbd55ccc49e0d2c3
external-and-mods/gamescope/src/reshade/source/d3d11/d3d11_impl_command_list.cpp,gamescope,34490,9ece365e571d71cca8c6675bd413265e91061a0612d27bcf4caa82765f677752
external-and-mods/gamescope/src/reshade/source/d3d11/d3d11_impl_command_queue.cpp,gamescope,3632,7ea3c085e2bfa07249ad272b4ddf5ec87e7cbbea9c894e2169bd31323fc4f5bc
external-and-mods/gamescope/src/reshade/source/d3d11/d3d11_impl_device.cpp,gamescope,54651,5f596c701c4342eb22eca815741276c9cf3d1d9390d75caf94701aeeec193e30
external-and-mods/gamescope/src/reshade/source/d3d11/d3d11_impl_device.hpp,gamescope,5485,27810c2614e2b8276abc67221c33fd1bc09a035ea926fe24014d91e662f94c86
external-and-mods/gamescope/src/reshade/source/d3d11/d3d11_impl_device_context.hpp,gamescope,12101,4650366acd177fb8a61a73b7614e4ec664bbc2f0d66875ebd5931999cbea62ba
external-and-mods/gamescope/src/reshade/source/d3d11/d3d11_impl_state_block.cpp,gamescope,10974,2c0c46708931eba6010c9345c9b9c75efe253ddfcfe990346e242af73752efae
external-and-mods/gamescope/src/reshade/source/d3d11/d3d11_impl_state_block.hpp,gamescope,3263,91a76e805b2a65dde7c8ef3bb02a17df29d22dda190681ad4530cd8941a5507a
external-and-mods/gamescope/src/reshade/source/d3d11/d3d11_impl_swapchain.cpp,gamescope,1932,05eea7b041c5909b82ef610907c9ef0b950b13342c359231bb2e2379d5d45c45
external-and-mods/gamescope/src/reshade/source/d3d11/d3d11_impl_swapchain.hpp,gamescope,978,dbcf1db1cf5644c673d05c5b916f780469eede3af1e80d94c407f10568a48a32
external-and-mods/gamescope/src/reshade/source/d3d11/d3d11_impl_type_convert.cpp,gamescope,70150,1470972fcfe988d33d7a90847e50f47af7261774ba732009aac335929c440282
external-and-mods/gamescope/src/reshade/source/d3d11/d3d11_impl_type_convert.hpp,gamescope,9115,5698a1dbf76db146d1302151a6898a386930aad7b42b3942a04a855170c7ebae
external-and-mods/gamescope/src/reshade/source/d3d11/d3d11_resource.cpp,gamescope,1241,4c5ccd9cb6030c64c73cfa33fa83c19f269e4a1e5c0c2dac95db190c977d28d9
external-and-mods/gamescope/src/reshade/source/d3d11/d3d11_resource.hpp,gamescope,200,e5a5d2d3d9a4e7a57df4b05ef1ac6f094b78d57ce2534b0f0174a854dff16c33
external-and-mods/gamescope/src/reshade/source/d3d11/d3d11_resource_call_vtable.inl,gamescope,220,6f5e218154bb6240ec98a2d5182ae4e8983aa204605563df323bf5437b860433
external-and-mods/gamescope/src/reshade/source/d3d11/d3d11on12.cpp,gamescope,4576,542ea3e4e2886ebdae18a4ca38554d2e916f6310b75490b89ad4182a6320f123
external-and-mods/gamescope/src/reshade/source/d3d11/d3d11on12_device.cpp,gamescope,3756,9bbe55c4a08d8b6eabdd1f50e8bae4454f6aa06e45ff4a0b8551c4c9d88abab4
external-and-mods/gamescope/src/reshade/source/d3d11/d3d11on12_device.hpp,gamescope,1922,74f311b841c335ab4c588be60a47fac29fd7f767f5ab4bf8a62110714688eb17
external-and-mods/gamescope/src/reshade/source/d3d12/d3d12.cpp,gamescope,4736,609ef0f1cee83c061b7261c98a6dd8d3aeac09d42bf628d72e5f3ac8f7d781d4
external-and-mods/gamescope/src/reshade/source/d3d12/d3d12_command_list.cpp,gamescope,55429,f0f6404d7614841fda4c438f529b59682d42aff77295f06614f0ca7bb270f620
external-and-mods/gamescope/src/reshade/source/d3d12/d3d12_command_list.hpp,gamescope,13149,43360cc5bf23b191a6a572087947945746ce38367dff243becc40d354aad58d5
external-and-mods/gamescope/src/reshade/source/d3d12/d3d12_command_queue.cpp,gamescope,7963,d214aac3c966cfcbcfde099d747b6fd91e3bc0707acdcf82803d7f7d9805db58
external-and-mods/gamescope/src/reshade/source/d3d12/d3d12_command_queue.hpp,gamescope,2927,5316159cfa2841a88fd26548caca152ead69252cc6c867e5bb03365207f6eb6d
external-and-mods/gamescope/src/reshade/source/d3d12/d3d12_command_queue_downlevel.cpp,gamescope,3604,413791bd1e0f5aa0a5214a5d2a090ea538b65e9cadd9b36392591a81bf64a6ec
external-and-mods/gamescope/src/reshade/source/d3d12/d3d12_command_queue_downlevel.hpp,gamescope,1155,7535a677cdfa9c2610224c89e84a6df96345c5e44c074a856543e5ce8975c2d6
external-and-mods/gamescope/src/reshade/source/d3d12/d3d12_descriptor_heap.cpp,gamescope,2928,08078288615dc6263401e706ec9d6471b06e444083a61382b2585491ffbd09f3
external-and-mods/gamescope/src/reshade/source/d3d12/d3d12_descriptor_heap.hpp,gamescope,1783,aa11c08ee44e485d33465b745a30c9012fdf88b6058acf9598695c03dbc143b5
external-and-mods/gamescope/src/reshade/source/d3d12/d3d12_device.cpp,gamescope,125648,ff62f58e54d89f1696631f30b831833da15251243c39335d56c4869a7d088332
external-and-mods/gamescope/src/reshade/source/d3d12/d3d12_device.hpp,gamescope,16640,57991e9c5d14fae41f885883b11493ee5ec24ef0c998029429f4225a88d63c30
external-and-mods/gamescope/src/reshade/source/d3d12/d3d12_device_downlevel.cpp,gamescope,1182,3ae93423a1182b7f0e3c542f305b2fd0b59fa064feaafbde4b820cd6853ed7fb
external-and-mods/gamescope/src/reshade/source/d3d12/d3d12_device_downlevel.hpp,gamescope,1003,15225b2c5f3fad17d9fb3db001255ffa9a32bc34dce43e287982fe0e674f0706
external-and-mods/gamescope/src/reshade/source/d3d12/d3d12_impl_command_list.cpp,gamescope,51423,1fd37a7103a47dee8c7c23cb3451fab6bd1bad54a6590e65df2297a8d3e29c0a
external-and-mods/gamescope/src/reshade/source/d3d12/d3d12_impl_command_list.hpp,gamescope,6540,2deb5bc1be96607f41ee4902eb6819f496b64140a9dd6776429fcc31ee8bd59c
external-and-mods/gamescope/src/reshade/source/d3d12/d3d12_impl_command_list_immediate.cpp,gamescope,4900,c81762d235fbfa4db7d912a8e6fd4368a0820877eafa918fa8d1f3c2d226ec1a
external-and-mods/gamescope/src/reshade/source/d3d12/d3d12_impl_command_list_immediate.hpp,gamescope,1030,0f7fcd5c44584f568a1d852b07345fdc2be1e37e93ebfe1c87e16f7eecb6655c
external-and-mods/gamescope/src/reshade/source/d3d12/d3d12_impl_command_queue.cpp,gamescope,4780,0b77121b86a5524bfeee348181b66ae1d68d131fba0d676816ff0f4b8ad94638
external-and-mods/gamescope/src/reshade/source/d3d12/d3d12_impl_command_queue.hpp,gamescope,1374,bcf62371e4befead315dc38850003fe610937fdf2565f15c37fe5b05034a3ae9
external-and-mods/gamescope/src/reshade/source/d3d12/d3d12_impl_device.cpp,gamescope,88157,d37512926da0897567366bc5c9ec583010dbab574cdede2c35a5d16d96d9e414
external-and-mods/gamescope/src/reshade/source/d3d12/d3d12_impl_device.hpp,gamescope,7925,9f3e5a18f27690546c12766821192c4a91efcbe31378d7810c1a6bd6cdc9e3a7
external-and-mods/gamescope/src/reshade/source/d3d12/d3d12_impl_swapchain.cpp,gamescope,3078,d9ee699d2c03f70471a8d1d64531ec59a5e602816d89add49a5c6e967c394873
external-and-mods/gamescope/src/reshade/source/d3d12/d3d12_impl_swapchain.hpp,gamescope,1908,118807d021420d23b1e59f4f6d6532b9942c9ccc04d10feb6b3b7bc1324584df
external-and-mods/gamescope/src/reshade/source/d3d12/d3d12_impl_type_convert.cpp,gamescope,87119,29bbf049bb8c60fdc8f630999d453970d304174b19e8288c31735ac86368c635
external-and-mods/gamescope/src/reshade/source/d3d12/d3d12_impl_type_convert.hpp,gamescope,15821,ab944d6addc975aa3cec52118e237da874acedb6643aca3e979b00816247d292
external-and-mods/gamescope/src/reshade/source/d3d12/d3d12_pipeline_library.cpp,gamescope,3875,0d4c7431792f97cc76ca1e30e23ee4b864849bfd232bcbece6e68820bed9e594
external-and-mods/gamescope/src/reshade/source/d3d12/d3d12_pipeline_library.hpp,gamescope,758,f64da7578473d6fd46ca81bfdd604bf43eac32a971054127abe269e462952d95
external-and-mods/gamescope/src/reshade/source/d3d12/d3d12_pix.cpp,gamescope,2081,68d95c8184186d94a7520fc562964d9873f7ed985bd7bf9cba15a5c8f6c5bc20
external-and-mods/gamescope/src/reshade/source/d3d12/d3d12_resource.cpp,gamescope,3934,f3bb4909f062daaaefb2a09476e7b3d8aa55280c2970d33450709c962d990a64
external-and-mods/gamescope/src/reshade/source/d3d12/d3d12_resource.hpp,gamescope,506,b9c20858918b339bfb3592aaaa9b1e745cf8022cc5ee777b43c0387076c0bffa
external-and-mods/gamescope/src/reshade/source/d3d12/d3d12_resource_call_vtable.inl,gamescope,601,9eeeb9dbe78c9a1ddac6893bcdfc4bf4e4e3bb9903130771879e5b0489006a9c
external-and-mods/gamescope/src/reshade/source/d3d12/descriptor_heap.hpp,gamescope,8673,230e40e1eab488b1d8cf8be63c759b56bbb6134438e9794b96003124f13afbc7
external-and-mods/gamescope/src/reshade/source/d3d9/d3d9.cpp,gamescope,17731,457a1babd57ac9ad8a9859135187bd70ebf705470758f11d3a4a612e79670019
external-and-mods/gamescope/src/reshade/source/d3d9/d3d9_device.cpp,gamescope,102116,55b6bd4542eca2d81a6368df94151f98985645b0c0b2f1edb52b83bbe549d057
external-and-mods/gamescope/src/reshade/source/d3d9/d3d9_device.hpp,gamescope,16099,ece684e394d9c95a59bf1c3f1ebdcb27499bff15267d766554d1509b06a8464f
external-and-mods/gamescope/src/reshade/source/d3d9/d3d9_impl_command_list.cpp,gamescope,36157,214b1d52c08cd72896a9b6c9dfbe43ac76926c7986ed543e64163a1832198d3a
external-and-mods/gamescope/src/reshade/source/d3d9/d3d9_impl_command_queue.cpp,gamescope,1072,cc09abb9c9488f2205e2ba08db6f86d714676699c9313a8ec13c2ac70713c5d2
external-and-mods/gamescope/src/reshade/source/d3d9/d3d9_impl_device.cpp,gamescope,77358,5a55ff1cc1fe80b00c9427249a156df9d427c7bbee70b7ae592c4984a6a162b9
external-and-mods/gamescope/src/reshade/source/d3d9/d3d9_impl_device.hpp,gamescope,11644,67921f9006f3f6784bc00f8b057434724869605697364dc7a692ea424377e1bf
external-and-mods/gamescope/src/reshade/source/d3d9/d3d9_impl_state_block.cpp,gamescope,3163,bf31fff9d561eeaa10e2e99fac8c9be06cc8ae89e5b0ecf5333ba4011196bad7
external-and-mods/gamescope/src/reshade/source/d3d9/d3d9_impl_state_block.hpp,gamescope,698,83b24289e99c5e839f47a3362f86ac5e896def52f7b9ca2e86e8f330a6c0a60a
external-and-mods/gamescope/src/reshade/source/d3d9/d3d9_impl_swapchain.cpp,gamescope,1414,a1aa46badb5aa37c8fec62aa517b589c6da09948af7d964cc617c4511d43ecda
external-and-mods/gamescope/src/reshade/source/d3d9/d3d9_impl_swapchain.hpp,gamescope,993,82aaf326b026f33b60d002e08d02eca43618c08a8f3eb563274e4f6746f75dc8
external-and-mods/gamescope/src/reshade/source/d3d9/d3d9_impl_type_convert.cpp,gamescope,43168,74dfda4efdff24075166739a6fa66d06fd4ef024fbf02bc9e4a59d7fffdb2f71
external-and-mods/gamescope/src/reshade/source/d3d9/d3d9_impl_type_convert.hpp,gamescope,4876,ad9f3d3aafd40a1c4528364b58d944322dd69b73b59ff615b7404d677981744a
external-and-mods/gamescope/src/reshade/source/d3d9/d3d9_internal.cpp,gamescope,3230,72776872a22ba078c677faed3f265ed3af725515981a0bc5ddacd2a9fd41fc15
external-and-mods/gamescope/src/reshade/source/d3d9/d3d9_pix.cpp,gamescope,1531,072062de71e68fbb29a3fdf99ca4ff188ab4060f437aba9a21c110873b761af3
external-and-mods/gamescope/src/reshade/source/d3d9/d3d9_resource.cpp,gamescope,14839,b8ff40be3d658bf2e296bc130eda66a1167d34f1a72e4176b2d65bbfc8b0b5e5
external-and-mods/gamescope/src/reshade/source/d3d9/d3d9_resource.hpp,gamescope,4193,e66850c76bdc0bb3cc4e788420179d2a0e7efef32a8bb108694bb20d867008d5
external-and-mods/gamescope/src/reshade/source/d3d9/d3d9_resource_call_vtable.inl,gamescope,2378,fbede9f783f04c8453a71a0eaa91323cf5849b93cfda4a278a2137d4f4533f33
external-and-mods/gamescope/src/reshade/source/d3d9/d3d9_swapchain.cpp,gamescope,8139,32bf377b191a13d102fac9ded5b58ff1960f1e95991f0176bdcfa7899ccc5a92
external-and-mods/gamescope/src/reshade/source/d3d9/d3d9_swapchain.hpp,gamescope,2349,c822470dd510baba833c32e19792195cdd5d1c953fdc003c65f049fa458c756e
external-and-mods/gamescope/src/reshade/source/d3d9/d3d9on12.cpp,gamescope,5666,7525ec9f42b738faf1a98a09555a4e286a5f85ea985cb2efa394647c1d452215
external-and-mods/gamescope/src/reshade/source/d3d9/d3d9on12_device.cpp,gamescope,2178,58d69a789df97cf4a49968ccd2b7376e447818b737cf49dcb1e1aec465e3146f
external-and-mods/gamescope/src/reshade/source/d3d9/d3d9on12_device.hpp,gamescope,1387,791885ae49459ce57b0f3d6c8322ba847fe78bf349548781616d4551b64ddbc5
external-and-mods/gamescope/src/reshade/source/dll_log.cpp,gamescope,2944,f007a5e3008fa03f65e297baa7be831e7145b11b71dc45ce5b994a471554fd99
external-and-mods/gamescope/src/reshade/source/dll_log.hpp,gamescope,4052,7d8530ded4e4c9c64f69bf5c4046c14d8270211ff03f1511d897ab65a2817c28
external-and-mods/gamescope/src/reshade/source/dll_main.cpp,gamescope,14354,94388149ba407a3b2fe1cb111126062aa8d0d9cc3b756a1005b90ca14beea086
external-and-mods/gamescope/src/reshade/source/dll_main_test_app.cpp,gamescope,29300,2a3399811b144c78d5dde891d89395d7c9d789a180af20d6e62e7cb56727f402
external-and-mods/gamescope/src/reshade/source/dll_resources.cpp,gamescope,4455,553d9aba7f5c8f8760512cdffc38f3f98cfdd63707165c0be7b3fc22b62b5aca
external-and-mods/gamescope/src/reshade/source/dll_resources.hpp,gamescope,1568,510c848ee2bdb92009f2d029dc32da7962265fa3f011c2dae3ac86cfed18d262
external-and-mods/gamescope/src/reshade/source/dxgi/dxgi.cpp,gamescope,31654,d5138163badfc1e6d37a3d6b4a0f770e0396a169cb95044ab3dc4d402ff0fde8
external-and-mods/gamescope/src/reshade/source/dxgi/dxgi_d3d10.cpp,gamescope,4114,b28351a86a5c50a97233cecd7acaf2d8ddd1088ff0b6fd3e062443c43472ce18
external-and-mods/gamescope/src/reshade/source/dxgi/dxgi_device.cpp,gamescope,4067,5b0b6ecce5abc5c2f33c75866cedf3225eb4702d065cd93ca735d2eb5776477f
external-and-mods/gamescope/src/reshade/source/dxgi/dxgi_device.hpp,gamescope,2224,53448b4ff92a22d4c7cc5c24f98625d8fc354bfb373f56938256ba98fa84dcc4
external-and-mods/gamescope/src/reshade/source/dxgi/dxgi_swapchain.cpp,gamescope,27222,ba6654f8e5016205a657d14bf3069b369a312000b694025f9637b9c666ec7f3e
external-and-mods/gamescope/src/reshade/source/dxgi/dxgi_swapchain.hpp,gamescope,5472,390c87989748412c6f327eb71eeeaf639e83d3b4428e8093082967b9eaa51d3b
external-and-mods/gamescope/src/reshade/source/effect_codegen.hpp,gamescope,19673,485a12ee6a0e840554bf766af4570a6290dd4671ae452f3147cdead56bef4d92
external-and-mods/gamescope/src/reshade/source/effect_codegen_glsl.cpp,gamescope,66971,7fbb55978a4b3350c0653ac44bf0b649a3d88423473a517ca22fdd397c3dc378
external-and-mods/gamescope/src/reshade/source/effect_codegen_hlsl.cpp,gamescope,61278,1612fc27d8000e3c8dce03fc91f8345e15e39f22302ff65148d77c4bfd47ff3a
external-and-mods/gamescope/src/reshade/source/effect_codegen_spirv.cpp,gamescope,81913,d3a3e0622faad706fff380353859633efa30c12ca12fbe24cd9f867180bb36e9
external-and-mods/gamescope/src/reshade/source/effect_expression.cpp,gamescope,18426,68266c71a6b7a7ebc432146d5a055d8d5ca503738a9d052c338c5be3c92f5bee
external-and-mods/gamescope/src/reshade/source/effect_expression.hpp,gamescope,9289,dab5a786341ac6bf7f72f751b4274d919f446deebcd7d19912dbab6d2b2d1edc
external-and-mods/gamescope/src/reshade/source/effect_lexer.cpp,gamescope,30953,3866423b1b7c72173c9ac630494d6e2908a5af21ebb9a5406d8ae44e6d976241
external-and-mods/gamescope/src/reshade/source/effect_lexer.hpp,gamescope,3248,80d464c306678c8029c4185a593f2d7d6261f135dbb5f892554b29625e896f10
external-and-mods/gamescope/src/reshade/source/effect_module.hpp,gamescope,8990,36345fc477eca35e40a2d9822ea3db27f5cdb2fe02222e7ff9b23582f7f5bc1d
external-and-mods/gamescope/src/reshade/source/effect_parser.hpp,gamescope,3031,2769fbd4a1d6367bc2e8054528ef16e8ca75557ed4c314b1d84339369397aaae
external-and-mods/gamescope/src/reshade/source/effect_parser_exp.cpp,gamescope,54481,2f0b13f11a081965d4af4c84dc6e2a3ce4db515dad4c86b116b7bb3ce876f1a1
external-and-mods/gamescope/src/reshade/source/effect_parser_stmt.cpp,gamescope,79941,f49a31d8696629e7e72aaea9b3ee683248d42208267260fcdaa1fd1786c02ce9
external-and-mods/gamescope/src/reshade/source/effect_preprocessor.cpp,gamescope,37658,198fffe7c4e36ab1cf6e07227cf9f2c814c15207acef574ac3eafa3304ce8b0e
external-and-mods/gamescope/src/reshade/source/effect_preprocessor.hpp,gamescope,5228,491cc75818eca0b3ef07a58b77a015cfc82c26db9e2b43036dbca0a908272f94
external-and-mods/gamescope/src/reshade/source/effect_symbol_table.cpp,gamescope,17410,f1cb123a620e8abc9ae66c3ee2b15783f3f1ed0f614600de2bef2d35565eda4e
external-and-mods/gamescope/src/reshade/source/effect_symbol_table.hpp,gamescope,2657,fdb9d9df95cb4880548d50ab02aa00d3cc157b6afd1991b7b0177cf9bffd014f
external-and-mods/gamescope/src/reshade/source/effect_symbol_table_intrinsics.inl,gamescope,171089,977f02e89668fbd10ffea985afd16ecb3629e1c590c212ab2797801c3dd67c2b
external-and-mods/gamescope/src/reshade/source/effect_token.hpp,gamescope,3950,5da357fab52738dbd4cee8e9923d4fb0935ce495d3be3303c618266b8e567f75
external-and-mods/gamescope/src/reshade/source/hook.cpp,gamescope,2372,909c75d4684bc229f33317bb33a20c8616fcd71a83636430c3c3e12f162ece16
external-and-mods/gamescope/src/reshade/source/hook.hpp,gamescope,2005,a450e59f40e338aa0486d24b63950ee3ab60332a519d52e25ff51193023ed2db
external-and-mods/gamescope/src/reshade/source/hook_manager.cpp,gamescope,22073,2143593e8eb20cd9bb2cdd622ed279d9d44645712f6d24d52725dae21e911462
external-and-mods/gamescope/src/reshade/source/hook_manager.hpp,gamescope,4468,6540edf75f4bc2f912c9b117710e2f55ea948322f917ed4503762230fe2bb403
external-and-mods/gamescope/src/reshade/source/imgui_code_editor.cpp,gamescope,61905,34716fdda77e781625d85b817241e2112fe08e57661c907b30489ec38046e8cf
external-and-mods/gamescope/src/reshade/source/imgui_code_editor.hpp,gamescope,10125,ba09bad325b3b8ad9864a0e867903de6d6e20cc7be3e60869e9ae183dfcc1467
external-and-mods/gamescope/src/reshade/source/imgui_function_table.cpp,gamescope,1217,121a63ae80b452c2f9bf48bf214c38664d1896d3176b3e68530dacc9bfe1af53
external-and-mods/gamescope/src/reshade/source/imgui_function_table_18600.cpp,gamescope,34250,289bf4676f00d12e7ddd05f03544bcb317dba77690c413fab8c618f9496a2a4d
external-and-mods/gamescope/src/reshade/source/imgui_function_table_18600.hpp,gamescope,34397,8f3e28c50c758ba07ccaf358dbe4352af30b62c521e0df96eced23880d8cf987
external-and-mods/gamescope/src/reshade/source/imgui_function_table_18971.cpp,gamescope,33695,9e6bcd631425955fd6e014affbe03a450d61b1585057dc36cd09c39aeea72c04
external-and-mods/gamescope/src/reshade/source/imgui_function_table_18971.hpp,gamescope,34518,59fb9c95b0b28bf04e0f7e93fb081c550bbb36a165f7d42be0660fda13b01549
external-and-mods/gamescope/src/reshade/source/imgui_function_table_19000.cpp,gamescope,18612,03e349e14cb1697ef89c5121b6d12fe601135bf9f20ca2464e08796bb6dd4dc3
external-and-mods/gamescope/src/reshade/source/imgui_function_table_19000.hpp,gamescope,29908,95351fb664522e8411e039a7071879f5f6a4c07fa7cabf68334722b5bf2afc35
external-and-mods/gamescope/src/reshade/source/imgui_function_table_19040.cpp,gamescope,18566,34cf3c1636b334071ac2f2f9fdf87d81c6a7a0c49a5fbd1fcba5d8e4f1fcb78e
external-and-mods/gamescope/src/reshade/source/imgui_function_table_19040.hpp,gamescope,29656,7540f788212bbd41398ca35490c5525c0392b458f0aa311e08b918830ee1b406
external-and-mods/gamescope/src/reshade/source/imgui_widgets.cpp,gamescope,28497,85a51bf909746e96369936e4b6193411b4cf85ec45a58b445e5fa50e2715a63c
external-and-mods/gamescope/src/reshade/source/imgui_widgets.hpp,gamescope,6046,9eb465a89ba12e39d319a33026ace5e3f0461ff4836e53623a05efb7b9caec39
external-and-mods/gamescope/src/reshade/source/ini_file.cpp,gamescope,8020,649b84f0acf3275ea2c03fce59084092f2356327956e5e2bbb155d1d02ead5c8
external-and-mods/gamescope/src/reshade/source/ini_file.hpp,gamescope,11654,f27802e99919c7b8dda1e0a906eb8458504eb262b9ad12bf6d08291c32d7cbac
external-and-mods/gamescope/src/reshade/source/input.cpp,gamescope,27597,ff761acf39a2430b81f85c7ef32178973ae1b960c9fa7fef77a339156677fe67
external-and-mods/gamescope/src/reshade/source/input.hpp,gamescope,5647,34096693af2c29549dad5b20a721745607b15c3e52b8cc84841813c30f255492
external-and-mods/gamescope/src/reshade/source/input_gamepad.cpp,gamescope,4705,d540810c466773233e55db930e27af69dedfbf7d23d8d9fcaa96d00a37492235
external-and-mods/gamescope/src/reshade/source/input_gamepad.hpp,gamescope,2054,ca9cff6178459a42f4e895cc3ce52080e99075fced79930c0b8df3b35b73a23d
external-and-mods/gamescope/src/reshade/source/localization.hpp,gamescope,533,960029d078bd32cc8947f142568c04bc0042105c7df59192d8978ac1a8d70595
external-and-mods/gamescope/src/reshade/source/lockfree_linear_map.hpp,gamescope,7950,e37e08482aea8895c63364599fd538a4e9f173e335f4f391455bc04bbbc60fbb
external-and-mods/gamescope/src/reshade/source/moving_average.hpp,gamescope,673,83c1a42eeb1f17745133c19cc90c4feabc1e3c7e8e116b2453a97ad97f602ad1
external-and-mods/gamescope/src/reshade/source/opengl/opengl_hooks.cpp,gamescope,165724,4b0836642ef00087654dd16d776d8e1d0930817db7cfda36aeb912b5d6359dfb
external-and-mods/gamescope/src/reshade/source/opengl/opengl_hooks.hpp,gamescope,28637,9249f2613603a7e4982b3f189c2cd644fb2eeac937e8599f1c8d68d20203d90c
external-and-mods/gamescope/src/reshade/source/opengl/opengl_hooks_ffp.cpp,gamescope,52791,82991ba1cd812b62c985c1ae6419bc9a327163b3a45f930912ca03215b1b3764
external-and-mods/gamescope/src/reshade/source/opengl/opengl_hooks_wgl.cpp,gamescope,68412,16e83ac862d840107dcbceccff51e558963a9890b9a547093d443a3a24e78b9c
external-and-mods/gamescope/src/reshade/source/opengl/opengl_impl_command_list.cpp,gamescope,66341,644246c2dec69a47124485129dfe2e4e22c9af6c27a85d3fd8a4ad563290400a
external-and-mods/gamescope/src/reshade/source/opengl/opengl_impl_command_queue.cpp,gamescope,3949,f8f9c92c0ea2fcc1cfcf4f28e30d2e0df3e696f09cdf6db88df80974422eb3bb
external-and-mods/gamescope/src/reshade/source/opengl/opengl_impl_device.cpp,gamescope,87452,cdfa74b2551147697cf4e3773962c44ed154d93d7933b3d7dc8ce090de97fdd9
external-and-mods/gamescope/src/reshade/source/opengl/opengl_impl_device.hpp,gamescope,5450,47ab3ceb96e208df449ec74607088f82b8e1233a70a1ab168c0a4340ea2d394a
external-and-mods/gamescope/src/reshade/source/opengl/opengl_impl_device_context.hpp,gamescope,7994,b28b87c7146d668ac3a455ac560132a126cdb861528a221edeb6a52ea33ffaa3
external-and-mods/gamescope/src/reshade/source/opengl/opengl_impl_state_block.cpp,gamescope,6915,eadc40ab19290fa765bde698c58aa8a9e8888d5c7d89636480fc1ad5028d5904
external-and-mods/gamescope/src/reshade/source/opengl/opengl_impl_state_block.hpp,gamescope,1616,8c835e1942cc75f462135288bec9f05d51217b64fa41809a6bf84b1a149bd3bd
external-and-mods/gamescope/src/reshade/source/opengl/opengl_impl_swapchain.cpp,gamescope,689,868180473b5d579564172da282026d5274d6cf4ba777cbe4cb86f0de207af242
external-and-mods/gamescope/src/reshade/source/opengl/opengl_impl_swapchain.hpp,gamescope,935,fd0ae5cc3e76b8b9ce3623510b8eb624decff10064a82efd2a2a1ff36f9ae522
external-and-mods/gamescope/src/reshade/source/opengl/opengl_impl_type_convert.cpp,gamescope,63523,6e7b08898e0058baea93091825732688abd0ad9c1e20ac23cb44d67676bce02e
external-and-mods/gamescope/src/reshade/source/opengl/opengl_impl_type_convert.hpp,gamescope,5545,162d1baeac153732e6078c5d072deab5dd5e51fbebfa8f14c461d8868b3fee32
external-and-mods/gamescope/src/reshade/source/openvr/openvr_hooks.cpp,gamescope,25650,d10d56f1e13b0a67ec085e11a02d35aae9dd8a5ecca26f64d5391cea8332e753
external-and-mods/gamescope/src/reshade/source/openvr/openvr_impl_swapchain.cpp,gamescope,9932,82441f1892353017ff97c77f18d82b551c50612357f2ce152437c9784aebc404
external-and-mods/gamescope/src/reshade/source/openvr/openvr_impl_swapchain.hpp,gamescope,1936,7b6cd7ca087f764bb0bf9c4a438e04ba0f1705ad578bec822d7052c69a18b9cb
external-and-mods/gamescope/src/reshade/source/openxr/openxr_hooks.cpp,gamescope,967,a93e072820099e7cd3d0032386776cf25f4ae97b14dd65efb66d74bf7ecda948
external-and-mods/gamescope/src/reshade/source/openxr/openxr_hooks.hpp,gamescope,535,e4cde7bb5b9ba7a0b12e8eb07324489cd8a2e6e16fc421ab405157d12f9c0a3a
external-and-mods/gamescope/src/reshade/source/openxr/openxr_hooks_instance.cpp,gamescope,5262,aaabefbffff16428a08db889f4ef87e08b408907d260f6493917fe19251a8bb7
external-and-mods/gamescope/src/reshade/source/openxr/openxr_hooks_session.cpp,gamescope,14132,d1eb91d5c33aaa89968743ce23fd7e1546f4c1f4981a4e6148c906e1187f9eac
external-and-mods/gamescope/src/reshade/source/openxr/openxr_impl_swapchain.cpp,gamescope,8952,84c7f0baaa2db9f90dbe4ef0d56022ef28e4460bc048150769583a783ab57f9c
external-and-mods/gamescope/src/reshade/source/openxr/openxr_impl_swapchain.hpp,gamescope,1480,5b08bfdf03850ae22a529d7dcd3593f902d090d393b996b8ca25b88ee9ec28bd
external-and-mods/gamescope/src/reshade/source/platform_utils.cpp,gamescope,5119,863dfd8c4cce54b6f90919b0164a04113fe75a36bea52851577a5b6ce5f46fd7
external-and-mods/gamescope/src/reshade/source/platform_utils.hpp,gamescope,966,86461029d6d9b5703b4ea239fd640e17bb5565db03db981c4964338609e07565
external-and-mods/gamescope/src/reshade/source/reshade_api_object_impl.hpp,gamescope,2198,c8727158646c563c1a96cf87de74684aea774df92fc8b5ea4abe4507023cc951
external-and-mods/gamescope/src/reshade/source/runtime.cpp,gamescope,197433,401f3413e9eb6c26d87b6cb3316380a108cbe0c89702e4b22df0fe19ace7484f
external-and-mods/gamescope/src/reshade/source/runtime.hpp,gamescope,25025,bce65fc2cd0844b91617197f977114efc4edcf6b4fdfa1b8a641268d4a7dd683
external-and-mods/gamescope/src/reshade/source/runtime_api.cpp,gamescope,47120,358f3c608ee00a209053a2b7d05958b6d52b89b9da054a28b45bb5dc04cbf624
external-and-mods/gamescope/src/reshade/source/runtime_gui.cpp,gamescope,193513,0219eb8de7bceda06fdad8c9d0863744402e7ba5fc75e25762e8c6f6a5e33e1e
external-and-mods/gamescope/src/reshade/source/runtime_gui_vr.cpp,gamescope,12059,edc3ab3b2199d2326d05e53bbc1a4a8cb7426587cb5362d3f32f07a0900b0667
external-and-mods/gamescope/src/reshade/source/runtime_internal.hpp,gamescope,8716,02415ea6211eb75bcf0ec40e406ac2f8c3d1b2b41a5635b2ed0108fd2e09c349
external-and-mods/gamescope/src/reshade/source/runtime_manager.cpp,gamescope,2530,657a61d205541a6ab502d68faec0574e9ba437a8f323cc2884b5b0dac1f64796
external-and-mods/gamescope/src/reshade/source/runtime_manager.hpp,gamescope,527,eb1c05be5bb94317e3a1ae7f111f8c45ff092f5fd2e004a35dbc4f02bb57279a
external-and-mods/gamescope/src/reshade/source/runtime_update_check.cpp,gamescope,2245,e933ff6a24f9ee437096ddb7f2b98e7f349f9805b3b98447ac700708970a6629
external-and-mods/gamescope/src/reshade/source/state_block.cpp,gamescope,3178,45b4ab00376231dc93a08695a634c365461eba3b11a56c0ccff8198be7d9b137
external-and-mods/gamescope/src/reshade/source/state_block.hpp,gamescope,498,18f98a8576848b30eeec93e4748697032d85256148f8cdaa89ce13af67fdad3e
external-and-mods/gamescope/src/reshade/source/vulkan/vulkan_hooks.cpp,gamescope,9285,6b5bc07ca91e9c47e2bcc67e48fa7aec98e8e710ed462bb2e187798d4f23d100
external-and-mods/gamescope/src/reshade/source/vulkan/vulkan_hooks.hpp,gamescope,1487,0c1985ed2dea0e75aa13eb422726b19dd29660364e082e15e3c5465a09813b70
external-and-mods/gamescope/src/reshade/source/vulkan/vulkan_hooks_cmd.cpp,gamescope,95485,55a1cb78a16b3cfcdd6a4baf939c1445e44c931307af36ceddd691e5bda21024
external-and-mods/gamescope/src/reshade/source/vulkan/vulkan_hooks_device.cpp,gamescope,127004,10643f11af57dc779bd6a00498359e9340d21a96c70b9a82ccf9a10ac4be5984
external-and-mods/gamescope/src/reshade/source/vulkan/vulkan_hooks_instance.cpp,gamescope,10052,b7fc7821310bdfc4a43d1ba597f941f7c749720877e74731259e484094c4b665
external-and-mods/gamescope/src/reshade/source/vulkan/vulkan_impl_command_list.cpp,gamescope,61603,d9f0b0e2d0585a29d5d1a12aa6382c1e4499cda6cc9dfa84e9012c8193581f06
external-and-mods/gamescope/src/reshade/source/vulkan/vulkan_impl_command_list.hpp,gamescope,6641,0d5609ff149fad59fa167362ce919d2aa32a7d8d7b6589a75c9879d7b233fae6
external-and-mods/gamescope/src/reshade/source/vulkan/vulkan_impl_command_list_immediate.cpp,gamescope,6549,0fbbab349a29ded1a443e62590c314d9d884adb49c583c97534089eff01ef967
external-and-mods/gamescope/src/reshade/source/vulkan/vulkan_impl_command_list_immediate.hpp,gamescope,849,6883c6f8dd0091033294ac856540ac4b7547d1395715aecf98932659219a4559
external-and-mods/gamescope/src/reshade/source/vulkan/vulkan_impl_command_queue.cpp,gamescope,5654,83bd8a04b0324567313d01095df36cbb1d8bef2bbfb1b10816634b07619583cf
external-and-mods/gamescope/src/reshade/source/vulkan/vulkan_impl_command_queue.hpp,gamescope,1588,9a610053d36d3f896b48e21b71e0455a98fe8c486c2087af289b517216eac4a6
external-and-mods/gamescope/src/reshade/source/vulkan/vulkan_impl_device.cpp,gamescope,98333,7c95518da1a77fa17ea38dd4e9101f5e5ff14526a065dba26f6c104063fc9cae
external-and-mods/gamescope/src/reshade/source/vulkan/vulkan_impl_device.hpp,gamescope,8414,1146266c259402e461783171a02415b0993202270ba25c9bad8b6beb84ce59a2
external-and-mods/gamescope/src/reshade/source/vulkan/vulkan_impl_swapchain.cpp,gamescope,2246,ae5f040845d23ba97506af609ca1796e6b7ddb8b7c2074859b13346e0a02df0f
external-and-mods/gamescope/src/reshade/source/vulkan/vulkan_impl_swapchain.hpp,gamescope,1374,f3fe1944f3fa867531e29ea6bf1911bacfdf5081e6dff8e8790f5e7f38bf025f
external-and-mods/gamescope/src/reshade/source/vulkan/vulkan_impl_type_convert.cpp,gamescope,97881,bc2020a2ad54be0066fa5edb644b33c97612daa23e92b76d261cc33db5e93a0a
external-and-mods/gamescope/src/reshade/source/vulkan/vulkan_impl_type_convert.hpp,gamescope,11454,78edf74fec373d2e0cf6a0aea63d4b301dc0c1505d01165b4dbc14428dd48862
external-and-mods/gamescope/src/reshade/source/windows/dinput.cpp,gamescope,13117,893ab83d921d6877d3d07982914b5dff025805e4afcaa195061b3364928593ff
external-and-mods/gamescope/src/reshade/source/windows/dinput8.cpp,gamescope,914,d01c2cab2f7e0597abb677aa5b90ad33b19dc12be95c7e9e50bbfcabc9beecb5
external-and-mods/gamescope/src/reshade/source/windows/user32.cpp,gamescope,4012,ee84ae5a2be432bfda1136ea8d0ebbcb8eb71fc58718709ec0f52f120d5c0e84
external-and-mods/gamescope/src/reshade/source/windows/ws2_32.cpp,gamescope,5942,52f819a452db17ebde6ab54e009fe85fbb21d12709af52e2bb1f4076b1dcd1ea
external-and-mods/gamescope/src/reshade/tools/7za.exe,gamescope,1144320,8bc2a3d6c37c4db9bd487ad35039ae0dc8a1ddf2c3b1f0b76b3e678febb9f223
external-and-mods/gamescope/src/reshade/tools/create_language_template.ps1,gamescope,2179,690ce89b227e644cb780121bec1deadd899ea3582daf102f9e079f467e266df9
external-and-mods/gamescope/src/reshade/tools/fxc.cpp,gamescope,5743,4e3576fd85fc4cedd5f7aa2a24edc7439c838de68115cabee02f933fe31fd6b8
external-and-mods/gamescope/src/reshade/tools/injector.cpp,gamescope,7210,8fb0fa92649773630dd63d4ee6a633b8cc9ad038b6d173a42d7ac69478468b2f
external-and-mods/gamescope/src/reshade/tools/update_imgui_function_table.ps1,gamescope,9982,e0a17feb930bca0f62bda65e7fe333b067ffc0dd95f62d663249186ace8f8275
external-and-mods/gamescope/src/reshade/tools/update_version.ps1,gamescope,1370,3d5b10ed4c4eb23b834b100c7b37852563ade8e74946fb157d84c7239638122b
external-and-mods/gamescope/src/reshade_effect_manager.cpp,gamescope,79820,e400de9453985cc9dc638481861a83b92107d061fad44e640875d1ae160a203d
external-and-mods/gamescope/src/reshade_effect_manager.hpp,gamescope,3013,6bf372d5692e41c5b21733bb68e997a6211f79f7bb874854c7beaf54663908ff
external-and-mods/gamescope/src/sdlscancodetable.hpp,gamescope,12848,06762dfded2ccef30be587c07ec8d44e7140c768027afcddca9d66a5ff5f7375
external-and-mods/gamescope/src/shaders/NVIDIAImageScaling/NIS/NIS_Config.h,gamescope,27335,f33c5dd82bb63f3c1cc7cefd86690053de0bd3fe0e730463a5e63e90e7778754
external-and-mods/gamescope/src/shaders/NVIDIAImageScaling/NIS/NIS_Main.glsl,gamescope,3168,4fcd5d351ada2974110718e6b6adf294cdaf30356da4035761f3b8af56fba69a
external-and-mods/gamescope/src/shaders/NVIDIAImageScaling/NIS/NIS_Main.hlsl,gamescope,3333,46402103801007b402aeeb8481d60b1bda37799bf68b543b32daea65f255f301
external-and-mods/gamescope/src/shaders/NVIDIAImageScaling/NIS/NIS_Scaler.h,gamescope,37643,2d3bd5b45d6a0c4169fe36dfe349e7ff5a099dff6fb6876f8a3286489f74d3bf
external-and-mods/gamescope/src/shaders/NVIDIAImageScaling/README.md,gamescope,16421,d227c22868350b9aa481def8b5594977bf0891c0d092c0e9ce37afc611d6c32f
external-and-mods/gamescope/src/shaders/NVIDIAImageScaling/licence.txt,gamescope,1178,62207f1c0fae72800ea7d28ee108e7dbeb852dde20b00c70fc7b0d235e19e46d
external-and-mods/gamescope/src/shaders/alphamode.h,gamescope,1438,e970117b480af9429cd70d046b723df10bf2db08f57152cffcee8d55f6718439
external-and-mods/gamescope/src/shaders/blit_push_data.h,gamescope,449,47007e9dca29091acd340c8042bc5ef7b7ef00db04585417cc080d202eda4206
external-and-mods/gamescope/src/shaders/blur.h,gamescope,15386,ebab2bce8b3ceb2f48eb11580c9cfa3fd6476316fe2e7b726b4f187eb3d1d9ae
external-and-mods/gamescope/src/shaders/colorimetry.h,gamescope,17856,9bdbf601de2e6882ea6655dc6bd0443ddc8c3b74e64d23c9e1ee4d51f52d5988
external-and-mods/gamescope/src/shaders/composite.h,gamescope,7757,cdc6ec22dcc10d58ed98a06bbdefa3e7bde4e29c207c7acf74abdb0b9737a9f2
external-and-mods/gamescope/src/shaders/cs_composite_blit.comp,gamescope,1472,083e126db5a1a7e6a2b7d95ddef6ce0507c137a1a02e82cc2e94be3742e7567a
external-and-mods/gamescope/src/shaders/cs_composite_blur.comp,gamescope,1507,602828efbe5b23a607f51babbabe1cfd224d1ec2e3407d116e10e329ca7058e6
external-and-mods/gamescope/src/shaders/cs_composite_blur_cond.comp,gamescope,2175,2db1d2babf53d9d7706cd4b2186a2ff7dfd078234aad99d15d2a4cfd4443226d
external-and-mods/gamescope/src/shaders/cs_composite_rcas.comp,gamescope,3230,a55e63477bee17aecacabcc1fbb784f6064a56d55bf792c214728a34f9eb8d26
external-and-mods/gamescope/src/shaders/cs_easu.comp,gamescope,1100,1eb088f9a88eec4b5810b0831b2b221deb7653de63141e4aac57e9ff32cf893e
external-and-mods/gamescope/src/shaders/cs_easu_fp16.comp,gamescope,1218,ec1042b6b1f7bff29a3fe8da005ce5b2013fd0aad1dcb426dabd65fd07169086
external-and-mods/gamescope/src/shaders/cs_gaussian_blur_horizontal.comp,gamescope,1781,9229f80fa401f3fa5e95bb3317b51187a7e8d3026a6607e51b9966c751642a9c
external-and-mods/gamescope/src/shaders/cs_nis.comp,gamescope,1549,0148507deff399a019c145689ffbfe4f4ad42da9da2e541c6c53f3f374b69898
external-and-mods/gamescope/src/shaders/cs_nis_fp16.comp,gamescope,1651,7e5fb5f4b1c8564ac3b345eeb5d2f87e0c2c2ae7399441bff5e30fd49c3d4312
external-and-mods/gamescope/src/shaders/cs_rgb_to_nv12.comp,gamescope,2447,3339dd0acc330b905b14d8c0bfa6a4c9871051f08a806b5df8ef676b3aede4ae
external-and-mods/gamescope/src/shaders/descriptor_set.h,gamescope,2799,2c2f6453111c5bb158dded58c9d880ecdef7e6c04a3ecb73e89e084bef4e8028
external-and-mods/gamescope/src/shaders/descriptor_set_constants.h,gamescope,392,87fc08cc7f30c70b3b86ab20de98d41710e67253d722ba3d64127566c7ebb1bb
external-and-mods/gamescope/src/shaders/ffx_a.h,gamescope,181802,b95d8bd7c98ae44e78c1178d707171048e0d7e361efef3d72c385866144e1ecc
external-and-mods/gamescope/src/shaders/ffx_fsr1.h,gamescope,60310,93c3922362ea7fc99cbcc698ca30c98de4f8c246d1fbb0b09e015ddef38ce3a5
external-and-mods/gamescope/src/shaders/heatmap.h,gamescope,8373,cbc8b64268d199e14aa12fb9f2ba380b8c6eadea42c42351b862279b2d35f2b2
external-and-mods/gamescope/src/shaders/shaderfilter.h,gamescope,248,8e9695c478e9edac75a240abafe7528662995661ac4d4de030f47d50db8e6b94
external-and-mods/gamescope/src/steamcompmgr.cpp,gamescope,294826,f5a9ae8eba489bdde600481ce6c14b19bf4a537f2e9172e6c85063efdeb3af2d
external-and-mods/gamescope/src/steamcompmgr.hpp,gamescope,4622,7647d42082a7833e91fdfa39ff8673bb58f8443552ebac833a2004eb32b1968c
external-and-mods/gamescope/src/steamcompmgr_shared.hpp,gamescope,7032,4d3ca5ad045d4090d1b73ced6da6e41734759fbba45cdceaa76abc8b2b4c1e2c
external-and-mods/gamescope/src/vblankmanager.cpp,gamescope,11197,9601a8487e18448a113562bb57f3f9af460854e701cc6f916d5716b4e5d9d7f3
external-and-mods/gamescope/src/vblankmanager.hpp,gamescope,5450,3a59541e1dc9151be93b1c66bcc83f1505704ca729f2bee6257ef333fd1a6b49
external-and-mods/gamescope/src/vulkan_include.h,gamescope,71,9fede199c84994a55d8b73f8126c7e40b403891d82ed7295aeb0a1d19c4c2ce1
external-and-mods/gamescope/src/waitable.h,gamescope,12358,e3f2843d31985d7501f004b59edab2d7f9148ec18e50a94ab0886af2086ef0f7
external-and-mods/gamescope/src/win32_styles.h,gamescope,3650,0815ce9a38742fcc7dc809def4dab778b8b85d018197f0ae39fac136e7c81fe9
external-and-mods/gamescope/src/wlr_begin.hpp,gamescope,135,68a9c88e86a42e80d21a88735d8bc0db0449851d1e2ebddb6a166aa8b0a297a5
external-and-mods/gamescope/src/wlr_end.hpp,gamescope,60,5e38120cb8d31b450e97b0d387682d724ba7b93a55d5a7554454586035c6cbcd
external-and-mods/gamescope/src/wlserver.cpp,gamescope,101788,be2876ea6bc1a911f8275544e24923f3195cfaedf3061dc29f9320f9a927125f
external-and-mods/gamescope/src/wlserver.hpp,gamescope,9488,d859811ba1497205c4913836661c98aa65091dbce072a23ea11747637e68238d
external-and-mods/gamescope/src/x11cursor.cpp,gamescope,1377,bdeabcf3c36a81c88ce0c87a26c2a764384341d6c5a8b3c77f289ddf5a569c2a
external-and-mods/gamescope/src/xwayland_ctx.hpp,gamescope,6967,1a66ca3ef5b37e8652938487c83387096bc5f44761740d6a11347daef46bbde0
external-and-mods/gamescope/thirdparty/SPIRV-Headers/.gitattributes,gamescope,72,0bfa620beefedeab026b247a8282e483c225b491f5d7c5bbee741fbbb9e62b81
external-and-mods/gamescope/thirdparty/SPIRV-Headers/.github/workflows/presubmit.yml,gamescope,3994,badfe8f65fdf9a1b320aa4c870e916506fd501e42743e9c74891b662fb68fb1f
external-and-mods/gamescope/thirdparty/SPIRV-Headers/.gitignore,gamescope,20,02ef26c1818fbf294636d85c15deb9bf59c82bc4df27c56f79184171234c1bd3
external-and-mods/gamescope/thirdparty/SPIRV-Headers/BUILD.bazel,gamescope,4626,ddd96e23def7533a6c45d0582603959c5d9cc94c3e5bad9bee19c25d1464128c
external-and-mods/gamescope/thirdparty/SPIRV-Headers/BUILD.gn,gamescope,1930,f2885ca1b08c5b34446ad39afcadf2487a9155a7749948f218ece46054d1fb47
external-and-mods/gamescope/thirdparty/SPIRV-Headers/CMakeLists.txt,gamescope,3247,4a74b4ce309057f9cb954200bb504e44a52ef719bedca68ccd811169a77397a1
external-and-mods/gamescope/thirdparty/SPIRV-Headers/CODE_OF_CONDUCT.md,gamescope,280,a25e58cd66a9543e1500db9a5c3c027e874893ad1a264530bf26eb10918b5d80
external-and-mods/gamescope/thirdparty/SPIRV-Headers/LICENSE,gamescope,1309,9b243f6f0bf44e295ff411a0f7b7642d1d0dff7cdc42507e9f7206f439e51b5a
external-and-mods/gamescope/thirdparty/SPIRV-Headers/README.md,gamescope,7735,19a4a100883106908eb0333604a16d8e5164de4954b9c0cc4dcb2f4e55871bba
external-and-mods/gamescope/thirdparty/SPIRV-Headers/SECURITY.md,gamescope,699,be1c5c1e7227173e3c6171ea2541c22a422931a92c13a304b5b8df873b188433
external-and-mods/gamescope/thirdparty/SPIRV-Headers/WORKSPACE,gamescope,0,e3b0c44298fc1c149afbf4c8996fb92427ae41e4649b934ca495991b7852b855
external-and-mods/gamescope/thirdparty/SPIRV-Headers/cmake/SPIRV-Headers.pc.in,gamescope,194,4b4feafea8ed648cd513ca2bf70a28e907324b317b4095092262981ab4e9a3a7
external-and-mods/gamescope/thirdparty/SPIRV-Headers/include/spirv/1.0/GLSL.std.450.h,gamescope,4127,20f32378793c5f416bc0704f44345c2a14c99cba3f411e3beaf1bcea372d58ba
external-and-mods/gamescope/thirdparty/SPIRV-Headers/include/spirv/1.0/OpenCL.std.h,gamescope,4788,1bf64f1224a5368b7ae8182a5f9ebb29ebda56c43ddf1a387220c248a4963e49
external-and-mods/gamescope/thirdparty/SPIRV-Headers/include/spirv/1.0/extinst.glsl.std.450.grammar.json,gamescope,14747,3bcf78c13b71a9ebba51e890c55f41a5e0f47ba283bc7c08fd7e1344ea5f47a6
external-and-mods/gamescope/thirdparty/SPIRV-Headers/include/spirv/1.0/extinst.opencl.std.100.grammar.json,gamescope,29376,b6be3248af8e6150332ec5d9df2e578b364d588c762533831b7550f607a73ff8
external-and-mods/gamescope/thirdparty/SPIRV-Headers/include/spirv/1.0/spirv.core.grammar.json,gamescope,164356,0ee6f4207abffdfb13cd0ef3f3166eb56c58282df970325f87371538b98c2b55
external-and-mods/gamescope/thirdparty/SPIRV-Headers/include/spirv/1.0/spirv.cs,gamescope,30372,7ae09b3799f6d533765d1f321a4f2e2fce46e48ded27308d5bd3adffb1b4ec42
external-and-mods/gamescope/thirdparty/SPIRV-Headers/include/spirv/1.0/spirv.h,gamescope,33460,2d5012f7c72d90550f288d9a8f7d8bf4fab85522d42b9e25240d68bac5bbda7b
external-and-mods/gamescope/thirdparty/SPIRV-Headers/include/spirv/1.0/spirv.hpp,gamescope,30970,6a788efe40b59ae770bed56072b9c65cb2d998a0ccc706e849082835ecf7ab26
external-and-mods/gamescope/thirdparty/SPIRV-Headers/include/spirv/1.0/spirv.hpp11,gamescope,25436,a7d79fd03dd5a8e7a2b543415e804d0f47fa0c68d13bc3b2163caadcf7a5c938
external-and-mods/gamescope/thirdparty/SPIRV-Headers/include/spirv/1.0/spirv.json,gamescope,39137,0d65e97a7ddb2e987fef1e58bf0ff32de2c9475c1e9aa7557c88dd7b37906206
external-and-mods/gamescope/thirdparty/SPIRV-Headers/include/spirv/1.0/spirv.lua,gamescope,25964,02828ad5fba2cb80313cbc888ab8e5a97bb46071b078073c5e5c48ae8ec6d6a0
external-and-mods/gamescope/thirdparty/SPIRV-Headers/include/spirv/1.0/spirv.py,gamescope,27578,f26b9f9ed7df9c95004953662547c26b63ccda8a04e4260a883a6c891e4e1be5
external-and-mods/gamescope/thirdparty/SPIRV-Headers/include/spirv/1.1/GLSL.std.450.h,gamescope,4127,20f32378793c5f416bc0704f44345c2a14c99cba3f411e3beaf1bcea372d58ba
external-and-mods/gamescope/thirdparty/SPIRV-Headers/include/spirv/1.1/OpenCL.std.h,gamescope,4788,1bf64f1224a5368b7ae8182a5f9ebb29ebda56c43ddf1a387220c248a4963e49
external-and-mods/gamescope/thirdparty/SPIRV-Headers/include/spirv/1.1/extinst.glsl.std.450.grammar.json,gamescope,14747,3bcf78c13b71a9ebba51e890c55f41a5e0f47ba283bc7c08fd7e1344ea5f47a6
external-and-mods/gamescope/thirdparty/SPIRV-Headers/include/spirv/1.1/extinst.opencl.std.100.grammar.json,gamescope,29376,b6be3248af8e6150332ec5d9df2e578b364d588c762533831b7550f607a73ff8
external-and-mods/gamescope/thirdparty/SPIRV-Headers/include/spirv/1.1/spirv.core.grammar.json,gamescope,169138,1c1fdaf1c7f5a5e43368e9058158f9dfa8818fa2af9690969479eafdd3a312e8
external-and-mods/gamescope/thirdparty/SPIRV-Headers/include/spirv/1.1/spirv.cs,gamescope,31200,35b7d6589f7af7ddfc7cb767087ed91bc995e9cbdcd10720c87ff017908ade9e
external-and-mods/gamescope/thirdparty/SPIRV-Headers/include/spirv/1.1/spirv.h,gamescope,34331,bff97d2f7597ed7e7e179cd989e92746e3baba2244b4845cf81fc3a1e0199475
external-and-mods/gamescope/thirdparty/SPIRV-Headers/include/spirv/1.1/spirv.hpp,gamescope,31775,ad8ba5758ef28fc5cecbc2a7b794f3ee6f3aa06f4b5c05c6bd07e65ae0c14395
external-and-mods/gamescope/thirdparty/SPIRV-Headers/include/spirv/1.1/spirv.hpp11,gamescope,26087,56600c2401e908e17828fcba3a5a6605116e7050892d171978318a7d5097d22f
external-and-mods/gamescope/thirdparty/SPIRV-Headers/include/spirv/1.1/spirv.json,gamescope,40057,ca2fcda12f1f74521a0be893fbf21c286ed492f0052f48fb5b9f656dcd3c2550
external-and-mods/gamescope/thirdparty/SPIRV-Headers/include/spirv/1.1/spirv.lua,gamescope,26704,7c3799f2b35d7ef50f601f921373bf41774d4ba5d6d5b6f07e77e876d4970150
external-and-mods/gamescope/thirdparty/SPIRV-Headers/include/spirv/1.1/spirv.py,gamescope,28362,80b42128a214bb2639f3f459a2550347dec71eedd96028f48d5c529fb1d063aa
external-and-mods/gamescope/thirdparty/SPIRV-Headers/include/spirv/1.2/GLSL.std.450.h,gamescope,4127,20f32378793c5f416bc0704f44345c2a14c99cba3f411e3beaf1bcea372d58ba
external-and-mods/gamescope/thirdparty/SPIRV-Headers/include/spirv/1.2/OpenCL.std.h,gamescope,4788,1bf64f1224a5368b7ae8182a5f9ebb29ebda56c43ddf1a387220c248a4963e49
external-and-mods/gamescope/thirdparty/SPIRV-Headers/include/spirv/1.2/extinst.glsl.std.450.grammar.json,gamescope,14747,3bcf78c13b71a9ebba51e890c55f41a5e0f47ba283bc7c08fd7e1344ea5f47a6
external-and-mods/gamescope/thirdparty/SPIRV-Headers/include/spirv/1.2/extinst.opencl.std.100.grammar.json,gamescope,29376,b6be3248af8e6150332ec5d9df2e578b364d588c762533831b7550f607a73ff8
external-and-mods/gamescope/thirdparty/SPIRV-Headers/include/spirv/1.2/spirv.core.grammar.json,gamescope,170540,3e04cd2830b382dbbc58bed98bec73d0a90937208fc3219a9a57b3a1149c1d52
external-and-mods/gamescope/thirdparty/SPIRV-Headers/include/spirv/1.2/spirv.cs,gamescope,31407,2a8650a17c7684cf7c7331555c58d6a66a2600fd9b0b8eda8ab0c24b7ca1f422
external-and-mods/gamescope/thirdparty/SPIRV-Headers/include/spirv/1.2/spirv.h,gamescope,34567,6ded440f20b37749d24b5381580e8fc2399131b7eaeafdab620c131c70f751f5
external-and-mods/gamescope/thirdparty/SPIRV-Headers/include/spirv/1.2/spirv.hpp,gamescope,31993,112cbd9795fbc1a200f6945192c37bbad44d87b26a7f3d03e5eb1e8a47431168
external-and-mods/gamescope/thirdparty/SPIRV-Headers/include/spirv/1.2/spirv.hpp11,gamescope,26246,c57d150216560dd5d960efedda1ee410b15d6730574e2156651de6a93a8bea6b
external-and-mods/gamescope/thirdparty/SPIRV-Headers/include/spirv/1.2/spirv.json,gamescope,40318,c305c77c0a57f1abeaae3cd016e2abfb00399931de13453716bb8a65c1524e37
external-and-mods/gamescope/thirdparty/SPIRV-Headers/include/spirv/1.2/spirv.lua,gamescope,26887,51f16765ddd90f66f7a08dc29e4fb0d182634b76a1dc2216915d3794d8e3e155
external-and-mods/gamescope/thirdparty/SPIRV-Headers/include/spirv/1.2/spirv.py,gamescope,28557,bd950f3969acb714f97d39a7139e5143ad476bd4337fae9a3aac835f387d9aa6
external-and-mods/gamescope/thirdparty/SPIRV-Headers/include/spirv/spir-v.xml,gamescope,21229,6f6b4794eaa44f0414d639910eb654baf9d13f1f1772d718ec7994fe320d0bd3
external-and-mods/gamescope/thirdparty/SPIRV-Headers/include/spirv/unified1/AMD_gcn_shader.h,gamescope,1875,922aa9408ddcd848649de14ae3e02a32b6adefab729ce5af221952bd1ef5e2f6
external-and-mods/gamescope/thirdparty/SPIRV-Headers/include/spirv/unified1/AMD_shader_ballot.h,gamescope,1967,9c95c540630897af919a467c09440cb04fcd01496e8549c135b562b1a2489d3e
external-and-mods/gamescope/thirdparty/SPIRV-Headers/include/spirv/unified1/AMD_shader_explicit_vertex_parameter.h,gamescope,1986,b9039befe325b98e731f9c8b98b0f210bce0f3471b3372b0df82883173b77a26
external-and-mods/gamescope/thirdparty/SPIRV-Headers/include/spirv/unified1/AMD_shader_trinary_minmax.h,gamescope,2228,f8162f36f169ee8acf79517434bba88937e1f6d82131d7ea739be127836fe82c
external-and-mods/gamescope/thirdparty/SPIRV-Headers/include/spirv/unified1/DebugInfo.h,gamescope,4709,89e697068df8d162384e4160af282ae2b730a4842f98119170edd900a2f22588
external-and-mods/gamescope/thirdparty/SPIRV-Headers/include/spirv/unified1/GLSL.std.450.h,gamescope,4127,20f32378793c5f416bc0704f44345c2a14c99cba3f411e3beaf1bcea372d58ba
external-and-mods/gamescope/thirdparty/SPIRV-Headers/include/spirv/unified1/NonSemanticClspvReflection.h,gamescope,4529,adae4943134e4c22932a256c11f7665a1531aa1885cad469bd20e1d76c3f5527
external-and-mods/gamescope/thirdparty/SPIRV-Headers/include/spirv/unified1/NonSemanticDebugBreak.h,gamescope,1854,bdcf2b0bfd97c26c72398b39b160cc5f8e29b46ae268a936b1ff44c98a3a39a3
external-and-mods/gamescope/thirdparty/SPIRV-Headers/include/spirv/unified1/NonSemanticDebugPrintf.h,gamescope,1863,d7562ed52341d4619ca2f384ca7190d6faef7cc18897d96cd3e3ef95c5448aa1
external-and-mods/gamescope/thirdparty/SPIRV-Headers/include/spirv/unified1/NonSemanticShaderDebugInfo100.h,gamescope,7913,59c2fe95a2aff71f03ea0f1a71ca83dcff306248cef2ee99a192da633989b821
external-and-mods/gamescope/thirdparty/SPIRV-Headers/include/spirv/unified1/OpenCL.std.h,gamescope,9883,c624790ac247e9a81f8681a4fb75cfb888cea20777874e0292ddf09d1c42da00
external-and-mods/gamescope/thirdparty/SPIRV-Headers/include/spirv/unified1/OpenCLDebugInfo100.h,gamescope,6097,0d841058ba4877f7e7793f77a71808dc0c3b662361400d2cef8b63998cfaf35d
external-and-mods/gamescope/thirdparty/SPIRV-Headers/include/spirv/unified1/extinst.debuginfo.grammar.json,gamescope,17321,2b21bd98f4cf07fadc3e37ab44b9d081b3c1cfe7277e9e85b3cdcabd69338461
external-and-mods/gamescope/thirdparty/SPIRV-Headers/include/spirv/unified1/extinst.glsl.std.450.grammar.json,gamescope,14747,3bcf78c13b71a9ebba51e890c55f41a5e0f47ba283bc7c08fd7e1344ea5f47a6
external-and-mods/gamescope/thirdparty/SPIRV-Headers/include/spirv/unified1/extinst.nonsemantic.clspvreflection.grammar.json,gamescope,12769,64ae93087f2cd25fec723e591e3ffbd201c8b928f07538e495d60fc1e00874cb
external-and-mods/gamescope/thirdparty/SPIRV-Headers/include/spirv/unified1/extinst.nonsemantic.debugbreak.grammar.json,gamescope,109,1d30fb3a054592f8d749dff42ad4aa4f695bd5f0d4a9cadc70694a1d0cafe23b
external-and-mods/gamescope/thirdparty/SPIRV-Headers/include/spirv/unified1/extinst.nonsemantic.debugprintf.grammar.json,gamescope,254,cee40052315c2eb05472f8eaf6b89a2103924f60960de38b91176daa676a0b06
external-and-mods/gamescope/thirdparty/SPIRV-Headers/include/spirv/unified1/extinst.nonsemantic.shader.debuginfo.100.grammar.json,gamescope,20683,8be1971b1146be103b2f84a1b07837e9c6d7c05411360cfe80fb7bb55c2477e9
external-and-mods/gamescope/thirdparty/SPIRV-Headers/include/spirv/unified1/extinst.opencl.debuginfo.100.grammar.json,gamescope,19772,2442c2382cfff86d9a2c299cbe3a5b5e80975f012bb635495c707eac252c0965
external-and-mods/gamescope/thirdparty/SPIRV-Headers/include/spirv/unified1/extinst.opencl.std.100.grammar.json,gamescope,29376,b6be3248af8e6150332ec5d9df2e578b364d588c762533831b7550f607a73ff8
external-and-mods/gamescope/thirdparty/SPIRV-Headers/include/spirv/unified1/extinst.spv-amd-gcn-shader.grammar.json,gamescope,535,7b972dba987f7c1fbe45576b6c8519e44ceca376e72149cce6ced715036ea931
external-and-mods/gamescope/thirdparty/SPIRV-Headers/include/spirv/unified1/extinst.spv-amd-shader-ballot.grammar.json,gamescope,1065,e157110872680641caf4f0c85a87c4fd6f938cf44ee2e86aed08e1ad05e10239
external-and-mods/gamescope/thirdparty/SPIRV-Headers/include/spirv/unified1/extinst.spv-amd-shader-explicit-vertex-parameter.grammar.json,gamescope,329,bc1a31468a8bc0f0181f1f9df5670c681a73508e6f5b20c15542afda84e1e9fa
external-and-mods/gamescope/thirdparty/SPIRV-Headers/include/spirv/unified1/extinst.spv-amd-shader-trinary-minmax.grammar.json,gamescope,2620,c00616ee0b00eeec3710fd32dbc26959fcaee50ae7ce3add4d216755c1d48efa
external-and-mods/gamescope/thirdparty/SPIRV-Headers/include/spirv/unified1/spirv.bf,gamescope,78036,bbba3c45a6674d590acfd552a41d00a307f44809895196aac51ed4f15d4cca61
external-and-mods/gamescope/thirdparty/SPIRV-Headers/include/spirv/unified1/spirv.core.grammar.json,gamescope,510931,0c51290cca7133715195ec0a7c38ded8d9d61e2e410a8650eadc9a76596b0400
external-and-mods/gamescope/thirdparty/SPIRV-Headers/include/spirv/unified1/spirv.cs,gamescope,76583,75c22a4db9f4b008f83528528c003f16ce9cca9a7a7727f237cc4778e4e54081
external-and-mods/gamescope/thirdparty/SPIRV-Headers/include/spirv/unified1/spirv.h,gamescope,145337,9cdb6db1619a871d5c028a485a727f2b22da2e40487ac482a079e3f25b09e776
external-and-mods/gamescope/thirdparty/SPIRV-Headers/include/spirv/unified1/spirv.hpp,gamescope,141761,f8b0a279e91dd885f75b3ca5d99b673544e8590dec4f4115389eee5a9b72c477
external-and-mods/gamescope/thirdparty/SPIRV-Headers/include/spirv/unified1/spirv.hpp11,gamescope,131579,ec3af7551cf967dd1c9646dca8772765b776aaeb4e7d45ac59bbbf74dab7810e
external-and-mods/gamescope/thirdparty/SPIRV-Headers/include/spirv/unified1/spirv.json,gamescope,92426,8420591a027c9a79e6e73e64d0b65a3c147ae3a211a57bab32882ffb41df5bf6
external-and-mods/gamescope/thirdparty/SPIRV-Headers/include/spirv/unified1/spirv.lua,gamescope,67822,3ff0a950ceac983a65c6380c0079910ca14a681e43ceda73da56b4a7387bd722
external-and-mods/gamescope/thirdparty/SPIRV-Headers/include/spirv/unified1/spirv.py,gamescope,71487,986f7a959887d2a668557d7905becff910c1810c6e5df8d1c77bfb638efc562d
external-and-mods/gamescope/thirdparty/SPIRV-Headers/include/spirv/unified1/spv.d,gamescope,60759,508efbf526cd368538125d4aa8de70f81c0201db8162bd67fa26909150e0c222
external-and-mods/gamescope/thirdparty/SPIRV-Headers/tests/CMakeLists.txt,gamescope,1925,29882382b3a76ec00e2013fa4e9798810a0379ae79c6cdda8d122ca025329b17
external-and-mods/gamescope/thirdparty/SPIRV-Headers/tests/example.cpp,gamescope,1675,0cae2c3f16ee284115befecbae0a925fc5fb83d826ecadc49f8c6725b693cd2d
external-and-mods/gamescope/thirdparty/SPIRV-Headers/tests/find_package/CMakeLists.txt,gamescope,608,7057839164f238cb360c55c8308835e3618c8b18a5f7252c231cf8aeb0736df0
external-and-mods/gamescope/thirdparty/SPIRV-Headers/tests/pkg_config/CMakeLists.txt,gamescope,582,4fd5cd62855344c86a85cc63aa3b2efcff5cbb5d5559904a1dce344d5c7508dd
external-and-mods/gamescope/thirdparty/SPIRV-Headers/tools/buildHeaders/CMakeLists.txt,gamescope,553,dd49601ca13c80f2ae20da8582df1c8c6f6b0c9019fe2974527d3832297fe828
external-and-mods/gamescope/thirdparty/SPIRV-Headers/tools/buildHeaders/bin/generate_language_headers.py,gamescope,8793,a8e8b322f9de7c5203c879ea10f29a496fc905a5dcd63c62fb9f4930dfd3080e
external-and-mods/gamescope/thirdparty/SPIRV-Headers/tools/buildHeaders/bin/makeExtinstHeaders.py,gamescope,1426,daba4884757fc7ba52b9d12a2bcf982ced1d5d906e75381413a9f099a6d986a9
external-and-mods/gamescope/thirdparty/SPIRV-Headers/tools/buildHeaders/bin/makeHeaders,gamescope,209,f3ee5da75f6a5c7cebcc85598ceacc454344e2d744fcf59f264c4db1fb868c81
external-and-mods/gamescope/thirdparty/SPIRV-Headers/tools/buildHeaders/header.cpp,gamescope,37075,b004da0960d35bb4d10188b4c378613ac9662ef812880eecf25b4ef5288045b9
external-and-mods/gamescope/thirdparty/SPIRV-Headers/tools/buildHeaders/header.h,gamescope,2041,4230fc60950a18b78710f769e7e04ea5537d8f72a655d27c7a17b18732682584
external-and-mods/gamescope/thirdparty/SPIRV-Headers/tools/buildHeaders/jsonToSpirv.cpp,gamescope,35614,dfd57a170dd9e9e56bf10803474b94a4dd5147e2f90edc039e05795f10951805
external-and-mods/gamescope/thirdparty/SPIRV-Headers/tools/buildHeaders/jsonToSpirv.h,gamescope,11060,15fd4f804181f7ccc3bba38a5aa09a53e011f008cbfa6531ba337d0938a6531e
external-and-mods/gamescope/thirdparty/SPIRV-Headers/tools/buildHeaders/jsoncpp/dist/json/json-forwards.h,gamescope,8963,4cc0abfdab70d048d8a8e34d9176c5e17be9da833d7d59e7221f7625ed1a889b
external-and-mods/gamescope/thirdparty/SPIRV-Headers/tools/buildHeaders/jsoncpp/dist/json/json.h,gamescope,65874,421fcfe4d5db3436950ce090e44cf32e3c1e88e2b4437423903d3a04f7f00385
external-and-mods/gamescope/thirdparty/SPIRV-Headers/tools/buildHeaders/jsoncpp/dist/jsoncpp.cpp,gamescope,147998,53b7bc4bc70a44e2bf76535f95f048e6d0e8c1d6ac3d4d7f4f6558a8fbe6c86e
external-and-mods/gamescope/thirdparty/SPIRV-Headers/tools/buildHeaders/main.cpp,gamescope,4511,d014849c5c2ebc5e4373820295ecaaf3e954b305e81ca5478cad351b8e7298a9
external-and-mods/gamescope/thirdparty/sol/config.hpp,gamescope,2081,a3b30e086c3a949b4a5e6b80a8ee73249ff87eddb9cca65aa28e60f193b72f22
external-and-mods/gamescope/thirdparty/sol/forward.hpp,gamescope,37308,6b817998b0f7218c4895e439dce5b7304dcfd9f8a77cc4b61d4010ab0b2d463c
external-and-mods/gamescope/thirdparty/sol/sol.hpp,gamescope,982512,30e38d2749a066bd9d055830c5373128c7d59bfac235315ce5e03072394711d2
external-and-mods/kernel/.gitignore,kernel,317,9d5435316d36eb4ee22faf806516c2aa30ce2141d2cb3745f429a8e48eb57a88
external-and-mods/kernel/CREDITS.md,kernel,6835,e499f4634820f2176b138cda6da8d8bc788d08ccccd5bec26587f210c33a5de3
external-and-mods/kernel/LICENSE,kernel,1216,e227194e9be78dd3b228e9b1460636624e20e15c21a84ad66922dd84e539f16c
external-and-mods/kernel/README.md,kernel,5547,fd959dd14e92c42c5485ec48e93218ade6735d8a25e769bd0fa572d6f1ced695
external-and-mods/kernel/apt-install.sh,kernel,1178,50a7abe3f779144d3cd1815768152ab1ec9b8de13c350781617c4603bed208b7
external-and-mods/kernel/config/armbian-manifests/sm8550-6.18.txt,kernel,477,236f2156e7274c9b11055b98f12387e4b5a8d6c42554b050dad26ed4ec71e57a
external-and-mods/kernel/config/armbian-manifests/sm8550-7.0.txt,kernel,2391,2f125d8d30dc990d4e493ee17169c4847070f323bf6d2a804d7ccc0858268b28
external-and-mods/kernel/config/armbian-manifests/sm8550-7.2.txt,kernel,2463,299f3912af883aa47c5864b6d3a7e225ab6add6affd1661c9f3995fac8e6f577
external-and-mods/kernel/config/audio/modprobe.d/masi-qcom-audio.conf,kernel,188,5da9e646ba0d71cd14d651b343c3ae4efefaf75e73a0fec8561390c3e3bd124e
external-and-mods/kernel/config/audio/modules-load.d/masi-qcom-audio.conf,kernel,196,bf0fada121bd60156d5387f192476f8dc5d98cdd2f659faeaac4887811643085
external-and-mods/kernel/config/bootimg.abl.cfg,kernel,310,0ccd2b05789abb085a12c7b5783f126ecd7e65375ccdf4d3a5e26ce1684c4dfe
external-and-mods/kernel/config/defaults.conf,kernel,4713,6674a49e71b8cdeab21d2db5e9e84fe0a7b926698f9a40135bdaf2e4b5708d29
external-and-mods/kernel/config/devices.conf,kernel,593,32f42e4c663f603ff6d412a6b36953d43f4c4de45d98cf5c51ef2911f50de3ee
external-and-mods/kernel/config/gaming/masi-ufs-gaming-keepalive.service,kernel,303,f53932f25846a7adbe8b84c6671d1bf1cb0da8fd9dff920b03a9933aec28c55a
external-and-mods/kernel/config/golden.config,kernel,236821,2ca71d193bda292717afdd6bb4b7003f8e2d6afeade76d4823739f6eea0bddc7
external-and-mods/kernel/config/local.conf.example,kernel,602,bd9c46c277890a52ce032bc1f14aa3b3269b61587d0dc72ad7896cb44e9ee386
external-and-mods/kernel/config/masi-bootlog.service,kernel,326,64b6f941caca4a49d0311ac16f044da37aaf97c4c2b658cd8cb592a065f1c4d7
external-and-mods/kernel/config/masi-qcom-audio.service,kernel,352,34edea1f11f32efd6c92d8722fe3be64af4fe29a32967931a9024eef57837304
external-and-mods/kernel/config/sleep/masi-deep-suspend.conf,kernel,96,0952916cea4e7c339fff1fc50584305940bbbeffdbc43843de1d58b32c2ac8d9
external-and-mods/kernel/config/sleep/masi-logind-suspend.conf,kernel,228,7bc10189e730e989a60285bfdad76dfb65bb328a0ee97d8aec38484e15d6cff9
external-and-mods/kernel/device-tree/vendored/MANIFEST.txt,kernel,659,b4f672563c0df823cfeca58e5491c1abe4377b55c82680a5327884255383fd57
external-and-mods/kernel/device-tree/vendored/slot-00.dtb,kernel,124064,7b77e0254caebd4569b371522124c68c1dd98d5c2ee1d441cc55691828f8a6e1
external-and-mods/kernel/device-tree/vendored/slot-01.dtb,kernel,143133,defd58f744461e314935353b65055938b627235d2e82861003e06dd879a4e28d
external-and-mods/kernel/device-tree/vendored/slot-02.dtb,kernel,142904,b096f505ebfd16986282b9e29e0e3d2d89196a89ffa98d3c7312df514846b795
external-and-mods/kernel/device-tree/vendored/slot-03.dtb,kernel,141240,81766cfb0670fc684dd00e2f2015f5a2d9d4656db31364ff5e49494cbd65dc4b
external-and-mods/kernel/device-tree/vendored/slot-04.dtb,kernel,145242,10498d0c67ca07c3720a587d0a5c9ef3c6a8116379cc8cfc7880dce2c5e41396
external-and-mods/kernel/device-tree/vendored/slot-05.dtb,kernel,143992,5f24c4f307d2400429cca6b152513bd21fcec8720cfce130d49c61baa4e86382
external-and-mods/kernel/device-tree/vendored/slot-06.dtb,kernel,144034,411d166b47d2c35d14c99b25b97ffdbf3f54c2860637ed7f822ddf847ac9a47e
external-and-mods/kernel/device-tree/vendored/slot-07.dtb,kernel,147421,287751c901b6c52777c736733f626c0b109bd07b79c3a0f66b003edb8e84be92
external-and-mods/kernel/device-tree/vendored/slot-08.dtb,kernel,147794,f498e53cfbbff940012be74f36e492895bb9100bbbf481eed10f9ab2ae471220
external-and-mods/kernel/device-tree/vendored/slot-09.dtb,kernel,133260,c571f19975c83b64a2978c97cd3fee758a15163bacbc177db25ce0d3aef27698
external-and-mods/kernel/device-tree/vendored/slot-10.dtb,kernel,133133,51fd6c18241a0ead06eeaff919f8e13845f3c6ab60f264354bcdd290a4c1622b
external-and-mods/kernel/device-tree/vendored/slot-11.dtb,kernel,134827,b08a6b015a636d6c65ab0d215701c0f8547c196eaa19071fc5296d0b4401c92b
external-and-mods/kernel/device-tree/vendored/slot-12.dtb,kernel,132786,c5a0897f25368aefc0e097b201c4bf218e1e37c817b8c7129a4894c62f489e3f
external-and-mods/kernel/device-tree/vendored/slot-13.dtb,kernel,133464,e816d8c8072366e78c5e454627196cc4d88e47ac687549aec4a8e15795eb2e9d
external-and-mods/kernel/docs/ARRANQUE-SEGURO.md,kernel,2591,32e8d3b84c82009a6730c2b2697f48312f9d809853c8942f729f2ce8f665af3e
external-and-mods/kernel/docs/DEBUG-BOOTLOG.md,kernel,2168,7fb56a3bce4f4763b3062dd4a49291c76f5e711545ec13dcafd28f575e224374
external-and-mods/kernel/docs/DEVICE-MATRIX.md,kernel,1780,55ec1b29cc8ec10b360b79daf7807f0c959aca7eccddc46999619aa1d94cd599
external-and-mods/kernel/docs/DTB-ABL.md,kernel,1527,6aae222abaeb76746c86ba3ccb0ab8d6cb3dead82894e5d75fca3db0d4bf9b26
external-and-mods/kernel/docs/GAMING-PERFORMANCE.md,kernel,11809,5d0921ae0ce7ef3f76ef6e14f46a4ff607b90b73e4ea051f3924a9d1ad358f6d
external-and-mods/kernel/docs/GYRO.md,kernel,2768,19c065a2087036674c5a9e68d64c1d7dbf1efda53fe89ddb1e269da09fff58b7
external-and-mods/kernel/docs/INTERNAL-UFS-BOOT.md,kernel,2059,2eca3c435ea48a01b9cf0d412d5acfbece1bd3f225c1ad318e4c5e3911ee275d
external-and-mods/kernel/docs/MULTI-DEVICE-DIST.md,kernel,2385,71fb2de4da20a0a1f55ff1bd3623afee9721934dff45ed1fb017dfefc35d1c5b
external-and-mods/kernel/docs/THOR-TOUCH.md,kernel,2772,46d27316013107db42ac019ec6289e930599e367a3999bc51ad4cd61ef80603b
external-and-mods/kernel/firmware-overrides/README.md,kernel,309,f6597bd0c72240db458306fb5fcb4cb5377dde22e459e55eb5c0f36fd1014ce4
external-and-mods/kernel/firmware-overrides/qcom/a740_sqe.fw,kernel,76724,96fee336424b139100fc60b5b45a907360e4b3936d7e1d00406b9bd80ca48473
external-and-mods/kernel/gui.sh,kernel,394,4a5a6190d344635425930d660ddd595f5a41c818c92120da8f107792b8c01187
external-and-mods/kernel/gui/easy_kernel_updater/__init__.py,kernel,135,fc21d92de30dc622aa345b775bc05cf3bfec1ecab825e72624b4529da331f7dd
external-and-mods/kernel/gui/easy_kernel_updater/__main__.py,kernel,2060,00d0aaa83f200926fa32c5e07cb1a1ee50222bbd03163621d988c1e9f858319c
external-and-mods/kernel/gui/easy_kernel_updater/constants.py,kernel,1814,11dd1918707d3ab159c0bebd27e0ef5833c4fbb60433a7501ce214f5fd21af0f
external-and-mods/kernel/gui/easy_kernel_updater/installer.py,kernel,7277,b2508ecbed9fde7b25cecd563f4d6dd0c55f254443b987979060fbb3423c061f
external-and-mods/kernel/gui/easy_kernel_updater/privileged_install.py,kernel,2400,bcf894aa37343ae1c5106dfe12a8f33a6864a07a48c3286bb585ca95670eff63
external-and-mods/kernel/gui/easy_kernel_updater/ui.py,kernel,13001,e3cd1b446d3d41c5cce5443cb9f7522a148f80bd02319173ebd73996a5d383ea
external-and-mods/kernel/gui/easy_kernel_updater/versions.py,kernel,9310,9d317a38d83e2e1d48aec82920e802b53671263142293ddffd6d85fd6de3a87c
external-and-mods/kernel/gui/packaging/easy-kernel-updater.desktop,kernel,348,46586afb2cfaf192f84baa3ff3dd3c4dac35b64b006ac51e6c3343ebb6329262
external-and-mods/kernel/gui/packaging/easy-kernel-updater.svg,kernel,1313,4d00596cebee4307c6b6f83e7efb8930750ee051e72b1eaa315fc8070a4b118c
external-and-mods/kernel/gui/packaging/org.easy.kernel-updater.policy,kernel,804,3393ea5a40449a81d8250794ba63baa438f6b2d9b6927534719970e1136ea203
external-and-mods/kernel/hooks/masi-bootlog,kernel,767,f44d04b2fb96ba73eb5f74b3fe10419c818b905f0fcc51973c6842e42db67db1
external-and-mods/kernel/hooks/masi-bootlog-bottom,kernel,420,665b9bd52aa62d55c101d0db5200f2bd088594195c9fcb834ea9e6f1a0da3994
external-and-mods/kernel/hooks/masi-bootlog-core,kernel,3736,c4205494bfc8cf09ec3b9bfb6e582c032559ddbccf4ffafa75ee641b865678f4
external-and-mods/kernel/hooks/masi-bootlog-premount,kernel,503,b41ea329b646964eaa373362fcaf341dd5793170704bbb182f3c6b8b8bf6cdcd
external-and-mods/kernel/hooks/masi-dual-root,kernel,233,613e11b7cf11862b8bb32762f4195fdf234bf5c0279fe524fb7a62dad9c1d0ad
external-and-mods/kernel/hooks/masi-dual-root-premount,kernel,1707,ddc3a36639913eb0857893fd18f19915720971f822fdce827735bb20c8898bfd
external-and-mods/kernel/hooks/masi-efi-clean.conf,kernel,101,15035161d37e1aba5cf47708dfddc6653f346ab88ff585d03a021c3271c5dc43
external-and-mods/kernel/hooks/masi-no-early-drm,kernel,515,48703c0df52022b4bde754e90e032763ad4de8f9b0c2c182c7fdd6f8467e1cb7
external-and-mods/kernel/hooks/zz-masi-strip-initrd-bloat,kernel,265,a8cc3686ffcc380a7915c7fbe3db745f4296c269db15650212560c85cf27601a
external-and-mods/kernel/lib/armbian-patch-sync.sh,kernel,4971,7c06456dd3a842bb53d4b442f2a3fd05f9d6b10a73be7594ceb72d02856dc6c6
external-and-mods/kernel/lib/armbian-support.sh,kernel,13253,5964294c758577db0ce50dbb639131e890186465b2975365577cbaa461954871
external-and-mods/kernel/lib/audio-stack.sh,kernel,5984,65985ebcb7b326468d09e626457bdd5c99c5887623863daf94d2f9f3af87374b
external-and-mods/kernel/lib/bootimg.sh,kernel,9034,98ad2a4772338cae225c8619b1d9825eeb33a281c9ba853c6bceb748ae3431b9
external-and-mods/kernel/lib/cmdline.sh,kernel,9140,7cb841d2c45e1ce036167230a140cc776496e867eeacb0ac33c4a783bd43c5c6
external-and-mods/kernel/lib/dtb-chain.sh,kernel,2850,6e4b0972857866fe90ee92816ff9a463ba8cfcc2012af65a8f435d7ca753639f
external-and-mods/kernel/lib/dtb-chain/assemble.sh,kernel,2845,fcfbfdb16d58cc1044d4537ce87eb8d040a72fc5b4023163f79472b66d8ab098
external-and-mods/kernel/lib/dtb-chain/extract.sh,kernel,4537,e0b28698c52465529df1d7980d67a585f99928cf50510cc27e0e138116ab612c
external-and-mods/kernel/lib/dtb-chain/map.sh,kernel,495,3604e925ee720a51b655f307d93b9ab1afb52504a35290b76d250d8c3a4d0399
external-and-mods/kernel/lib/dtb-chain/sanitize.sh,kernel,2187,f2ba3e1bd820062f976d9e3106fb598a1ec8dbf29ee8f03e9add1c8b32992e05
external-and-mods/kernel/lib/dtb-chain/targets.sh,kernel,1917,132b9ab94a73cc25a0b6971083d750dde5a1810ff978ed1bc0605df26a90d60e
external-and-mods/kernel/lib/dtb-chain/verify.sh,kernel,5263,0e0ce5e0680d674a3310f9937628da849690058e03c3a3f0c58d45ac52587ee4
external-and-mods/kernel/lib/dtb-chain/zimage.sh,kernel,1780,1bfc96aed01ba5062bda7c421316e102566c258f0d2a3ffe4753007b6281ab7c
external-and-mods/kernel/lib/firmware-download.sh,kernel,5857,c69aa2a162f342cb9cf979f25ccebe55e0ee2412906fa5860e3f1a1e1bdc1da9
external-and-mods/kernel/lib/firmware.sh,kernel,3486,4879d7929543552cb5879bcc534bb7b7b7291d47564546c3f19d2fc6c18fde79
external-and-mods/kernel/lib/fix-thor-screen.sh,kernel,1324,c309b42110cc46f7f8022dda666a1b680c7adee398d0ae5c6469e33f7298c06e
external-and-mods/kernel/lib/gyro-firmware.sh,kernel,1675,111ce5586052d1dd40cbb6b6e10c1844d102a978c7e5a5dfe03e09771636387a
external-and-mods/kernel/lib/initramfs.sh,kernel,13709,d09ac0c984b5751648d35cea681c3ab930b691d308b993d0f4ab33bf687a34fd
external-and-mods/kernel/lib/install.sh,kernel,12283,2c5fb108b65af8e8eeb7f14be0fac9282ef2ccd2a1897a6f8150860eebac580e
external-and-mods/kernel/lib/kbuild.sh,kernel,6666,6df1585cfd04ab3a0074737a17e78d3f7e6090f9db8727c1f4c48a7ea47e255c
external-and-mods/kernel/lib/kbuild/compile.sh,kernel,4232,9129e532130ee458b7820518285cd408fa0b2eff7d8d07c1f8aef7c156365c7e
external-and-mods/kernel/lib/kbuild/patches-72.sh,kernel,38101,898a83d7204f5adaca1f07e9cc514c5d3f4ebaa54cf456d5ab401a5d08d0d3b5
external-and-mods/kernel/lib/kbuild/patches.sh,kernel,60472,50a6ce01153d166a5f0e5b97f60fe5420e7b081d72c1422a2f806cc5d3003a65
external-and-mods/kernel/lib/kbuild/source.sh,kernel,5227,dc8cab4c73833c16a23488bdaa7e8b644f9eb051da57eae5fb794188b3d59e5f
external-and-mods/kernel/lib/kernel-org.sh,kernel,8355,6b3e422207e4e0842377026169521e1f4aae713fdd8bccfde9aecb654de838da
external-and-mods/kernel/lib/output.sh,kernel,3999,470ef193731981efd25ef931892b630f43841d010d2c459dbf32d85fcafe5c88
external-and-mods/kernel/lib/preflight.sh,kernel,2458,6dfc128d36c2e68643118b9df3f384ee40becd13d5c77c66e805a30d0f4fce16
external-and-mods/kernel/lib/suspend.sh,kernel,2502,b010ab92193cef21720a10993c96f32579f7d31003375b280b3d890a98107c53
external-and-mods/kernel/lib/ufs-bootimg.sh,kernel,3464,1f0f18d2928bddff622ad6483e0254839cb0bf66ff087b19a5ea8bf734556647
external-and-mods/kernel/lib/ufs-gaming.sh,kernel,1100,9d6794fe789c53b77dacfd585620c36ee54df8411e2326661f0f71213451692a
external-and-mods/kernel/lib/ufs-install.sh,kernel,2225,243902d228dc8cba511c2d89111a54188fd3c12efc5d87a183b53b94433f829c
external-and-mods/kernel/lib/ui.sh,kernel,4905,632cb379e6a5c61c1472efd8479bb4fb9f2a91602740762223245a7229181db2
external-and-mods/kernel/lib/verify-build.sh,kernel,3975,df299fda931fb42cd8a33ceb923976893ba32ffb0040cf831c5773486fe258ca
external-and-mods/kernel/make.sh,kernel,217,3b5ba0b004cc15c45dcfab4b6e0eea2c19e68c97f6b940eb43caeb84919e36d5
external-and-mods/kernel/packaging/bin/masi-ufs-gaming-keepalive,kernel,1789,633b22c2e17fe8a4f1e6727898f5af19df485cf035e676e0e0f0ad875eb2124d
external-and-mods/kernel/patches/masi/1000-add-qcom-haptics-driver.patch,kernel,173368,0f93f8dcbc0edd557784c4414241eb3c6c9dcb546bf5acd2dcf62db46a224c50
external-and-mods/kernel/patches/masi/1001-qcom-haptics-trace-7.0.patch,kernel,964,2d4e0304e01f3e9701bc6c4731ee2b2d8d225de4ca80875f27b0435dbcaa806b
external-and-mods/kernel/patches/masi/1002-haptics-driver-support-periodic-sine-and-fixes.patch,kernel,6942,8ec8d28ce846dee416bc21b248bc16443479d4c2741390af280ca5f6727abda0
external-and-mods/kernel/patches/masi/1003-rsinput-add-ff.patch,kernel,4764,a78ac87c8e3f9d6e6dc9dc20a0e859b3090d9ddc76a4dcad1f314cf0dea84064
external-and-mods/kernel/patches/masi/1004-haptics-steam-ff-deadlock-fix.patch,kernel,1610,7409cdde94082dd46b20daea1d73171bb33ba4f6037146fa9dda2032c6d4bdba
external-and-mods/kernel/patches/masi/1005-thor-ch13726a-reset-polarity-fix.patch,kernel,1824,c3c5a53d2dc6d6c62a1e3aa57c5fd860b06e57ba05c26a588aa281e879567f28
external-and-mods/kernel/patches/masi/1006-scsi-ufs-drain-relink-completions-out-of-band-pm.patch,kernel,15264,a2303a0a4117cd70d68a843b6cd87072483f487dfa03e35afb8da794e0837f84
external-and-mods/kernel/patches/masi/1007-scsi-ufs-qcom-balance-irq-on-host-reset-error.patch,kernel,1801,24af80a5eab17def43108f5885b04241f4985a9073e1a92f4b9a46b69d575133
external-and-mods/kernel/patches/masi/1008-scsi-ufs-qcom-propagate-hibern8-exit-failure-clk-scale.patch,kernel,812,4ac1c5481d96ed90081a53cdb9ce8d3076a2580cc4b3e65ff37ee2e492db7054
external-and-mods/kernel/patches/masi/1009-scsi-ufs-qcom-auto-hibern8-clk-gating-collision.patch,kernel,1213,b2409aaa646a65c51a2241bea0ab5821a1daf45e12ac796a5954d54a2c5e14ba
external-and-mods/kernel/patches/masi/1010-scsi-ufs-qcom-keep-mphy-powered-on-hibern8-park.patch,kernel,1875,898bbfeafe6b67aa1713dd2f79cd3e9e2d536fe32afdc6dd2e9de0889b7251f0
external-and-mods/kernel/patches/masi/1011-ufs-qcom-qmp-rx-linecfg-link-startup.patch,kernel,5435,8a1192e19118b09d14bdb9e9b3152c3387eaa23abce1817bb1d44990fa562f3e
external-and-mods/kernel/patches/masi/1012-mailbox-qcom-ipcc-remove-irqf-no-suspend.patch,kernel,915,a4ba6a3a7ba99ee0ccfd49195ac177dd099c5c848d57e9ae5d1df82dc34db384
external-and-mods/kernel/patches/masi/1013-thermal-qcom-tsens-skip-ayn-thor-uplow-wake-irq.patch,kernel,2054,3464f5fba272d0922c5ccc2f37cd9ae2551737038a3b3659e70226d745dcc1e7
external-and-mods/kernel/patches/masi/1014-drm-hdmi-audio-hw-params.patch,kernel,1179,5ae43472216774abfc32eafc7a8bdc6a317dd2221486dd3d5ba4c31fad4e4aba
external-and-mods/kernel/patches/masi/1015-q6apm-dp-graph-start-on-trigger.patch,kernel,2802,1a34451fc1a6c3b1dd97acb3ff376579c996c8dff69a1f750033a290868f3b65
external-and-mods/kernel/patches/masi/1020-drm-panel-ar02-pocket-dmg.patch,kernel,27075,195a57d85c5ec2270aa7f07d24d80578ff99abdc8eeb682eb7c1c7873bd91309
external-and-mods/kernel/patches/masi/1021-drm-panel-ar11-pocket-ds-secondary.patch,kernel,11682,32bf104cf5bbfa4bf67fdc7982663d4c2ddf9a7d5d63bdbb65b37a70423f7788
external-and-mods/kernel/patches/masi/1022-drm-panel-renesas-r63419.patch,kernel,12934,84dbff793b266baa155e45214b62a6770477f2fa1c69ca100daf80515f9dc952
external-and-mods/kernel/patches/masi/1023-dt-bindings-panel-renesas-r63419.patch,kernel,2766,e77fec17a222dcb5f54da7a0fcf2fbb57d97fbcf05d9eaf6c0c0ea163b620fda
external-and-mods/kernel/patches/masi/1024-input-edt-ft5x06-retain-power-in-suspend.patch,kernel,2072,80502038ccaa46cfbd9dc47227d67c0eb29777991c7e05d2d75f275dd0bff6f1
external-and-mods/kernel/patches/masi/1025-misc-fastrpc-adsp-sensor-pd-and-legacy-ioctl.patch,kernel,20809,8941083bf6b540958d903b336bc5f44d807c83c299f5ecc100298c4bfb1c7f06
external-and-mods/kernel/patches/masi/1026-dt-bindings-misc-qcom-fastrpc-pd-routing.patch,kernel,1095,d564ca39533b249af2d690814435d0d86919522b2aefe90d52fc095ad06c80f5
external-and-mods/kernel/patches/masi/1030-drm-msm-a6xx-hfi-retry-slow-gmu-bw-votes.patch,kernel,2303,1744960a6e84c3401b83d875faadb45b82a306ca03af82de8f3237779dfd7651
external-and-mods/kernel/patches/masi/1031-drm-msm-a6xx-a740-forbid-gmu-runtime-pm.patch,kernel,1473,d8ab5bfc24b9c1c1c4cf07c29e620287af43830ad983352a7cd7bd6700f013e6
external-and-mods/kernel/patches/masi/1032-input-rsinput-suspend-resume-center-sticks.patch,kernel,2108,69da1081fca0e49dad56fa32c53fc7abe969289e032d09417d9f2f15302a7538
external-and-mods/kernel/patches/masi/1032-remoteproc-q6v5-handover-irq-spam.patch,kernel,1140,afe96cd816f4861f5aed084947c701c53b0f0e46012a040b4c0a7739b9d13bbd
external-and-mods/kernel/patches/masi/1033-sound-aw88166-quiet-early-iis-probe.patch,kernel,2804,0a310bde450de68cb4977d4d0ba1e060eabfc4f986885ecb7bf462b69d2b65cf
external-and-mods/kernel/patches/masi/1034-ufs-quiet-unsupported-timestamp.patch,kernel,1614,f56970728c11228e4af041af8213eb6fadee77e72e5364f629e405557c477a57
external-and-mods/kernel/patches/masi/1035-cpufeatures-sm8550-heterogeneous-quiet.patch,kernel,1157,0963bcee9be7e460252177c54bb2ba64c73334a292e833b534335da41a50ec71
external-and-mods/kernel/patches/masi/1036-sound-aw88166-quiet-local-pll-iis.patch,kernel,1943,c1634bb3cde6321f28068dd680f0a1b2cbc666c1dccefe5cb49cc0848bed88c4
external-and-mods/kernel/patches/masi/1037-sound-soc-quiet-einval-probe.patch,kernel,407,2fcd243df51e4cf6cb31f0488ed77d218d9f5b81509dafafa070a4901c24a07d
external-and-mods/kernel/patches/masi/1038-soundwire-qcom-quiet-port-mismatch.patch,kernel,867,b1fc983c8cc944965ce07743b570ee844d5ddd1c89ace95701d953efb5cbd390
external-and-mods/kernel/patches/masi/README.md,kernel,3119,d50b9091cbc643fe795a9df1e4671ae23e1582239ac4369eb0d165bb3d3348b9
external-and-mods/kernel/patches/masi/ayaneo/qcs8550-ayaneo-pocket-common.dtsi,kernel,38845,32db1f98065700d03113dc35cc9eec4bcc6d5d444921774846238ed9eaa057bc
external-and-mods/kernel/patches/masi/ayaneo/qcs8550-ayaneo-pocketace.dts,kernel,2784,1199e036efc130917abcec95600b1d1e3992a95c5f06c6a2b40c2a0389229559
external-and-mods/kernel/patches/masi/ayaneo/qcs8550-ayaneo-pocketdmg.dts,kernel,2258,701ccf56d97f5c76a009c1c3b0d20b1540ccb647e59f4a428d0a3c783fae8a6f
external-and-mods/kernel/patches/masi/ayaneo/qcs8550-ayaneo-pocketds.dts,kernel,4899,4dcec7f1eb80984c5017a7e58a0b7ded3b17935043d5f8b1e00bec45fbd7631c
external-and-mods/kernel/patches/masi/ayaneo/qcs8550-ayaneo-pocketevo.dts,kernel,1935,33e10d5d183c7ca80c2f442de94e901857d575cf16c6267679159f0aadff4ccb
external-and-mods/kernel/patches/masi/ayaneo/qcs8550-ayaneo-pockets1.dts,kernel,3556,15e29fa04cef5fc90973b6e4fea21225c7efe7a20356f27eae99f1cd654bb676
external-and-mods/kernel/patches/masi/qcs8550-ayn-gyro-fastrpc.dtsi.frag,kernel,855,b13fd81a992ca84b8dacf68e7f469e1297822c6f13e78a0417614b65a9d8e954
external-and-mods/kernel/patches/masi/qcs8550-ayn-haptics.dtsi.frag,kernel,5587,c1f907d6ee5bae40b925b8daa4001bc2f1768881203a16d77c8eb406ca75f63f
external-and-mods/kernel/patches/masi/qcs8550-ayn-thor-gyro-fastrpc-pd.dtsi.frag,kernel,478,283da1c358445b307466114e7904cb8d04e6ea7f33a0aaa9435b72314c6d6172
external-and-mods/kernel/patches/masi/qcs8550-retroidpocket-rp6.dts,kernel,7324,8883d6de1888b12fc9f1f12c11705263b27c3056f49e96a1b7f7b325196de99a
external-and-mods/kernel/payload/fix-thor-screen/README.txt,kernel,1160,048c5157e36c0baaab3fa30c6b9c8aba6295fe93361708d972f0ad7d10253892
external-and-mods/kernel/payload/fix-thor-screen/etc/xdg/autostart/thorch-display-setup.desktop,kernel,161,9d713415ae99873b109db2b779df08e474930849830ae169c932dd8b4296e3c2
external-and-mods/kernel/payload/fix-thor-screen/etc/xdg/autostart/thorch-kwin-touch-map.desktop,kernel,163,812cb4f7b1dd69555c66a98b0c774fd643506fcb1dd00ad6c53b31f18e9a25be
external-and-mods/kernel/payload/fix-thor-screen/fix-thor.sh,kernel,3267,63abec88aee3749e5a1d57adba21554cb8f254c259dcb63d7e13249703de9289
external-and-mods/kernel/payload/fix-thor-screen/usr/bin/thorch-display-setup,kernel,2172,e61069222c08b1cfa36a19f334175cda88e281f6c461a7b307f63bc4cc526a67
external-and-mods/kernel/payload/fix-thor-screen/usr/bin/thorch-kwin-touch-map,kernel,2016,4a0df89df93a5264e0afd11d3d6137d1f33544d8c1927ad16a78821074140921
external-and-mods/kernel/payload/fix-thor-screen/usr/bin/thorch-touchscreen-setup,kernel,1339,6fa4a1e443f16930b0b121434aae700aa95361dfc08ae7e6fd48dba5d0af2d36
external-and-mods/kernel/payload/fix-thor-screen/usr/lib/systemd/system/thorch-touchscreen-setup.service,kernel,396,2b9cfc3c6945d7af889fb49396141ebab00ac53acee7800cea41cdaf940c1c6a
external-and-mods/kernel/reference/dtb-chain/slot-00.dtb,kernel,124064,7b77e0254caebd4569b371522124c68c1dd98d5c2ee1d441cc55691828f8a6e1
external-and-mods/kernel/reference/dtb-chain/slot-01.dtb,kernel,143133,defd58f744461e314935353b65055938b627235d2e82861003e06dd879a4e28d
external-and-mods/kernel/reference/dtb-chain/slot-02.dtb,kernel,142904,b096f505ebfd16986282b9e29e0e3d2d89196a89ffa98d3c7312df514846b795
external-and-mods/kernel/reference/dtb-chain/slot-03.dtb,kernel,141240,81766cfb0670fc684dd00e2f2015f5a2d9d4656db31364ff5e49494cbd65dc4b
external-and-mods/kernel/reference/dtb-chain/slot-04.dtb,kernel,145242,10498d0c67ca07c3720a587d0a5c9ef3c6a8116379cc8cfc7880dce2c5e41396
external-and-mods/kernel/reference/dtb-chain/slot-05.dtb,kernel,143992,5f24c4f307d2400429cca6b152513bd21fcec8720cfce130d49c61baa4e86382
external-and-mods/kernel/reference/dtb-chain/slot-06.dtb,kernel,144034,411d166b47d2c35d14c99b25b97ffdbf3f54c2860637ed7f822ddf847ac9a47e
external-and-mods/kernel/reference/dtb-chain/slot-07.dtb,kernel,147421,287751c901b6c52777c736733f626c0b109bd07b79c3a0f66b003edb8e84be92
external-and-mods/kernel/reference/dtb-chain/slot-08.dtb,kernel,147794,f498e53cfbbff940012be74f36e492895bb9100bbbf481eed10f9ab2ae471220
external-and-mods/kernel/reference/dtb-chain/slot-09.dtb,kernel,133260,c571f19975c83b64a2978c97cd3fee758a15163bacbc177db25ce0d3aef27698
external-and-mods/kernel/reference/dtb-chain/slot-10.dtb,kernel,133133,51fd6c18241a0ead06eeaff919f8e13845f3c6ab60f264354bcdd290a4c1622b
external-and-mods/kernel/reference/dtb-chain/slot-11.dtb,kernel,134827,b08a6b015a636d6c65ab0d215701c0f8547c196eaa19071fc5296d0b4401c92b
external-and-mods/kernel/reference/dtb-chain/slot-12.dtb,kernel,132786,c5a0897f25368aefc0e097b201c4bf218e1e37c817b8c7129a4894c62f489e3f
external-and-mods/kernel/reference/dtb-chain/slot-13.dtb,kernel,133464,e816d8c8072366e78c5e454627196cc4d88e47ac687549aec4a8e15795eb2e9d
external-and-mods/kernel/scripts/capture-kernel-log.sh,kernel,4203,1f91be6bc2a9b106b1fb6baddbdf568f550bf9c0981ddea7d238ebc6106172d6
external-and-mods/kernel/scripts/extract-reference-dtb-chain.sh,kernel,1352,2ef2e8bc3ca2449177c1fceb11c6974d665792f22782b43eb41e00b3c145ae23
external-and-mods/kernel/scripts/fetch-rocknix-suspend-patches.py,kernel,3233,9fc1e799964152009bf7bfa55f943072288a6d8c4d46e885a682fcd34ca2f0d0
external-and-mods/kernel/scripts/fetch-rocknix-suspend-patches.sh,kernel,2318,fc402bdcb74aae498283b276556260fb89ac50c61b9ffe291963ee9383c57c9f
external-and-mods/kernel/scripts/first-run.sh,kernel,362,5df1b94b245bae026fcf7b3d9477f86bbded9e55f8723b3ad124dcddbcaf4549
external-and-mods/kernel/scripts/masi-bootlog-continue.sh,kernel,979,bc2966ec9f673b83dcf7cc825838f01ba19288e553459d07dd961bec94fc086a
external-and-mods/kernel/scripts/masi-qcom-audio-init.sh,kernel,1662,c115338c0afa637c69d130a10f09d2d5f926ae9aa7622e88b67e7c990cd4f4ab
external-and-mods/kernel/scripts/patch-kernel-internal-ufs.sh,kernel,1307,5221f1beab0cb9f8d1742cc030102757387a0a7a8f1863127f65d0f19e45ff04
external-and-mods/kernel/scripts/preflight-device.sh,kernel,2719,5e301325afddf36670d9156b635c44c80d5e5f22bf855eddec433d2f8379c9f0
external-and-mods/kernel/scripts/setup-linuxloader-cfg.sh,kernel,1182,3024ce3ef9a5120c4855df0bb2cfc6876cbf0d05ec94edf149e10b5a57baa974
external-and-mods/kernel/scripts/ufs-linux/install-masios-to-internal.sh,kernel,25405,44ea16fda9090ada5ad0c95a4b60e742dadfebe4fb42e404dfe610e112828727
external-and-mods/kernel/scripts/ufs-linux/ufs-bootimg.sh,kernel,3383,cf85ec0788efd26f0fe989204becd6bbb585bf4392125309b921363798668797
external-and-mods/kernel/scripts/ufs-linux/ufs-diagnose.sh,kernel,5865,48158bd0652f4d91195c41fea2852308783b784583a37c77d5f4a059c2f9b8e3
external-and-mods/kernel/scripts/ufs-linux/ufs-fix-internal-boot.sh,kernel,5846,6bc952ca5a3ca53aa5e320ca1d48b6b571fcb9615b0f6d697770e0b08ce8e64e
external-and-mods/kernel/scripts/vendor-dtb-chain.sh,kernel,668,d864725145203283b358200dff39bdc56564cbd496d030e87c81960516ef3f93
external-and-mods/kernel/scripts/verify-build.sh,kernel,788,f7077c2278754ebf046aafff7265f7f6b7383838d91b32260714ee23d921bfe5
external-and-mods/kernel/scripts/verify-installed-kernel.sh,kernel,1731,8a539ad994c19eed34cc6e44ef408594b401b9a073166a1434eabeac985a195f
external-and-mods/kernel/update.sh,kernel,2446,cb7c374267a5ee1365c8409a84111aa4562fd45a4348bfaa9b72e86066ccb792
external-and-mods/kernel/vendor/qcom-gyro/README.md,kernel,521,e6e4b150739de54acf138ccede2ebd10144d9d3cb31b094a8f5f4353d08269f8
external-and-mods/kernel/vendor/qcom-gyro/firmware-thor-adsp/adsp.b00,kernel,1876,b418047eced9403b5e0d580abc77d833e93c22b7b0b2ce6543864e40217136f8
external-and-mods/kernel/vendor/qcom-gyro/firmware-thor-adsp/adsp.b01,kernel,6824,c56c83e85cf100fdf87910348fac25bff25d2c884e7cd78f07e62fa153693686
external-and-mods/kernel/vendor/qcom-gyro/firmware-thor-adsp/adsp.b02,kernel,6454340,95c5e7fd684719dfb9bf7b42c966fc33324b0ca8502eb6fa4e0a397c7aa54151
external-and-mods/kernel/vendor/qcom-gyro/firmware-thor-adsp/adsp.b03,kernel,27380,dad24fd5eb25fc0b681b4a04a197c9f3c5ceee59178654a6a73d82bef2281f89
external-and-mods/kernel/vendor/qcom-gyro/firmware-thor-adsp/adsp.b04,kernel,43088,a0857945ba3e924f863c3d08e2e2606de243ce8f90eac39904f19386891b84aa
external-and-mods/kernel/vendor/qcom-gyro/firmware-thor-adsp/adsp.b05,kernel,802816,c00fd1179f1226b9de6d71b5e30893b3fe0f44a35064629092adb5f02f6d9452
external-and-mods/kernel/vendor/qcom-gyro/firmware-thor-adsp/adsp.b06,kernel,236,db7923e1553734c994f97c8faa88d387251b6a59b267c5658f01a4157b9a50ac
external-and-mods/kernel/vendor/qcom-gyro/firmware-thor-adsp/adsp.b07,kernel,20660,b1d4e8ebe31632769992f0ca379ed5f0b6ad0808853345f889c7fba00993af75
external-and-mods/kernel/vendor/qcom-gyro/firmware-thor-adsp/adsp.b08,kernel,2621528,602a72dec77c11865086f68080760185bfe98d96c17995772acca2b04d49c3d2
external-and-mods/kernel/vendor/qcom-gyro/firmware-thor-adsp/adsp.b09,kernel,264384,118452bc36be155c017f07a8580dc73f3aea05f10fc392cd7c7f59504a596184
external-and-mods/kernel/vendor/qcom-gyro/firmware-thor-adsp/adsp.b10,kernel,2456,979ba153be1722227c8624a2acae3a68f0e78776bddd47cb142027b3ddd78932
external-and-mods/kernel/vendor/qcom-gyro/firmware-thor-adsp/adsp.b11,kernel,23636,d9a61e4fe4b6cf1f9ef0733e07d119a43c736451a6dcd389a607f90c92c4cc4c
external-and-mods/kernel/vendor/qcom-gyro/firmware-thor-adsp/adsp.b12,kernel,5632,063f23c12a053df039332977cbf9833eccf71c1eb04dc81ba47f1e81b9b651d8
external-and-mods/kernel/vendor/qcom-gyro/firmware-thor-adsp/adsp.b13,kernel,209952,3c2a2466821339025998ddf05de41a093e5c63c5eb44978b424d9897048bd867
external-and-mods/kernel/vendor/qcom-gyro/firmware-thor-adsp/adsp.b14,kernel,11008,0ed5a9a444419b5f11fee34e124fa8f4b2e1047a81e515120d055cec2bd3cf10
external-and-mods/kernel/vendor/qcom-gyro/firmware-thor-adsp/adsp.b15,kernel,108,a14002e527e40429297852e362814e6f5e6dce2ec24228a5e54fc980b6a23b80
external-and-mods/kernel/vendor/qcom-gyro/firmware-thor-adsp/adsp.b16,kernel,141564,18c04f682a33a572c375a8ef564693976db949f7e49b27d9d7fa4a043470ac72
external-and-mods/kernel/vendor/qcom-gyro/firmware-thor-adsp/adsp.b17,kernel,82,97ecd8d49b79b6f703783826f9de65bea41de7a46cd2fa7a7f8b451f1558b556
external-and-mods/kernel/vendor/qcom-gyro/firmware-thor-adsp/adsp.b18,kernel,405504,141ce2229d48f6ea338725dd3d46e2f89bcccfd8816c1ad33d8ba3514a337f22
external-and-mods/kernel/vendor/qcom-gyro/firmware-thor-adsp/adsp.b19,kernel,2364228,36fb2335bc054ae02f3e9d6be577775708ac704c4c54b6d068dc434fb02d55f9
external-and-mods/kernel/vendor/qcom-gyro/firmware-thor-adsp/adsp.b20,kernel,37553,0436f15c692ad2793f2e52d8f12f9da098c5ddebde7ef81485275e2cb37a37d3
external-and-mods/kernel/vendor/qcom-gyro/firmware-thor-adsp/adsp.b21,kernel,272,be91543f2de51a5e62ce82df1afb406c58183fbb36478a23c741decb2610adf5
external-and-mods/kernel/vendor/qcom-gyro/firmware-thor-adsp/adsp.b22,kernel,343669,15616e99fce398e0115276eb3d1b472baed84e934b374d4bc8e384eb47b69b8b
external-and-mods/kernel/vendor/qcom-gyro/firmware-thor-adsp/adsp.b23,kernel,438272,1cd1d923dcaf4654f6e396e548ca9c0d6733382e4303421595cf060c745d5044
external-and-mods/kernel/vendor/qcom-gyro/firmware-thor-adsp/adsp.b24,kernel,2761432,7a05cc3a041eef10feb8079862ba59e2a101fb17433bd044cac0f4eae835f2ca
external-and-mods/kernel/vendor/qcom-gyro/firmware-thor-adsp/adsp.b25,kernel,2162692,f4c56398c78b07699e440e8640a821f80ff3f4c9d0ee718d233cf94fd51ca76f
external-and-mods/kernel/vendor/qcom-gyro/firmware-thor-adsp/adsp.b26,kernel,792,0a48bd7fa7f5d18e37cd26d913a4e09db722f015c9e00cb8449fd988e3bf9183
external-and-mods/kernel/vendor/qcom-gyro/firmware-thor-adsp/adsp.b27,kernel,3964,b71d9b347c06eca1ad72ef41205204ca44b770cd31e9ba1ae1cb6d286a3da949
external-and-mods/kernel/vendor/qcom-gyro/firmware-thor-adsp/adsp.b28,kernel,23754,0ff6307499a085c6b2249f661f14f5a0fa0b6d4cecce992960064d114b38cef7
external-and-mods/kernel/vendor/qcom-gyro/firmware-thor-adsp/adsp.b29,kernel,6856,afcba34ebb6ca2a6ccc45d6b2dc37c6b4b857fda4f172b27df464093940d14d9
external-and-mods/kernel/vendor/qcom-gyro/firmware-thor-adsp/adsp.b30,kernel,6648,79c77265629c06b7976afb9e5d2516e34039663739e637d4a75970c10a3aab1c
external-and-mods/kernel/vendor/qcom-gyro/firmware-thor-adsp/adsp.b31,kernel,31056,83b0bc67941ca947a94bd7396fbf8fe62543fd67dfb0bc2d8582fbe2e113b28e
external-and-mods/kernel/vendor/qcom-gyro/firmware-thor-adsp/adsp.b33,kernel,14108,7c48695101f93a4da1425b5e85da0ba348fcf91c8fa450944dc97218cf5956b9
external-and-mods/kernel/vendor/qcom-gyro/firmware-thor-adsp/adsp.b34,kernel,23973,e7e38302442da2fb236523b2cbdbe5f29a17f15e8bbee60c5f744358b45a8034
external-and-mods/kernel/vendor/qcom-gyro/firmware-thor-adsp/adsp.b35,kernel,304,3fbf3e6f48caa82baca294c340ee6069545d0ed447cf2361797caa4e9de2f364
external-and-mods/kernel/vendor/qcom-gyro/firmware-thor-adsp/adsp.b36,kernel,7324,0eb27c99bf5b1f52197a713e12147dead0c516e4f3e2ef0cbc9c653ce28c203f
external-and-mods/kernel/vendor/qcom-gyro/firmware-thor-adsp/adsp.b38,kernel,64096,ffa992f698dca8a1d9859b821236646ee3c3f4519c73a1b5519b4f7ef084756b
external-and-mods/kernel/vendor/qcom-gyro/firmware-thor-adsp/adsp.b39,kernel,4148,9ba13fe815008390781b9e2c671fc9c271040c34a8d995426429c2fea54879d1
external-and-mods/kernel/vendor/qcom-gyro/firmware-thor-adsp/adsp.b40,kernel,53936,1e3a6f32c4608d93af921940106581076fe022088358be02e49794671db1ae83
external-and-mods/kernel/vendor/qcom-gyro/firmware-thor-adsp/adsp.b41,kernel,732776,dae5448c1443e08c3f9ae8a5cd729ffbc52c203f623b6f8b63dab9f7a100eb28
external-and-mods/kernel/vendor/qcom-gyro/firmware-thor-adsp/adsp.b42,kernel,745472,af7026518b75a08eecec3c8534ac0b508d95c6cc79a37620b826fcf7fb2dd1c1
external-and-mods/kernel/vendor/qcom-gyro/firmware-thor-adsp/adsp.b43,kernel,6058804,89762a8414443550c5ecce6d3de389bcad5ee97234f09f0f81b4cfabc16607ca
external-and-mods/kernel/vendor/qcom-gyro/firmware-thor-adsp/adsp.b44,kernel,282632,57288da3cb22f3f4a057ded90592ba0ae2acd5e1b06548a62c32ff5e53810513
external-and-mods/kernel/vendor/qcom-gyro/firmware-thor-adsp/adsp.b45,kernel,20,271c5783def587733c57edd67523fd9890a97b12fd2ee0ad4237226454bb6b85
external-and-mods/kernel/vendor/qcom-gyro/firmware-thor-adsp/adsp.b46,kernel,14352,487474d709bee9d5f9442d8ce9844e5458d70101dd827fa22f7c5c33bdf232d4
external-and-mods/kernel/vendor/qcom-gyro/firmware-thor-adsp/adsp.b47,kernel,4972,d75fc8af1b8ccf68a1d57e3896648a8ca628928ff894e10bcfcbd0181067dab4
external-and-mods/kernel/vendor/qcom-gyro/firmware-thor-adsp/adsp.b48,kernel,11368,2f7d9c65831447dbf4bf5247a95cd7436f2699015cc69bd4dc07dd5cedd8e11b
external-and-mods/kernel/vendor/qcom-gyro/firmware-thor-adsp/adsp.b49,kernel,5136,739a1c1e7b53e1f69a600d264a730f3145ee3234d55da69f5d4df28b592dcb85
external-and-mods/kernel/vendor/qcom-gyro/firmware-thor-adsp/adsp.b50,kernel,19008,fce00bd49e7df5b09c6e58e67186af29795999e5e13d76353d1ce4fb7e7ad1a2
external-and-mods/kernel/vendor/qcom-gyro/firmware-thor-adsp/adsp.b51,kernel,481024,a011bf224b52044b39c05c2f3ddc51e064974996cad4cf60195efb1aa2b72d5c
external-and-mods/kernel/vendor/qcom-gyro/firmware-thor-adsp/adsp.b52,kernel,477628,c2bd8703818d09f958dbc1955ebb3b876552a4dcbb1c33a9ef352053d3751674
external-and-mods/kernel/vendor/qcom-gyro/firmware-thor-adsp/adsp.b53,kernel,79783,f1dec157c2b20f584333686c396316de3a85c490f32c72080cdf03eb6df50ce7
external-and-mods/kernel/vendor/qcom-gyro/firmware-thor-adsp/adsp.b54,kernel,49152,9815a1ec27ceb209f03352a289a5e64bb8d269b23c573a478eef3292734315c3
external-and-mods/kernel/vendor/qcom-gyro/firmware-thor-adsp/adsp.b56,kernel,6488,7fc3dd9aca5bfae4037324c95bd2d6a87abd16b971b2b8e7071e014fed51952a
external-and-mods/kernel/vendor/qcom-gyro/firmware-thor-adsp/adsp.mdt,kernel,8364,5c6c6222f90101e72ecd29100b3ac9dc176edc87c6907318ac0c5b517100cc72
external-and-mods/kernel/vendor/qcom-gyro/firmware-thor-adsp/adsp_dtb.b00,kernel,148,6bf39fd29034606433776d7320ad7a12d7372319d8ec364bbeb671e82d99155c
external-and-mods/kernel/vendor/qcom-gyro/firmware-thor-adsp/adsp_dtb.b01,kernel,8376,006d0a6abb068e10fa6f69d53174343c7b5744e8c0be8493c70ac8d44b7cbb05
external-and-mods/kernel/vendor/qcom-gyro/firmware-thor-adsp/adsp_dtb.b02,kernel,3896,13c720145e2e249633bf0bd8466930762c66360e656a0471bac032357f0aea2a
external-and-mods/kernel/vendor/qcom-gyro/firmware-thor-adsp/adsp_dtb.mdt,kernel,4044,cc853152a4ffefa461b7981b5d058253e307ad17466f20e2eb7fa89b05b5fb0d
external-and-mods/kernel/vendor/qcom-gyro/firmware-thor-adsp/adspr.jsn,kernel,513,66ce8531efb7979d234e0f0eabbe18d038ac97da771a8a194f613df8f0724e81
external-and-mods/kernel/vendor/qcom-gyro/firmware-thor-adsp/adsps.jsn,kernel,515,12ac2f3ae8ced12aa4b06b3ab3a01bc4d8efe1c92ebea503c002f209a6ec176f
external-and-mods/kernel/vendor/qcom-gyro/firmware-thor-adsp/adspua.jsn,kernel,703,982a99853495e34726b8e44697fdfad303334de0a67cbf6cde306c8f1731000b
external-and-mods/kernel/vendor/qcom-gyro/firmware-thor-adsp/aw883xx_acf.bin,kernel,85704,ecb5419011078e9178d25963ed788003c11c2c5b12cbcfaa8a98ce7eff3028af
external-and-mods/kernel/vendor/qcom-gyro/firmware-thor-adsp/battmgr.jsn,kernel,516,be8c6fba330908e4683fb6282761cb08485a302d6a66e09721e102e342f27236
external-and-mods/kernel/vendor/qcom-gyro/share-qcom/sm8550/AYN/odin2/README.batocera,kernel,1976,3590b219d617079764367f98a9611ee09bcc177f4ac0748db2d2967ac47a0f56
external-and-mods/kernel/vendor/qcom-gyro/share-qcom/sm8550/AYN/odin2/sensors/sns_reg.conf,kernel,573,94a70dbb8b9e564173210957b54494a57452da9105e27a6a910c7692e732fc3d
external-and-mods/kernel/vendor/qcom-gyro/share-qcom/sm8550/AYN/thor/README.batocera,kernel,3912,d678e7bf7065eebf03059e28fbfef0e623778a1b1f02889cbe092716a7678404
external-and-mods/kernel/vendor/qcom-gyro/share-qcom/sm8550/AYN/thor/dsp/adsp/sns_tppe.so,kernel,255184,0e9cf8e846606627178e8f0c673e12bacf3c2bda84c71466838020133064a005
external-and-mods/kernel/vendor/qcom-gyro/share-qcom/sm8550/AYN/thor/sensors/config/json.lst,kernel,1971,305f3218299b52831fc3db17a05fc762ec8aa9784be2439f968d0caa6db32d7d
external-and-mods/kernel/vendor/qcom-gyro/share-qcom/sm8550/AYN/thor/sensors/config/kailua_ak991x_0.json,kernel,3215,5f0c447f8b6ddfad168e6c439c7e53a7346595d8c282f100b351837eb3b34ebe
external-and-mods/kernel/vendor/qcom-gyro/share-qcom/sm8550/AYN/thor/sensors/config/kailua_bu52053nvx_0.json,kernel,2781,0640fa9ff894a25fa4202a375864ea513eac3be335ff3ce4be70ee321b7f4e73
external-and-mods/kernel/vendor/qcom-gyro/share-qcom/sm8550/AYN/thor/sensors/config/kailua_default_sensors.json,kernel,5518,e02c9e6f69c7218ad4ddbcb9ef5cf47a1405352869633c4d2ca69c69b856f905
external-and-mods/kernel/vendor/qcom-gyro/share-qcom/sm8550/AYN/thor/sensors/config/kailua_dynamic_sensors.json,kernel,549,0da8f7e2a09fa20cce52382dcefa4e00ff337305552c214797ac5bbc558b6556
external-and-mods/kernel/vendor/qcom-gyro/share-qcom/sm8550/AYN/thor/sensors/config/kailua_dynamic_sensors_template.json,kernel,556,a248f6aebb52f1e08311a1150449b72040dbd2697e33e99bf6b4dbdbf5bddc60
external-and-mods/kernel/vendor/qcom-gyro/share-qcom/sm8550/AYN/thor/sensors/config/kailua_fcal_ak991x_0.json,kernel,2639,04b7525a778edb74b791c4e9c9161cb203767134a4a448e0209da86cb7c739cb
external-and-mods/kernel/vendor/qcom-gyro/share-qcom/sm8550/AYN/thor/sensors/config/kailua_hdk_ak991x_0.json,kernel,2930,1d39930c374886dcfafd4bf927628b01f4825a34187daf93edf41a6c1a246e15
external-and-mods/kernel/vendor/qcom-gyro/share-qcom/sm8550/AYN/thor/sensors/config/kailua_hdk_lsm6dsv_0.json,kernel,425,8f41d4a18c3badaeadcd95d0d6eb6392daf13a82878fe3c6d7a488700cb9ed49
external-and-mods/kernel/vendor/qcom-gyro/share-qcom/sm8550/AYN/thor/sensors/config/kailua_hdk_lsm6dsv_1.json,kernel,425,294646f518a55f94f5371c5589de447fdf6ec73ec86d6ff3ee80246a4cb476d6
external-and-mods/kernel/vendor/qcom-gyro/share-qcom/sm8550/AYN/thor/sensors/config/kailua_hdk_sh5001_0.json,kernel,8001,a9b8190d71c42a6c7b5038d0bba8c663ae22a762f2a57e091699e0d9d670dfb8
external-and-mods/kernel/vendor/qcom-gyro/share-qcom/sm8550/AYN/thor/sensors/config/kailua_hhg_ak991x_0.json,kernel,2890,4f2b1c7f2e01f467a5b4f2bfd06074e08b6b624588f2693db968f9aa9a71f2eb
external-and-mods/kernel/vendor/qcom-gyro/share-qcom/sm8550/AYN/thor/sensors/config/kailua_hhg_lsm6dsv_0.json,kernel,8832,efe03ae88b74280639252a57515a913d9917321f336b10edaae6cb107352ed1f
external-and-mods/kernel/vendor/qcom-gyro/share-qcom/sm8550/AYN/thor/sensors/config/kailua_icm426xx_0.json,kernel,8009,0fced59e2954808f0e5dfa40fc5184099663c574f5167c996593f6d348db2337
external-and-mods/kernel/vendor/qcom-gyro/share-qcom/sm8550/AYN/thor/sensors/config/kailua_icm4x6xx_0.json,kernel,8009,292a7abab44319a04c1b9afce3939cef1a3cd47a8206c1e7583cc604bc0e66b9
external-and-mods/kernel/vendor/qcom-gyro/share-qcom/sm8550/AYN/thor/sensors/config/kailua_iot_ak991x_0.json,kernel,5910,6eb548a7ed0fb54ac27c880184d5a06df99528f67aff0004a7319f1910808723
external-and-mods/kernel/vendor/qcom-gyro/share-qcom/sm8550/AYN/thor/sensors/config/kailua_iot_amd_sw_disabled.json,kernel,222,fc2f26350fe62481617136a074c8e06f1dc65b45951979bbc06167deb72a246a
external-and-mods/kernel/vendor/qcom-gyro/share-qcom/sm8550/AYN/thor/sensors/config/kailua_iot_amd_sw_enabled.json,kernel,210,1e35a6b581d23b7fdf38b03fcf468bb53f88acbcd3918e1a2dd75763cc37e507
external-and-mods/kernel/vendor/qcom-gyro/share-qcom/sm8550/AYN/thor/sensors/config/kailua_iot_hdk_ak991x_0.json,kernel,3209,95cede5cd1cd60ff3418134bca7274432ee0f6fcd52c6143684278d1f2120fb5
external-and-mods/kernel/vendor/qcom-gyro/share-qcom/sm8550/AYN/thor/sensors/config/kailua_iot_hdk_bu52053nvx_0.json,kernel,2770,ff5e2e8c61c74d6107f0b7f1b280a7792593a1a4acc3e48ce601bfa8b940bfbb
external-and-mods/kernel/vendor/qcom-gyro/share-qcom/sm8550/AYN/thor/sensors/config/kailua_iot_hdk_dae.json,kernel,849,5d78c14d100d76b4d1021bcf324510142318b2b9ba3599e1929037b31d151136
external-and-mods/kernel/vendor/qcom-gyro/share-qcom/sm8550/AYN/thor/sensors/config/kailua_iot_hdk_lps22df_0.json,kernel,4246,fb41e3504897be88de76b7dc67709f32ce48197c2246da50eb42674d0ea5b722
external-and-mods/kernel/vendor/qcom-gyro/share-qcom/sm8550/AYN/thor/sensors/config/kailua_iot_hdk_lsm6dsv_0.json,kernel,8626,8b5bafe661d1f3a39b221080bb9d11f43443703f5005a978b7f16cf986578c38
external-and-mods/kernel/vendor/qcom-gyro/share-qcom/sm8550/AYN/thor/sensors/config/kailua_iot_hdk_lsm6dsv_1.json,kernel,8627,e6ee4f4d0cb1c9130d13e8bc501666bdddbde69b6ff6f298fe048a6757f6232e
external-and-mods/kernel/vendor/qcom-gyro/share-qcom/sm8550/AYN/thor/sensors/config/kailua_iot_hdk_power_0.json,kernel,297,a1f6f4c34cf38b4c61f77958dc76365f3020e0c8fef380392522d2674f0a6c95
external-and-mods/kernel/vendor/qcom-gyro/share-qcom/sm8550/AYN/thor/sensors/config/kailua_iot_hdk_sht4x_0.json,kernel,3779,ce94992b1c85dbefda42c889b6e7782802777606907df9532f95fb7567700a95
external-and-mods/kernel/vendor/qcom-gyro/share-qcom/sm8550/AYN/thor/sensors/config/kailua_iot_hdk_sx932x_0.json,kernel,7896,f0561c0e69c7837bfde961467444a7bc505c2c41c0545e8699d04bc82291152c
external-and-mods/kernel/vendor/qcom-gyro/share-qcom/sm8550/AYN/thor/sensors/config/kailua_iot_hdk_tmd2755_0.json,kernel,7243,4f59403d4de04a4d6c6f392e101dd4ddd954c84f8ec1f048fe883d2f7b298cbd
external-and-mods/kernel/vendor/qcom-gyro/share-qcom/sm8550/AYN/thor/sensors/config/kailua_iot_icm4x6xx_0.json,kernel,8126,280c0d5c840130507e30863dcdbe131f70726e9bbf6daa5bf50ca64ed7734ba8
external-and-mods/kernel/vendor/qcom-gyro/share-qcom/sm8550/AYN/thor/sensors/config/kailua_iot_icp101xx_0.json,kernel,3676,86a7cf9a916ae910aef19c1ff36c8d78d1d253dcca5342d9acc86cd27fac8b7e
external-and-mods/kernel/vendor/qcom-gyro/share-qcom/sm8550/AYN/thor/sensors/config/kailua_iot_navmez_icm4x6xx_0.json,kernel,8066,3aea0b1c23daa3a53a8b542a7d2ae8f0d2f2e86b0a680c71985eb7df83ff7e0d
external-and-mods/kernel/vendor/qcom-gyro/share-qcom/sm8550/AYN/thor/sensors/config/kailua_iot_navmez_rev2_icm4x6xx_0.json,kernel,8066,e352d248d551df510c2cec57ab1f9e9383a74354c92bfbb7673eafb4b2747eed
external-and-mods/kernel/vendor/qcom-gyro/share-qcom/sm8550/AYN/thor/sensors/config/kailua_iot_rb5p_power_0.json,kernel,285,ee38d85ca324c43b5fb7b08d83f442180c960d65ebf3a3399a0e7fa535d8fcb8
external-and-mods/kernel/vendor/qcom-gyro/share-qcom/sm8550/AYN/thor/sensors/config/kailua_iot_tdkmez_icm4x6xx_0.json,kernel,8002,1bb0e8fbb13b380c63d493bbb718bca16f02a843088c546c9587e2a1dd94f28e
external-and-mods/kernel/vendor/qcom-gyro/share-qcom/sm8550/AYN/thor/sensors/config/kailua_irq.json,kernel,179,f9b329a2f18f92323b2a36b3397095a4dc9bdf0e74deb170a92076686e9128cf
external-and-mods/kernel/vendor/qcom-gyro/share-qcom/sm8550/AYN/thor/sensors/config/kailua_lps22df_0.json,kernel,4252,332fd5df36aa3cee67c63ab328f949b0aeae5da6ef6adb87363841e49ac12558
external-and-mods/kernel/vendor/qcom-gyro/share-qcom/sm8550/AYN/thor/sensors/config/kailua_lsm6dsv_0.json,kernel,8611,e56466a3ccf9f66ac9843efde1346f0cb4168ea7ca24e61b5b4e3ce817d45314
external-and-mods/kernel/vendor/qcom-gyro/share-qcom/sm8550/AYN/thor/sensors/config/kailua_lsm6dsv_1.json,kernel,8612,42bc193a9d81f54a586cacf03f15ac46ef608c55595ef6b6681130f95611b582
external-and-mods/kernel/vendor/qcom-gyro/share-qcom/sm8550/AYN/thor/sensors/config/kailua_ltr568_0.json,kernel,5256,463699c522d1749134fcfb56e69670714d5af422214f0ad3d17b045903097de7
external-and-mods/kernel/vendor/qcom-gyro/share-qcom/sm8550/AYN/thor/sensors/config/kailua_mmc36xx_0.json,kernel,3557,a69c3f5fa37e5d081d6c6d6b4c3bd42f4eaf52a58cd6462439355ff8e8e9f7e1
external-and-mods/kernel/vendor/qcom-gyro/share-qcom/sm8550/AYN/thor/sensors/config/kailua_mtp_ak991x_0.json,kernel,408,956112db908eae4e39ce1329afa18df21a32304fb05ed42d97b23474a1acc1f3
external-and-mods/kernel/vendor/qcom-gyro/share-qcom/sm8550/AYN/thor/sensors/config/kailua_mtp_lsm6dsv_0.json,kernel,400,23b9df4be709bd292f1817f0e2d07ae865fd8c1902aff37702f0f9f02640542a
external-and-mods/kernel/vendor/qcom-gyro/share-qcom/sm8550/AYN/thor/sensors/config/kailua_mtp_lsm6dsv_1.json,kernel,400,065caa48cb813450db822332e1ec83913f4683dae62c73628f465b3cc72959f9
external-and-mods/kernel/vendor/qcom-gyro/share-qcom/sm8550/AYN/thor/sensors/config/kailua_power_0.json,kernel,308,d75e639216b04ac44668acdec0c07452aa982e447c629cbc9b8dfc604eb5bd84
external-and-mods/kernel/vendor/qcom-gyro/share-qcom/sm8550/AYN/thor/sensors/config/kailua_qmc6308_0.json,kernel,5789,c6e48a0c2cab49ea92332ce651f50fe792d92ff0e7c6fdb40cc6e252b42f4096
external-and-mods/kernel/vendor/qcom-gyro/share-qcom/sm8550/AYN/thor/sensors/config/kailua_qmi8658_0.json,kernel,8028,afeb2d836f040105fca28e27a06cd6a0eec39001c05283f470e9841e240cfbe6
external-and-mods/kernel/vendor/qcom-gyro/share-qcom/sm8550/AYN/thor/sensors/config/kailua_qrd_ak991x_0.json,kernel,2890,615c67a227e61fa89e7cfe7a5901e28f1c1902b00ba4001af5a8a9c7d7000fa4
external-and-mods/kernel/vendor/qcom-gyro/share-qcom/sm8550/AYN/thor/sensors/config/kailua_qrd_lsm6dsv_0.json,kernel,8825,348620f87dc2df8fde7373ab4c4f6d86c16f7539e3b0ad6ecf25bc308e5162e3
external-and-mods/kernel/vendor/qcom-gyro/share-qcom/sm8550/AYN/thor/sensors/config/kailua_qrd_tmd2755_0.json,kernel,7199,8e4208841c51292b7ccc65da02a78647698e2d6fda1a37ceaea0c612f301bc71
external-and-mods/kernel/vendor/qcom-gyro/share-qcom/sm8550/AYN/thor/sensors/config/kailua_qsh_ble_0.json,kernel,397,24858db68b8159e491ebd5b66aa79467ed041e463c1b18a0201109e3ea46540e
external-and-mods/kernel/vendor/qcom-gyro/share-qcom/sm8550/AYN/thor/sensors/config/kailua_sht4x_0.json,kernel,3769,2e110b3091e412e655cd7266a1b595b7ce9e216ce0348709e65fa52fb29c09eb
external-and-mods/kernel/vendor/qcom-gyro/share-qcom/sm8550/AYN/thor/sensors/config/kailua_stk3x3x_0.json,kernel,2216,1e28ee747ae36ba72f02362dd5f80758be12bbdb0a5ebbc00571c3e133463431
external-and-mods/kernel/vendor/qcom-gyro/share-qcom/sm8550/AYN/thor/sensors/config/kailua_sx932x_0.json,kernel,7907,5a5e8d5941b3e0d87d10c0f3d6f5ada4a3db5d28f0d02acaea789dbb9f50d8bd
external-and-mods/kernel/vendor/qcom-gyro/share-qcom/sm8550/AYN/thor/sensors/config/kailua_tmd2755_0.json,kernel,7241,54788cd65e252b8fd68ae128dda58ff4c79dbbc980b5e7bb60f44e166475cf5c
external-and-mods/kernel/vendor/qcom-gyro/share-qcom/sm8550/AYN/thor/sensors/config/kailua_vertigo_ak991x_0.json,kernel,416,8ecd31ff72675317f4605a8e16dcd91024c27c1d55b368b3456f4a7243c95600
external-and-mods/kernel/vendor/qcom-gyro/share-qcom/sm8550/AYN/thor/sensors/config/kailua_vertigo_lsm6dsv_0.json,kernel,408,d1d3f1f7e287043adae734c5705763c3db5c64603d12ea1a9636bd83b1ea1f99
external-and-mods/kernel/vendor/qcom-gyro/share-qcom/sm8550/AYN/thor/sensors/config/kailua_vertigo_lsm6dsv_1.json,kernel,408,6cf1c144e8b8b395cd915615212e6a431eb33adf740982b0805b19b17f9bd9e3
external-and-mods/kernel/vendor/qcom-gyro/share-qcom/sm8550/AYN/thor/sensors/config/qsh_ble.json,kernel,1027,e7a795d86158effecb3879c4371d32498034f0a1d0144073cefddc43c322f6bb
external-and-mods/kernel/vendor/qcom-gyro/share-qcom/sm8550/AYN/thor/sensors/config/qsh_camera.json,kernel,8560,9d3c3551d1ed1594004c05c785ceef9a6a86ffae4f90060c2e2988c5b53e688b
external-and-mods/kernel/vendor/qcom-gyro/share-qcom/sm8550/AYN/thor/sensors/config/sns_amd.json,kernel,808,4ddce198f8a648a225fd6c809716b2fc06a9bd8ea425ef373cdb54b8613d8dd4
external-and-mods/kernel/vendor/qcom-gyro/share-qcom/sm8550/AYN/thor/sensors/config/sns_amd_sw_disabled.json,kernel,314,09a6fee9f70b068cc995447bae5498b422c95737196290cfddc154964714c81a
external-and-mods/kernel/vendor/qcom-gyro/share-qcom/sm8550/AYN/thor/sensors/config/sns_amd_sw_enabled.json,kernel,534,9a2e9a10023a06599cf5a7c6115fe58fd0c98f217261c9ec8f6429bcc8915d0b
external-and-mods/kernel/vendor/qcom-gyro/share-qcom/sm8550/AYN/thor/sensors/config/sns_aont.json,kernel,141,e5351978635f9346f2ba934dc18f7fc5f216916a072164414dfe26cf24e07399
external-and-mods/kernel/vendor/qcom-gyro/share-qcom/sm8550/AYN/thor/sensors/config/sns_basic_gestures.json,kernel,1164,0832a648fb10f2c1f6445e2bbfa13f1a3ed0e030a7a65691b09dce2f2942ca52
external-and-mods/kernel/vendor/qcom-gyro/share-qcom/sm8550/AYN/thor/sensors/config/sns_bring_to_ear.json,kernel,1170,d828dd7036403dfdcce2141ac6438bad3d309dbd205060b8522409fa41eeb849
external-and-mods/kernel/vendor/qcom-gyro/share-qcom/sm8550/AYN/thor/sensors/config/sns_ccd_v1_0_amd.json,kernel,405,780e6eb14a334e1c86372e7de6bd411fc86be459d220242f85354966eb984925
external-and-mods/kernel/vendor/qcom-gyro/share-qcom/sm8550/AYN/thor/sensors/config/sns_ccd_v1_0_ttw.json,kernel,6124,1fa8402e133dcbe9827f0a8656e0f585cc9a4961d4dd0002ddc15b4a0d162216
external-and-mods/kernel/vendor/qcom-gyro/share-qcom/sm8550/AYN/thor/sensors/config/sns_ccd_v2_0_walk.json,kernel,449,f89666b28aacc8b0cc54168b977e51ec60286d1c1a521a1db7d845506997af7a
external-and-mods/kernel/vendor/qcom-gyro/share-qcom/sm8550/AYN/thor/sensors/config/sns_ccd_v3_0_walk.json,kernel,1229,af9dbd52ab89f95a839d46a98059fd11bc11e5681095984dbfcbd41e693c7bf0
external-and-mods/kernel/vendor/qcom-gyro/share-qcom/sm8550/AYN/thor/sensors/config/sns_ccd_v3_1_walk.json,kernel,1321,fd6b1074339e0de537f393879423dea6dacba989a2a02c8bafc73785776b0a36
external-and-mods/kernel/vendor/qcom-gyro/share-qcom/sm8550/AYN/thor/sensors/config/sns_ccd_v4_0_sensors.json,kernel,1136,8a9082b5f129fdc2882bda8c64ae68e675f423b75de7922b53874a959b0164c8
external-and-mods/kernel/vendor/qcom-gyro/share-qcom/sm8550/AYN/thor/sensors/config/sns_ccd_v4_0_te_cd_regs.json,kernel,1617,4969c5386dae12ddb076a4630703720fe346a3ccea62671b6e00e5b995fd9918
external-and-mods/kernel/vendor/qcom-gyro/share-qcom/sm8550/AYN/thor/sensors/config/sns_ccd_v5.json,kernel,1783,9032d882bcf2502cdc3ddf3ad024a76ad48b8567d924ed1806eea9e143080ae8
external-and-mods/kernel/vendor/qcom-gyro/share-qcom/sm8550/AYN/thor/sensors/config/sns_ccd_v5_0_te_cd_regs.json,kernel,1999,0c9c32a64983b28195cf14780751ead68e1bf66326b30e2e794c8fd86009e354
external-and-mods/kernel/vendor/qcom-gyro/share-qcom/sm8550/AYN/thor/sensors/config/sns_cm.json,kernel,859,ef0db3aae90ee96bdd3db7786d3296b312e5f5442be31c28b41fc9dcfb7a697b
external-and-mods/kernel/vendor/qcom-gyro/share-qcom/sm8550/AYN/thor/sensors/config/sns_dae.json,kernel,942,7181a4de162f8caadc1e6addddf6e1b12d463075e60e2f4f231a83751234cff0
external-and-mods/kernel/vendor/qcom-gyro/share-qcom/sm8550/AYN/thor/sensors/config/sns_device_orient.json,kernel,1242,0a13a2dd17b4d600a15e90c39409c2be22559baa5148fd91a1c4c1a0171d0e01
external-and-mods/kernel/vendor/qcom-gyro/share-qcom/sm8550/AYN/thor/sensors/config/sns_diag_filter.json,kernel,7131,266e12fb89e0477864146a29f2ad72df676ba9f4276cfec6d468d465f2ee1ed7
external-and-mods/kernel/vendor/qcom-gyro/share-qcom/sm8550/AYN/thor/sensors/config/sns_direct_channel.json,kernel,164,4a6c1821edfb7b449edef4bf077f35920579f22af903d6512a4f858b364b33f6
external-and-mods/kernel/vendor/qcom-gyro/share-qcom/sm8550/AYN/thor/sensors/config/sns_distance_bound.json,kernel,1201,404afa04d0381e2c476c474944395c8648e15665349de2d7d8b05b164180ec1f
external-and-mods/kernel/vendor/qcom-gyro/share-qcom/sm8550/AYN/thor/sensors/config/sns_dpc.json,kernel,947,96cec41e703b4cc6aef09dce17904d923227a79aaa11e671224408e6841ac879
external-and-mods/kernel/vendor/qcom-gyro/share-qcom/sm8550/AYN/thor/sensors/config/sns_facing.json,kernel,863,f54fe37448939c6e58cdbea00f9d02484bb2d332a90d9e17ff58354c540b7b45
external-and-mods/kernel/vendor/qcom-gyro/share-qcom/sm8550/AYN/thor/sensors/config/sns_fmv.json,kernel,1530,adee05f65134e834d33f96bc7d5d9fcf2377b0d2d2c2fd7de46b5fc204595c9f
external-and-mods/kernel/vendor/qcom-gyro/share-qcom/sm8550/AYN/thor/sensors/config/sns_fmv_legacy.json,kernel,1583,6453974dac7abc5fbcbc4b2c440610622af51006466ba5642cddcd07eb4f9df0
external-and-mods/kernel/vendor/qcom-gyro/share-qcom/sm8550/AYN/thor/sensors/config/sns_geomag_rv.json,kernel,1273,194295dd8faef71a1aa4cc70c1ca43462cfd3f03a4dfc4ed39622db42c9d25b8
external-and-mods/kernel/vendor/qcom-gyro/share-qcom/sm8550/AYN/thor/sensors/config/sns_gyro_cal.json,kernel,1028,cbc98b3f50f87c19f363204d29d3210fef6f2d6f32a67d451443aba18843a977
external-and-mods/kernel/vendor/qcom-gyro/share-qcom/sm8550/AYN/thor/sensors/config/sns_heart_rate.json,kernel,3593,05cb7058ab63d2c8a35ae653fbc86041902d39bea94fe782cc7f9616fba60abb
external-and-mods/kernel/vendor/qcom-gyro/share-qcom/sm8550/AYN/thor/sensors/config/sns_mag_cal.json,kernel,709,535e1aeac15b1ad5698e97635ca5ad7bcc7e83f2cdd9b0cd0a84608b01832de4
external-and-mods/kernel/vendor/qcom-gyro/share-qcom/sm8550/AYN/thor/sensors/config/sns_mag_cal_legacy.json,kernel,313,5963da9915cd35aa4f66a639bd0fdda24fb8f53c781557514d8d8a363058e8b3
external-and-mods/kernel/vendor/qcom-gyro/share-qcom/sm8550/AYN/thor/sensors/config/sns_multishake.json,kernel,862,0c46f27bbdd0990839d5ca91f5423cd53d1fd37e50bcfd5e91c00d21f543eaab
external-and-mods/kernel/vendor/qcom-gyro/share-qcom/sm8550/AYN/thor/sensors/config/sns_offbody_detect_phone.json,kernel,173,22c2fe309e4cf8e30931a70d96f9db3ea6b1c133fc73e58d156dd7688b3ce11f
external-and-mods/kernel/vendor/qcom-gyro/share-qcom/sm8550/AYN/thor/sensors/config/sns_pedometer.json,kernel,1122,d0e90eb0475911c803902295741095a6b6631ce711fb55e8e4004b1c8a56038c
external-and-mods/kernel/vendor/qcom-gyro/share-qcom/sm8550/AYN/thor/sensors/config/sns_rmd.json,kernel,961,935a5a09cc6580eeb9f603e77757edf8f49e9cf5f31a49c2c9d0557d64a3d4aa
external-and-mods/kernel/vendor/qcom-gyro/share-qcom/sm8550/AYN/thor/sensors/config/sns_rotv.json,kernel,915,8626a0065e538508b2bb360145a0f81be4dc3798c81efb0e2e11cf8c023579df
external-and-mods/kernel/vendor/qcom-gyro/share-qcom/sm8550/AYN/thor/sensors/config/sns_smd.json,kernel,1425,1eb3cb3b000ed80e704ee7579f6a6c147f858bd428632a9dc72ebb591a97a549
external-and-mods/kernel/vendor/qcom-gyro/share-qcom/sm8550/AYN/thor/sensors/config/sns_tilt.json,kernel,826,5782560572eb723b29c737ecf9e1bde5a054d6601cae709a10b23efb6146acea
external-and-mods/kernel/vendor/qcom-gyro/share-qcom/sm8550/AYN/thor/sensors/config/sns_tilt_sw_disabled.json,kernel,330,b751cf4fecdd1aa2e66d0a736c9d2fcd23765566814f4d18dd6f771d5f3d6ffe
external-and-mods/kernel/vendor/qcom-gyro/share-qcom/sm8550/AYN/thor/sensors/config/sns_tilt_sw_enabled.json,kernel,459,71cb84c4f52a6891247471aa50667bb97e010df7960f5cc8d7bcd110e92b509e
external-and-mods/kernel/vendor/qcom-gyro/share-qcom/sm8550/AYN/thor/sensors/config/sns_tilt_to_wake.json,kernel,1601,02f07e163333f449e0161ed416e6e78287b82d7cff0f6c5c121a06ca7f11b2e6
external-and-mods/kernel/vendor/qcom-gyro/share-qcom/sm8550/AYN/thor/sensors/config/sns_transport_ppe.json,kernel,438,ba449f97affb7058dd609bff65e5cb9aca78a68a0c126790967903b574a7fc9c
external-and-mods/kernel/vendor/qcom-gyro/share-qcom/sm8550/AYN/thor/sensors/config/sns_wrist_pedo.json,kernel,653,96f7e5b4bfc7800b6b347736bd529a49d941b3e2f6c0dbf49f5412dd5f1eba98
external-and-mods/kernel/vendor/qcom-gyro/share-qcom/sm8550/AYN/thor/sensors/sns_reg.conf,kernel,573,d63f859a85e4a486eee533af343aee1571ff3414d42d608851f48e8155d33512
external-and-mods/kernel/vendor/qcom-gyro/src/S28qcom-sensors,kernel,11213,6aaab313afdfde9b1079a2eeb10af1b6aa2e6f00f5187e9a559b1c5941355c18
external-and-mods/kernel/vendor/qcom-gyro/src/batocera-qcom-motion/Config.in,kernel,438,027b4eb004c7b54d748c431376c1430b6d189f44b0c397328d5ca27f79a08835
external-and-mods/kernel/vendor/qcom-gyro/src/batocera-qcom-motion/batocera-qcom-motion.mk,kernel,1758,4dab529f862ebd47bdb3340e33a312126ac078004f01129e12c6c342a39a0b2c
external-and-mods/kernel/vendor/qcom-gyro/src/batocera-qcom-motion/src/Motion_Sensor_Calibration.sh,kernel,86,c32da92250e6a1c410a682c495179f69f1f102a26cfd263a5c3280f4dd4015b4
external-and-mods/kernel/vendor/qcom-gyro/src/batocera-qcom-motion/src/batocera-qcom-motion-calibrator,kernel,1439,af37c6f42cd76a8c086d576aefb8619e6908621794020a94ec66e1b0c53f1817
external-and-mods/kernel/vendor/qcom-gyro/src/batocera-qcom-motion/src/batocera-qcom-motion.c,kernel,45189,3322ddae20b155ac3309c9aebb1bfae4ee4e80da2ad0bf748eec8c5f3115e84f
external-and-mods/kernel/vendor/qcom-gyro/src/batocera-qcom-motion/src/motion-calibrator.py,kernel,24671,6d6fcdc02268107c64ee20bb216ec7c86c9103e4df2b83a82da741a98cb1683e
external-and-mods/kernel/vendor/qcom-gyro/src/batocera-qcom-motion/src/motion-sensor-calibration.svg,kernel,3808,088b857d80f2374530988dd9d3a0a4217c94b22d5c0f05d0279032b620211f37
external-and-mods/kernel/vendor/qcom-gyro/src/batocera-qcom-sensors-test,kernel,2530,6b5f2e14a432db0a792ff16e89551b08290975cccd617310bbc86d58426d1722
external-and-mods/kernel/vendor/qcom-gyro/src/hexagonrpc/0001-sscregistrygen-ignore-non-json-inputs.patch,kernel,839,6ab652128fe718e3516fa0cc473c12a94916e9c146614cbcab60b393b7293153
external-and-mods/kernel/vendor/qcom-gyro/src/hexagonrpc/0002-hexagonrpcd-add-sns-registry-reverse-interface.patch,kernel,10541,3b7d56c10f14199422946edc117a586938e08bdd51f58f4acde771b9448f4f28
external-and-mods/kernel/vendor/qcom-gyro/src/hexagonrpc/0003-hexagonrpcd-keep-listener-registration-open.patch,kernel,2756,441e2078ce103f7f15cd837b3d9a7af83a5295b78f35e18b13bb6e35689b5ee1
external-and-mods/kernel/vendor/qcom-gyro/src/hexagonrpc/0004-hexagonrpcd-add-static-pd-option.patch,kernel,3288,d6f8c42bcf15e21337c0bc966a535b7a347d0823492f5247671bf2181045b4ae
external-and-mods/kernel/vendor/qcom-gyro/src/hexagonrpc/0005-hexagonrpcd-add-writable-hexagonfs.patch,kernel,9689,294a164aed7a4a7368fd536c02501fbaf09af2325f17ed74bd52e7bf3d4dd561
external-and-mods/kernel/vendor/qcom-gyro/src/hexagonrpc/0006-hexagonrpcd-support-writable-sensor-registry.patch,kernel,17748,91a280b379f7ee76f10352b89127ea3f454bc5a7d3d97658f3453f33bf9fc794
external-and-mods/kernel/vendor/qcom-gyro/src/hexagonrpc/0007-hexagonrpcd-support-large-and-extended-callbacks.patch,kernel,4752,8f139139312337c4599c73bb78b297bc3b4a86f37fe67fac3f8bd54e218e6f69
external-and-mods/kernel/vendor/qcom-gyro/src/hexagonrpc/0008-hexagonrpcd-enumerate-virtual-directories.patch,kernel,8594,595648e17419e73f71285d2d0842ecfef9290623ca241c2ac98c6b89d5936121
external-and-mods/kernel/vendor/qcom-gyro/src/hexagonrpc/Config.in,kernel,353,e25eaf3fa6b05ca1300b5512550135796c22295dfe270a56332ed5a42b46f116
external-and-mods/kernel/vendor/qcom-gyro/src/hexagonrpc/hexagonrpc.mk,kernel,746,51fa0f314972901c47729ce397c9ed643b95fdb70095a57535b41bc71bfc8177
external-and-mods/kernel/vendor/qcom-gyro/src/libssc/0001-meson-make-tests-optional.patch,kernel,1130,56abd9b720173abdb2f796acb6e8bb03808b27b598b7fc41e6d84e375ffd79cd
external-and-mods/kernel/vendor/qcom-gyro/src/libssc/0002-meson-make-introspection-optional.patch,kernel,1295,7a59b37bdec85c22c80d712d5a90f983b5e5e91c8a5935d57649a99279ffddea
external-and-mods/kernel/vendor/qcom-gyro/src/libssc/0003-sensor-allow-sample-rate-override.patch,kernel,2476,1157d5391cdec7668a80483b7bd24d46d78aeeacadec5782525e95d3063315a6
external-and-mods/kernel/vendor/qcom-gyro/src/libssc/0004-cli-document-gyroscope-units.patch,kernel,1861,ac27d4a93b63a4dcb0a46bc7b9fce214e4575c3bb98cb4c1a2dfecd5ddb892c3
external-and-mods/kernel/vendor/qcom-gyro/src/libssc/Config.in,kernel,482,23995eeb24f5f69540a560604bd04c81db671d1f9129afbbee861b7a72850091
external-and-mods/kernel/vendor/qcom-gyro/src/libssc/libssc.mk,kernel,604,6b3a97a230da7fdbf9457d380b2617bd71b75b00bb11d7501ebefa47cdaf745e
external-and-mods/kernel/vendor/qcom-gyro/src/qcom-sdl-pad/dualsense_blobs.h,kernel,4236,2fe80aafe0ccda52a77b207653ed5817d0320aefe9ae930a390511edfb1eaa0e
external-and-mods/kernel/vendor/qcom-gyro/src/qcom-sdl-pad/qcom-sdl-pad.c,kernel,25596,cbfa2ddf600028e59ae78fc43a2d0012dc3c8fe6440139e7faa4b03e094de9eb
external-and-mods/kernel/vendor/qcom-gyro/src/qcom-sdl-pad/sdl-sensor-check.c,kernel,1279,d51babc2219cbf35ed6f6fe794626796b73a0880cce2508e9578baf0d2f43dbd
external-and-mods/kernel/vendor/qcom-gyro/src/qcom-sensors-rpc-supervisor,kernel,697,0ec8d306c033a0ae26e598bddecca8dd496943a3db80d0444bb38ce50a6e9353
external-and-mods/lsfg-vk/.clang-tidy,lsfg-vk,1215,33528a3e904be881d49fadc8da6e89d6367be1ead05902c3f2fe40427dd3cdb3
external-and-mods/lsfg-vk/.gitattributes,lsfg-vk,70,3d1e59503d45417b25301f849dc37f179cb2126924bbc2d1ba2963530db5d90a
external-and-mods/lsfg-vk/.github/FUNDING.yml,lsfg-vk,39,bbb4f76f676ec6d456b31fd175c28ba8aaf54a8e051deae6e355464bedbac988
external-and-mods/lsfg-vk/.github/ISSUE_TEMPLATE/bug_report.md,lsfg-vk,1129,70a86cf4868ee04969993ea84f3bc54c99c90df48d0d87bdf423ae1d5235904a
external-and-mods/lsfg-vk/.github/ISSUE_TEMPLATE/compatibility_report.md,lsfg-vk,1184,c90885d8059df0f74933e2823a11358c9902c5e705fffa3b14f31161c2b6c5e4
external-and-mods/lsfg-vk/.github/ISSUE_TEMPLATE/feature_request.md,lsfg-vk,492,3e9ac81321a10a4cf312796a1d1cc7c65ad0797ee75f6900b37426f1547f6b8a
external-and-mods/lsfg-vk/.github/workflows/build.yml,lsfg-vk,2479,9b041cf0fb8c91d62b13db7883b1efafa0b80433cf52afb3e8ca3b9bcf38fad2
external-and-mods/lsfg-vk/.github/workflows/flatpak.yml,lsfg-vk,773,771c4b9ef3df2cc58a9248ee8726c9abd2185629c040f0ca4038a7d0f2d378d3
external-and-mods/lsfg-vk/.github/workflows/package.yml,lsfg-vk,1224,0c755c0f771fd9a9921a78cf91132c6eb83fe78f4de3236031722512bf9e8d50
external-and-mods/lsfg-vk/.gitignore,lsfg-vk,103,a837df5d32ee20d7ee864a5cd3006eb2ecc1971385b7b1a1136ac69450b3c372
external-and-mods/lsfg-vk/.gitmodules,lsfg-vk,400,715ef54d398229d6c948ffb4cdcc20e66ff7b3b8ad0ad1829fa20af5622e7a55
external-and-mods/lsfg-vk/CMakeLists.txt,lsfg-vk,2394,b6bb32e4769b62a93f5c0d989d90c13d9c29a39d05874e54691f48ed6d103cb0
external-and-mods/lsfg-vk/LICENSE.md,lsfg-vk,1067,81fd6d483875f1d1520fa327f2139eda0bae28106863953ec57171d60a356b2f
external-and-mods/lsfg-vk/README.md,lsfg-vk,1764,f3b91bfac7ae04147a255fe8e26bdb81d324030768389d8a7c3a35edc72ec526
external-and-mods/lsfg-vk/VkLayer_LS_frame_generation.json,lsfg-vk,506,48c22eec9cfcea8afecef980586e26efa089849f44a12e8ffa961c1b4a276fbe
external-and-mods/lsfg-vk/framegen/.clang-tidy,lsfg-vk,1215,33528a3e904be881d49fadc8da6e89d6367be1ead05902c3f2fe40427dd3cdb3
external-and-mods/lsfg-vk/framegen/.gitattributes,lsfg-vk,70,3d1e59503d45417b25301f849dc37f179cb2126924bbc2d1ba2963530db5d90a
external-and-mods/lsfg-vk/framegen/.gitignore,lsfg-vk,77,89d6975a10016dff45f13e2a4e26632f358023b1067b91542458e57f8caf015e
external-and-mods/lsfg-vk/framegen/CMakeLists.txt,lsfg-vk,1919,217aed6ebfa72319f5fbb4aed2936fcf8d60eeadf79586b707795fa708c04128
external-and-mods/lsfg-vk/framegen/LICENSE.md,lsfg-vk,1067,81fd6d483875f1d1520fa327f2139eda0bae28106863953ec57171d60a356b2f
external-and-mods/lsfg-vk/framegen/README.md,lsfg-vk,1316,3d4d11972d98b00455ff84de64de6d5f25878a581ab634ac7c2e966eadc9d4e4
external-and-mods/lsfg-vk/framegen/include/common/exception.hpp,lsfg-vk,2068,0ab7c503bfe3fa28855404a505987ccd589a1a5d1e5996db43247de68bb8cea5
external-and-mods/lsfg-vk/framegen/include/common/utils.hpp,lsfg-vk,3575,2b88faf9dbb3e6bf6d80155d17098f5729b276215376287b680a0f04b60c00da
external-and-mods/lsfg-vk/framegen/include/core/buffer.hpp,lsfg-vk,2172,6a5a876333d434092e258401f051a6b094784c424fea83a704267cd1a78fa484
external-and-mods/lsfg-vk/framegen/include/core/commandbuffer.hpp,lsfg-vk,4023,a0429eab840179937f19ee84d3f27ee28fffd3b524cae0ed18162cf8447230ce
external-and-mods/lsfg-vk/framegen/include/core/commandpool.hpp,lsfg-vk,1108,63fe35485d0c7c53d6a9db3e02188de87e8c3d99029b6cdb0b34af6d276c1f87
external-and-mods/lsfg-vk/framegen/include/core/descriptorpool.hpp,lsfg-vk,1162,6d950eb4b6a467d38bbb4729e0551d628b98b11982ea0a372613f92957777d16
external-and-mods/lsfg-vk/framegen/include/core/descriptorset.hpp,lsfg-vk,5189,8288953436b247c6f6819228005bbde30f693269ae22b85ba98ec2cb012dac33
external-and-mods/lsfg-vk/framegen/include/core/device.hpp,lsfg-vk,1648,91cc80dacce8f7bc8a249533ce5e2757c7842b160af42c721ba3bf38428b2d5d
external-and-mods/lsfg-vk/framegen/include/core/fence.hpp,lsfg-vk,1701,272a74b714a30e356bfa526b2663aa6d5ffff025865f520bfd51f73ae5fde414
external-and-mods/lsfg-vk/framegen/include/core/image.hpp,lsfg-vk,3199,584cba89c7faba264766e30bbcaddd7a9a0b22ef9bdd6bb5e81bcd51f252fb26
external-and-mods/lsfg-vk/framegen/include/core/instance.hpp,lsfg-vk,939,0bedad1383c51c90e40798a889f8edcdbfe12884fef9791a69da65fa4d5842bf
external-and-mods/lsfg-vk/framegen/include/core/pipeline.hpp,lsfg-vk,1597,6fd95b053edb56df783950e50d9c16686b922e65b8cc2098545638f3ba972908
external-and-mods/lsfg-vk/framegen/include/core/sampler.hpp,lsfg-vk,1309,cfdffddeb4042050d0eaba1509e71e0a4c449acae7b754b9c652481f99d49a02
external-and-mods/lsfg-vk/framegen/include/core/semaphore.hpp,lsfg-vk,2618,cadb761957cdc977c1bf70c35d56eee28d9d250f67e304c3d7c82f00c54f3f64
external-and-mods/lsfg-vk/framegen/include/core/shadermodule.hpp,lsfg-vk,1643,130e3e5c05b42269966d54447a94790ba71d7ad7c9357b9619865708649435d4
external-and-mods/lsfg-vk/framegen/include/pool/resourcepool.hpp,lsfg-vk,2127,fd4c37163e5ae05db0d3661569cac98151b8701c5002dfc24bcafcfe63c7d6d4
external-and-mods/lsfg-vk/framegen/include/pool/shaderpool.hpp,lsfg-vk,1942,4357126f9eb45330a3330f8771cf940a714f40d98cbfda9d44527e599e5c4c4a
external-and-mods/lsfg-vk/framegen/public/lsfg_3_1.hpp,lsfg-vk,2298,2ea2479c5eda5f0f4f55e06a5dc31c493dcb7a4fda35266effb9ea115807f9dd
external-and-mods/lsfg-vk/framegen/public/lsfg_3_1p.hpp,lsfg-vk,2299,71dea8e2c6433cf3df7254b1af82ad0f7ca9612cd571880b1067630ae07d4555
external-and-mods/lsfg-vk/framegen/src/common/exception.cpp,lsfg-vk,664,fe253a3f426ba46c79eded8db304599eb9813e3c5e5634c80d3d56154476054b
external-and-mods/lsfg-vk/framegen/src/common/utils.cpp,lsfg-vk,6441,8e1a836efdbd843e110a08e6261e6ed2b2a2e7e5ee049c2c0c277d5b11a67463
external-and-mods/lsfg-vk/framegen/src/core/buffer.cpp,lsfg-vk,3237,346797918ff1bdce1e5d98255231c4bf3696576a0a3561c398de6780477b56d0
external-and-mods/lsfg-vk/framegen/src/core/commandbuffer.cpp,lsfg-vk,5043,107f646fe5078ce2c60225b7d5aac388f9b49b022a9996c27ff672fb89a5f93a
external-and-mods/lsfg-vk/framegen/src/core/commandpool.cpp,lsfg-vk,1002,64d9f3c55fb502938b2adfe2ea1af27a529ded28438d2c8f205ad43d1cfa2c60
external-and-mods/lsfg-vk/framegen/src/core/descriptorpool.cpp,lsfg-vk,1556,f6799b97ccd118f5d7d8ca2b99fc33651ae4729ccaae37263d6cb11ccf89143a
external-and-mods/lsfg-vk/framegen/src/core/descriptorset.cpp,lsfg-vk,4409,b6ac55e1a333ee3300b153926b6a0c312a5521d3eec06e7f97ecdc6cc34c0cc9
external-and-mods/lsfg-vk/framegen/src/core/device.cpp,lsfg-vk,4287,868e64d0471a111db11588dd35b35cdbb2a674a061b17a96c006f81b9f65601b
external-and-mods/lsfg-vk/framegen/src/core/fence.cpp,lsfg-vk,1434,c6c033fa6904b37ac913f8dfbd3c83cf0206f95df789ff66585e5c206c6c9cf2
external-and-mods/lsfg-vk/framegen/src/core/image.cpp,lsfg-vk,8963,b18cd79d9e9048561c02213af654e1a656b7ea5bd8f7eb5bc40982ab798ad49a
external-and-mods/lsfg-vk/framegen/src/core/instance.cpp,lsfg-vk,1419,1df61c83bd513b477392d2120875178f5fe01ddca1e68b0392b2386bc3a3e20f
external-and-mods/lsfg-vk/framegen/src/core/pipeline.cpp,lsfg-vk,2259,25841744cb0156e99897c2bd5d5d5fd19e819d262df55792b7e5edd56bbb933a
external-and-mods/lsfg-vk/framegen/src/core/sampler.cpp,lsfg-vk,1373,3851b6a36a175cf0e1d5ea96c36e689740a8cf960d7c6d01f3e03eb74e1268c8
external-and-mods/lsfg-vk/framegen/src/core/semaphore.cpp,lsfg-vk,4037,7c3760f5e61a483444e5bbdce58250292690b32ff4aabda47c0807342e78de69
external-and-mods/lsfg-vk/framegen/src/core/shadermodule.cpp,lsfg-vk,2606,467afabe7f2e044dd2b32cca88dd6cf07f578930977b60ab5cc9b9b83a055a43
external-and-mods/lsfg-vk/framegen/src/pool/resourcepool.cpp,lsfg-vk,1963,09959967db377cff3ce76586d97644231777b384d7f66ebb091e9abe9c61f982
external-and-mods/lsfg-vk/framegen/src/pool/shaderpool.cpp,lsfg-vk,1272,477f4421a601f4173ee6aeaec94029194c808d07728038ae762639015f605653
external-and-mods/lsfg-vk/framegen/v3.1_include/v3_1/context.hpp,lsfg-vk,2787,fe425b12c15ecb1552f375e62bd9514e5a8bb875181171ca5c07d09d525a4ca5
external-and-mods/lsfg-vk/framegen/v3.1_include/v3_1/shaders/alpha.hpp,lsfg-vk,1713,97ea5400a903d20e2b115ee5d2b2b43becd8f15a05ce50fabfbb1b5888edced3
external-and-mods/lsfg-vk/framegen/v3.1_include/v3_1/shaders/beta.hpp,lsfg-vk,1826,627684462acc5fc254ebc2e7a09d1d08158443dd83f9cce4cae65d9c131b2987
external-and-mods/lsfg-vk/framegen/v3.1_include/v3_1/shaders/delta.hpp,lsfg-vk,2693,eecd5fd7a12862e8ef84a1e2cda2e71d3ab123c9d41192e9d42acd58f0b2a588
external-and-mods/lsfg-vk/framegen/v3.1_include/v3_1/shaders/gamma.hpp,lsfg-vk,2215,4f03b5e81688a2892f99b3ab6e14b9f5fe1d59fd1e7596f5b63be81a9dba5d89
external-and-mods/lsfg-vk/framegen/v3.1_include/v3_1/shaders/generate.hpp,lsfg-vk,2061,665c9c59f279c845e3ee31df4e9fd206ab505cbb6df22fcf7f85a2d24b0d15f0
external-and-mods/lsfg-vk/framegen/v3.1_include/v3_1/shaders/mipmaps.hpp,lsfg-vk,1663,cb7b6690bfcd3da285be98d2fac1b6a8f2d8d5aab86f95baf69b26d52ecfa5fe
external-and-mods/lsfg-vk/framegen/v3.1_src/context.cpp,lsfg-vk,4835,b265e55c259b1dd64820ba471d9016559abedb236613d955adaff4d6cd4f9877
external-and-mods/lsfg-vk/framegen/v3.1_src/lsfg.cpp,lsfg-vk,2919,10e2fadd89da34d9d3a823cd342449addd5874f9f13a2c8f3249f12963f9ae3d
external-and-mods/lsfg-vk/framegen/v3.1_src/shaders/alpha.cpp,lsfg-vk,5282,d9e199ab05c6f2200bc7efc2322bd644bb42c1f317953431fc984c81a90d6261
external-and-mods/lsfg-vk/framegen/v3.1_src/shaders/beta.cpp,lsfg-vk,6318,78d0452711e4931968aefddb6c58b8e8e5977d2cb24fe45152f910d2efc635c6
external-and-mods/lsfg-vk/framegen/v3.1_src/shaders/delta.cpp,lsfg-vk,15239,ed39eb0410fbe2aee3e555699d3ff38bdd02c225d31b79bacbb14c1fcf179a34
external-and-mods/lsfg-vk/framegen/v3.1_src/shaders/gamma.cpp,lsfg-vk,8229,bc8c0a6125137c1e07cc82c642976d4e04bd628c62b3d54bcc987f72400ba472
external-and-mods/lsfg-vk/framegen/v3.1_src/shaders/generate.cpp,lsfg-vk,3400,998c2017e355d412d27dce6d3d5afaf22c1a11d856aa8904b171237b755a59d6
external-and-mods/lsfg-vk/framegen/v3.1_src/shaders/mipmaps.cpp,lsfg-vk,2528,2763a29220e31cdf6c6fafa50a964c6a06addadecf32ad97f1ca3713f65d9767
external-and-mods/lsfg-vk/framegen/v3.1p_include/v3_1p/context.hpp,lsfg-vk,2788,33157704c5c53d9c9fc5cdaf8906b188d6ea9ab23524784c20a5d2383c8ca075
external-and-mods/lsfg-vk/framegen/v3.1p_include/v3_1p/shaders/alpha.hpp,lsfg-vk,1682,1599b065a08dd1dc71d2ba6219c0d4d7443f21c994ba6c1170ecce49e9d302c2
external-and-mods/lsfg-vk/framegen/v3.1p_include/v3_1p/shaders/beta.hpp,lsfg-vk,1826,9055f798c0145130bf6e69ddf8914ae5075acfa87a91588e9f9b3ef6094c0fad
external-and-mods/lsfg-vk/framegen/v3.1p_include/v3_1p/shaders/delta.hpp,lsfg-vk,2693,9e939b6f64342a2bca2f6693b49e47cdc00246f256fc7708bf42b07c69d67849
external-and-mods/lsfg-vk/framegen/v3.1p_include/v3_1p/shaders/gamma.hpp,lsfg-vk,2215,308b0a31a69ac65247676cc6cf1d3c873b2925355fa94dbc16640d4ff07de69c
external-and-mods/lsfg-vk/framegen/v3.1p_include/v3_1p/shaders/generate.hpp,lsfg-vk,2062,ff3073560eb26bd39c0ab9d735bccad208e9cdd55f721b9d8b04a9e00fe72234
external-and-mods/lsfg-vk/framegen/v3.1p_include/v3_1p/shaders/mipmaps.hpp,lsfg-vk,1664,9be68cb95745053c98c3bd65fa850e3936a8c4da2307f593dc704999cdff1da1
external-and-mods/lsfg-vk/framegen/v3.1p_src/context.cpp,lsfg-vk,4859,f1d6121060edb880f115b31bdd4bba8852482399f9c5eb97dba88dd493d46531
external-and-mods/lsfg-vk/framegen/v3.1p_src/lsfg.cpp,lsfg-vk,2927,b67d90523e2eaebc57949e54ac60183849eefa41a2cdd443d2f33a20c2963f51
external-and-mods/lsfg-vk/framegen/v3.1p_src/shaders/alpha.cpp,lsfg-vk,5220,feef5d9f53653698f9ddbd41e7bd4ca8e27973087fce2505e9a17e046cfe11b0
external-and-mods/lsfg-vk/framegen/v3.1p_src/shaders/beta.cpp,lsfg-vk,6339,5cb8792e2362d5dc091f88557bd4d07cc14f01fc110d1c5acbc071254d5462d9
external-and-mods/lsfg-vk/framegen/v3.1p_src/shaders/delta.cpp,lsfg-vk,14207,072e4f50fb32cc94dde581049d6d61aee2ffde226b2add61c277dd43f4165f86
external-and-mods/lsfg-vk/framegen/v3.1p_src/shaders/gamma.cpp,lsfg-vk,8044,84e02109a963541f26b09519b38a0acef7f875c446f8b82011c58bc45f3be2f6
external-and-mods/lsfg-vk/framegen/v3.1p_src/shaders/generate.cpp,lsfg-vk,3406,cd4737a3e05b7dd89076f7c3751aa2b67dc5578d63b09d9cee40fb06dadc84f1
external-and-mods/lsfg-vk/framegen/v3.1p_src/shaders/mipmaps.cpp,lsfg-vk,2534,5087b1e0018fdcbfda6b3559cb96c8890ed7f1f863f1a22ea3ef8b15aa7fbb07
external-and-mods/lsfg-vk/include/config/config.hpp,lsfg-vk,1753,17950fd2de37a1c6057bb2ad460e2fa1128b99b9e3a9b9aa6f2c3be46087bd75
external-and-mods/lsfg-vk/include/config/default_conf.hpp,lsfg-vk,607,a820eb662a14d451a5ba68e9385c1b1c52e31f2bc61fb356f57e3ee4ebabf66d
external-and-mods/lsfg-vk/include/context.hpp,lsfg-vk,3101,ecaeb4eeb7cbaac22659c4c411fea5a04dd953f00af5b7448d5f80cfa3ef1000
external-and-mods/lsfg-vk/include/extract/extract.hpp,lsfg-vk,518,5d0af107f64492f169b1a0cae870cceb34553714bfff6219621fc4d1fc6d0c24
external-and-mods/lsfg-vk/include/extract/trans.hpp,lsfg-vk,329,539b6f736efee26a49273431b738f3a901258f0afa78d2746ceca55af650f581
external-and-mods/lsfg-vk/include/hooks.hpp,lsfg-vk,467,2ee611894601d2cc61fbbe2f7c91ec12753962286758c7daa4e03c8481acaf1e
external-and-mods/lsfg-vk/include/layer.hpp,lsfg-vk,8416,15cfa14bf8e139d523da28a1bf5b3a29144135ced1e50f68bdcfbe298759a398
external-and-mods/lsfg-vk/include/mini/commandbuffer.hpp,lsfg-vk,3028,d3012faf3edecd9aee9395cdc1693e6dcfb6c96b0355bdb2380667161177d563
external-and-mods/lsfg-vk/include/mini/commandpool.hpp,lsfg-vk,1182,d8e4e01bb6e577d58632d6162d0826465b8fa218101253d98fe7553272999c6e
external-and-mods/lsfg-vk/include/mini/image.hpp,lsfg-vk,2131,2db015c71d6136c765b519ddd416e3b95d6f39d06636bcbe611b924cabb90d22
external-and-mods/lsfg-vk/include/mini/semaphore.hpp,lsfg-vk,1322,9006854fead0c83102672a1faa5d3efb4dd0cd8ffc13a920dfb8aa7bec0da801
external-and-mods/lsfg-vk/include/utils/benchmark.hpp,lsfg-vk,271,1364e38524b7bfa46e7914b4ebc930ace8033372a547b55dbe6a93ae79341738
external-and-mods/lsfg-vk/include/utils/utils.hpp,lsfg-vk,3616,0ea73e324b3ac3d68a8747d64c4bf4da8607db11584126fd563efdb6d067dd93
external-and-mods/lsfg-vk/scripts/build/appimage.sh,lsfg-vk,2362,954a66bbb508a3683534c6c6b9342e0e82ad09e93ab34ed3b7a9788256f2d9dc
external-and-mods/lsfg-vk/scripts/flatpak/VkLayer_LS_frame_generation.patch,lsfg-vk,537,b98d102818d01308e66ce235f418475665b1831e3450aba108205a0d9319f193
external-and-mods/lsfg-vk/scripts/flatpak/org.freedesktop.Platform.VulkanLayer.lsfgvk_23.08.yml,lsfg-vk,810,120b72d8ce8edefcfc8a799f4a0410a46d78a6f319deea1323443b0c586c3b8a
external-and-mods/lsfg-vk/scripts/flatpak/org.freedesktop.Platform.VulkanLayer.lsfgvk_24.08.yml,lsfg-vk,810,f153e4c51b6bdccb69fa521c2f21cbbcfbf17aa24ea2b2b97165810c6f2b04d8
external-and-mods/lsfg-vk/scripts/package/alpm.PKGINFO,lsfg-vk,304,2ca78028450e1d4dfc970e96559e0335cbf7a210121140186a0c85bf36462b83
external-and-mods/lsfg-vk/scripts/package/dpkg.control,lsfg-vk,320,bc624926605c6696b438a3e99a9f2c949c76e5a8e88c781a423d6356d44bf351
external-and-mods/lsfg-vk/scripts/package/package.sh,lsfg-vk,2636,d337cf6374ea0053b20cf2fb443af992506bf4847e0cfc9a5771866bd275deb5
external-and-mods/lsfg-vk/scripts/package/rpm.spec,lsfg-vk,1213,7042264287b1ffcf51ecece41ccff11b98bd6941de0fc92db869ab78ee2bccbd
external-and-mods/lsfg-vk/src/config/config.cpp,lsfg-vk,6018,4ff8efb3ec3aa377b895c2fc16e839e4c812f69e5b3785e54cac401e82b1ffee
external-and-mods/lsfg-vk/src/context.cpp,lsfg-vk,9714,9bbc79b3030213cf6e80f89de1ada135a4f816c1a0b2b4dac5e51fc2a0753225
external-and-mods/lsfg-vk/src/extract/extract.cpp,lsfg-vk,4490,5ae2e19840ee3fd0750f65fa93a98cc0b0b54192333d4ba983082c785d8cf385
external-and-mods/lsfg-vk/src/extract/trans.cpp,lsfg-vk,2447,324e983ec9c3636dcd3c042cc5cf4ee737ccf1e560cc5e9b0967039e980fa4e8
external-and-mods/lsfg-vk/src/hooks.cpp,lsfg-vk,13056,2ce912fec1dccf544584f2a0d1a2ed286f6902179cf246d67726825193800c0f
external-and-mods/lsfg-vk/src/layer.cpp,lsfg-vk,24048,72cb864f47ed23d9651414edb1fbbf6bb34e62a4f84607cfdce45a1a91c8957b
external-and-mods/lsfg-vk/src/main.cpp,lsfg-vk,4968,96ac67f87776434d281fed431dbc826199cbcdc4dda9915d2c542f0c58543523
external-and-mods/lsfg-vk/src/mini/commandbuffer.cpp,lsfg-vk,3507,1460f70a2763d38f36eb145e31ef0ecaad960da54e7acf4c1f2606ed027ad0e7
external-and-mods/lsfg-vk/src/mini/commandpool.cpp,lsfg-vk,995,f5fecd6330bd88837818088eeda03bc92a7ec7f5e3e043981bb303ad261e0a61
external-and-mods/lsfg-vk/src/mini/image.cpp,lsfg-vk,4169,57662de18db78cd18ade7bb147a4f12057f823c0d7b495375cc187647291e371
external-and-mods/lsfg-vk/src/mini/semaphore.cpp,lsfg-vk,2207,c18b7457f79073aa3ec1639f6ebbbeca40f7157c709cc5accf43b5446e76bc00
external-and-mods/lsfg-vk/src/utils/benchmark.cpp,lsfg-vk,3634,8c2deb10188de5356b81c990d3346ac1261709bdf44009051ee72d568f8bb125
external-and-mods/lsfg-vk/src/utils/utils.cpp,lsfg-vk,8597,488382062c0953e371e5b06221a9eb5b8713f2503c4d418b29ae4d9df808203b
external-and-mods/lsfg-vk/ui/Cargo.lock,lsfg-vk,35709,203e16c0874ade7ba0d64cc1a84cc0ac5d420393bdaf0ae5ec9085d98befaabb
external-and-mods/lsfg-vk/ui/Cargo.toml,lsfg-vk,392,79ba831a0bc6f3234f6b4da54847574e372ca7eda70365c537df965d9b84393d
external-and-mods/lsfg-vk/ui/build.rs,lsfg-vk,136,83045d33e274f241c65e3d28ff8dbaf7c47bb1867a91f323216fb741faf73015
external-and-mods/lsfg-vk/ui/rsc/entry/entry.ui,lsfg-vk,1038,879316bf5278465c85d92c1348d68e9aec6950ff821e9bf9568f46c80db94043
external-and-mods/lsfg-vk/ui/rsc/gay.pancake.lsfg-vk-ui.desktop,lsfg-vk,354,2c051e4510296bb7cabd42cb526d3d8bd53b57d15e9242059baf9c5f361bec71
external-and-mods/lsfg-vk/ui/rsc/icon.png,lsfg-vk,2245,deadef5125fe8f3567cf6849b7390f9e382725a0ed621a5c2e98dd5c5455b124
external-and-mods/lsfg-vk/ui/rsc/lsfg-vk.xml,lsfg-vk,1000,02539f1c7551f6f919d782a22d1979a780ff8576b1b179c729ee2b586d75220f
external-and-mods/lsfg-vk/ui/rsc/pane/main.ui,lsfg-vk,4541,231d017bccde5d510420e0a11abafaf8462df5923e689241b93d2334c253d611
external-and-mods/lsfg-vk/ui/rsc/pane/sidebar.ui,lsfg-vk,1845,ab7c2fea1596b06bd1c9d46bf215d234e0156f3fdfef203b82ca4d9ce6d282aa
external-and-mods/lsfg-vk/ui/rsc/popup/process.ui,lsfg-vk,1532,a02bd97ac83b5f513b1d7d32bb348cc332c7c8d92414acc062f1e339993197d4
external-and-mods/lsfg-vk/ui/rsc/popup/process_entry.ui,lsfg-vk,619,f0d4d50ec983d46e960beb1b6bbcf150d57b1f77f85dbee4cecb535b83605fd9
external-and-mods/lsfg-vk/ui/rsc/pref/dropdown.ui,lsfg-vk,1906,af6d0d3be3c2d3f02232c8dc9c7972072dbd3faec7c0d3e4238cf53e41b6dab3
external-and-mods/lsfg-vk/ui/rsc/pref/entry.ui,lsfg-vk,2259,035afb993ea00f6e5320acb4dbda242640676a60c7d198b359c83c2febc38f18
external-and-mods/lsfg-vk/ui/rsc/pref/number.ui,lsfg-vk,2149,35d68b37addf26d5251d69f68503c0bee7debc9168c5d17335f06e5db0b09be0
external-and-mods/lsfg-vk/ui/rsc/pref/slider.ui,lsfg-vk,2160,a58ad12abf2a17d395e64bf82ea79995124499a8f20938161920c8cdfa2e97f3
external-and-mods/lsfg-vk/ui/rsc/pref/switch.ui,lsfg-vk,1874,1030f8f2ff4a3a258e46fb18d4bcddf9d925531fd60d2e43567f02db8a7a0f09
external-and-mods/lsfg-vk/ui/rsc/window.ui,lsfg-vk,862,a527bd0b5a802c761f1a592af6c3a2926ebbe06bb7bda85a64ce78f82e907a6b
external-and-mods/lsfg-vk/ui/src/config.rs,lsfg-vk,5123,3c6ed69edf707894316c05f55dc6cb8c33f8ee0eadc94422040ec1ee046fa226
external-and-mods/lsfg-vk/ui/src/config/structs.rs,lsfg-vk,2298,2d580c1878299cca3e940c5bd3a3a8c56db73397af1639a1e9824f6fd5aeb73f
external-and-mods/lsfg-vk/ui/src/main.rs,lsfg-vk,834,cef3ba6f10fac48f8f9e96802a4e30c943a8f010c3e8962f8c7893f5a4599c7a
external-and-mods/lsfg-vk/ui/src/ui.rs,lsfg-vk,1245,22ea1ba04f326ed78417b264b4b10047008adc28364bf8798bfd72d8c919a070
external-and-mods/lsfg-vk/ui/src/ui/entry_handler.rs,lsfg-vk,1786,ca857f5be6f85edbb8498993fbd512583f0dc9bdb9b77ec63ffa482d034b10a4
external-and-mods/lsfg-vk/ui/src/ui/main_handler.rs,lsfg-vk,5650,4211c91cac962ce0fddd311e6df54f964016dd32f4c7bb6966cf391714237148
external-and-mods/lsfg-vk/ui/src/ui/sidebar_handler.rs,lsfg-vk,2597,64e8d76ce6f059d2273619c13faf238221369726d6182ab235d2425407822c9e
external-and-mods/lsfg-vk/ui/src/utils.rs,lsfg-vk,902,e9b3f3b24007aec1f09eec4878d5c3f0855aeb7ec74b9e273b4ba461994e8025
external-and-mods/lsfg-vk/ui/src/wrapper.rs,lsfg-vk,2173,75716a1d81d840d05abe38beae455b5d1fdf6fd6d00c01871d233f2888fd03b1
external-and-mods/lsfg-vk/ui/src/wrapper/entry.rs,lsfg-vk,352,940173d4effca360993360c3a1cffd17d6cf51653d65450483238c052bae1374
external-and-mods/lsfg-vk/ui/src/wrapper/entry/entry.rs,lsfg-vk,951,c41231d881bbc098dfae6c81544d5f38e4032e760af59fbdec4ca06e3b831a27
external-and-mods/lsfg-vk/ui/src/wrapper/pane.rs,lsfg-vk,726,9c972190299a43ba187df63e1c4db683f28882048ae3684cc156aec1dbaee46c
external-and-mods/lsfg-vk/ui/src/wrapper/pane/main.rs,lsfg-vk,1280,6387e19666b623db1c7359664c2869ad7b7034e3a525b354580a0fe82539f428
external-and-mods/lsfg-vk/ui/src/wrapper/pane/sidebar.rs,lsfg-vk,913,e965b851181d5a0addbc0547568915cf1c2f4cc7f71e2a8e5d12acd12f7fe0ce
external-and-mods/lsfg-vk/ui/src/wrapper/popup.rs,lsfg-vk,904,c47fc9889edb56f7af0648d1962404a8acd512aa4061c685b799db329e378071
external-and-mods/lsfg-vk/ui/src/wrapper/popup/process.rs,lsfg-vk,1079,40bf2b06ad258711b875b02759f22c509957ee41c6e0301fb06678f95c179fca
external-and-mods/lsfg-vk/ui/src/wrapper/popup/process_entry.rs,lsfg-vk,948,87229db34f927d83d023d902c53a0824f5017227e1adcd55a7a5074977d21bbf
external-and-mods/lsfg-vk/ui/src/wrapper/pref.rs,lsfg-vk,1864,04e8aeb0368d7f2cd641170f40e0973445d0ca669131ab51972743cf68e71b58
external-and-mods/lsfg-vk/ui/src/wrapper/pref/dropdown.rs,lsfg-vk,1286,db1765a1ea73f53c94f19f97de37c609b2363a5995442612d00eab058d85771c
external-and-mods/lsfg-vk/ui/src/wrapper/pref/entry.rs,lsfg-vk,1365,7428df0cdcc5472d48d93d3a45d46d84fc73c08738e46a38ad0bd4315c407891
external-and-mods/lsfg-vk/ui/src/wrapper/pref/number.rs,lsfg-vk,1138,26818a2742fad41014fae86e953f8d1c01155301ba3a9de2291c2b12a53f0969
external-and-mods/lsfg-vk/ui/src/wrapper/pref/slider.rs,lsfg-vk,1133,366a0373f8e63fb261d25b669d6bf3d1dd6915b625819c2f5c5f67bf36ff6a1d
external-and-mods/lsfg-vk/ui/src/wrapper/pref/switch.rs,lsfg-vk,1194,92563c8ccba719614ce059a0307d7e7e50ab3f0ee96b5c17450d6ce11ca2f7cc
external-and-mods/mesa-sm8550/MANIFEST.sha256,mesa-sm8550,703,9ad77aae224839ef79a7397d6263d8f0fc21803cd390fd16f33636fdfe174e29
external-and-mods/mesa-sm8550/README.md,mesa-sm8550,3131,93208e83881376f7c65ae92702dccbdfa6aa021357f9aee296ecdf57dfc7a781
external-and-mods/mesa-sm8550/opengl-working/dri/libdril_dri.so,mesa-sm8550,2785176,fc5877ee50334843fbd8134a6ef6e60caa3de6ac6f21536226c5d498f4269e00
external-and-mods/mesa-sm8550/opengl-working/gbm/dri_gbm.so,mesa-sm8550,76264,03ab6640c234c85cb5ad89452d70f9ee9735e6da7b28c02c42d8c3f7893071ae
external-and-mods/mesa-sm8550/opengl-working/libEGL_mesa.so,mesa-sm8550,16,64cdfb8c6f214a7bcdc371ef90a29568f8afecc284253232156d58e2f965fba8
external-and-mods/mesa-sm8550/opengl-working/libEGL_mesa.so.0,mesa-sm8550,20,0ad3b19e481075a59ce45ee10c18a8805798c5ba8daa066ebc2521a4bf2cb0a9
external-and-mods/mesa-sm8550/opengl-working/libEGL_mesa.so.0.0.0,mesa-sm8550,3107024,e53003030042c8b7c5ddbbfc6d062a99f96267c3f90309a23c60f18e102bcb17
external-and-mods/mesa-sm8550/opengl-working/libGLX_mesa.so,mesa-sm8550,16,aa3dca2ff746b72fb3ebb9ae78b6abc5ca4480f28f77503bccab3b8ea14d4ac0
external-and-mods/mesa-sm8550/opengl-working/libGLX_mesa.so.0,mesa-sm8550,20,4a9f21158c9c9272362a98092a8e7615a9044c0dfdcfceeb64f5223fb086c95e
external-and-mods/mesa-sm8550/opengl-working/libGLX_mesa.so.0.0.0,mesa-sm8550,336672,e5b76ed6224e888a15a07b262db7ede3fb88088244fac440d83bece03fc2d391
external-and-mods/mesa-sm8550/opengl-working/libgbm.so,mesa-sm8550,11,c353deeceb0f0d6881b30a0eed4c7f7871b6e145540fad3a3d4e08c28bb1f7ae
external-and-mods/mesa-sm8550/opengl-working/libgbm.so.1,mesa-sm8550,15,d5a95353e495a8694e2c889fbef653097b8e48f7bc4f93789116ab2c31f72058
external-and-mods/mesa-sm8550/opengl-working/libgbm.so.1.0.0,mesa-sm8550,19168,afffd86ddf1084fad4f5c69c96396b412739702286c6a350d45b2afcd830b07b
external-and-mods/mesa-sm8550/turnip-working/libvulkan_freedreno.so,mesa-sm8550,17060200,c9fa324dd85714a0be9cce35c9457711a735a99e52543c374147ceb8e305856c
external-and-mods/mesa-sm8550/wayland/libwayland-client.so.0.26.0,mesa-sm8550,67704,e6db268b9527a1278ddd831787d8e0e3b6bcb77d96f8ae6420997e38f092fa06
external-and-mods/system-fixes/LSFG-VK/plugin_loader.service.d/fast-stop.conf,system-fixes,241,dda4cbe5092c1563edb65faacdb930048f27b4d9f9c2a586b4662597522ae056
external-and-mods/system-fixes/LSFG-VK/plugin_loader.service.d/fex-steam-rootfs.conf,system-fixes,292,276a8385e323aa41e8b79135837ede18e8d68079abdf80d4bde5c46db805389c
external-and-mods/system-fixes/Thor/README.txt,system-fixes,1352,b2ada27add16b8e15b10066ea334bd7d103cabeef04c1d93821850197eae5606
external-and-mods/system-fixes/Thor/auto/thor-autoinstall.service,system-fixes,485,67d777330e40834fe4d094a5a6371c746e5e836c5e7697bfd1648ebe6c5a127b
external-and-mods/system-fixes/Thor/auto/thor-autoinstall.sh,system-fixes,3700,4ccac57cbc80ea1b177b11baa584e0f66cec3a5d4ec5070f75cbbcea78c473fa
external-and-mods/system-fixes/Thor/fix-thor.sh,system-fixes,3331,f460407e6d94192b44eb1ed5e8204012df32fa8296978c29d23b382dfcca5f1c
external-and-mods/system-fixes/Thor/install-auto.sh,system-fixes,3991,bb4d7402fd50ace6a6f549c4055ef57f0f80c043623c64c437446b9eacb38c46
external-and-mods/system-fixes/Thor/payload/etc/xdg/autostart/thorch-display-setup.desktop,system-fixes,161,9d713415ae99873b109db2b779df08e474930849830ae169c932dd8b4296e3c2
external-and-mods/system-fixes/Thor/payload/etc/xdg/autostart/thorch-kwin-touch-map.desktop,system-fixes,163,812cb4f7b1dd69555c66a98b0c774fd643506fcb1dd00ad6c53b31f18e9a25be
external-and-mods/system-fixes/Thor/payload/usr/bin/thorch-display-setup,system-fixes,2379,b7daae64086cc526b49321aa6b7db524ff7dbd5410171a9b1117f76d1dbe53c5
external-and-mods/system-fixes/Thor/payload/usr/bin/thorch-kwin-touch-map,system-fixes,2016,4a0df89df93a5264e0afd11d3d6137d1f33544d8c1927ad16a78821074140921
external-and-mods/system-fixes/Thor/payload/usr/bin/thorch-touchscreen-setup,system-fixes,1339,6fa4a1e443f16930b0b121434aae700aa95361dfc08ae7e6fd48dba5d0af2d36
external-and-mods/system-fixes/Thor/payload/usr/lib/systemd/system/thorch-touchscreen-setup.service,system-fixes,396,2b9cfc3c6945d7af889fb49396141ebab00ac53acee7800cea41cdaf940c1c6a
external-and-mods/ufs-install/.gitignore,ufs-install,35,620f423012a2114619d641f9994391c99dff76321dbc5a7512c231a2f2a541dc
external-and-mods/ufs-install/DISCLAIMER.md,ufs-install,3484,4eb04dabf691896b3b2d1c23cbd9e75750ad669f36cf1abaccdcc14d49e46c84
external-and-mods/ufs-install/LICENSE,ufs-install,15344,d90ab458f5becfbc351bdb176b7320e5f994a9ad3bc4f6e8a9929e65ec4de739
external-and-mods/ufs-install/README.md,ufs-install,5512,ffc485dd5856a3b0e62af6b2379e785ff7152e114432d7feca9d092f1ae2a338
external-and-mods/ufs-install/easy-ufs-installer.desktop,ufs-install,360,3786c44aeaa65c265e3a7cc054be9606cb3a9d99cc28d6d0ce84b783da9540a8
external-and-mods/ufs-install/easy-ufs-installer.py,ufs-install,12111,e9d3e0895847a332b62c1db970aaf31e79a4261e902731ad703e39d4cf5e3b6e
external-and-mods/ufs-install/easy-ufs-installer.svg,ufs-install,1145,9b532b6a54e68ae73d3f89ada9f758420a0034bbe439cd8dc500fe1af4f6823a
external-and-mods/ufs-install/install-masios-to-internal.sh,ufs-install,26544,505daf32267efbf9eabb79f4a809a0ef72522b70640e66b6e0adac0c41f78f0a
external-and-mods/ufs-install/ufs-bootimg.sh,ufs-install,6866,a73b02795cb7767d90180a4b331ed5dd92b7b45b0edc14b074bb4e6fed18e916
external-and-mods/ufs-install/ufs-diagnose.sh,ufs-install,6589,5a46c12162960a86dbcaf03390ca33d8c218a34f3caf17ddbc9e4776f7fce556
external-and-mods/ufs-install/ufs-fix-internal-boot.sh,ufs-install,5575,9e4393bcabd2536a5452cf4ddb573c4281909f7a5656a3f56efeca031b04c951
external-and-mods/ufs-install/ufs-probe-sizes.sh,ufs-install,3107,8a4280f131612c8d25108e6f5060a4138c4d86bb483b2aab68ed91c5701a1821
make-steamos-sm8550.sh,image-assembly,18975,b7561cf79fe6a81b27e85297ddc4da79cd78f7ebca850860b8fd04585ef7c698
odin-overlay/etc/NetworkManager/conf.d/99-valve-wifi-backend.conf,odin-overlay,67,4d21d0c4e4d46b2f462e36c60b544242f4988f696fb2a010bac50af4b55ff9c5
odin-overlay/etc/inputplumber/capability_maps.d/ayn_mcu.yaml,odin-overlay,5053,ea51ed0fe2ce85b72333174204a655d42ccfad35a9e812919679e299381740ee
odin-overlay/etc/inputplumber/devices.d/02-ayn-odin.yaml,odin-overlay,1385,365900032e82caa59de5d2508174827ba41ef99abe79fb26ca857667e048c6a1
odin-overlay/etc/profile.d/sm8550-gamepad.sh,odin-overlay,198,8026d6b3428f2c8cbffbd31ed592afc70a40b0c8de14d5ef01b2f5ddafe126cd
odin-overlay/etc/sdl2/qcom-gamecontrollerdb.txt,odin-overlay,451,2e9242d2b361fb0ac49f242cb1089c26d5cdc1cbe92f150af7a9e4bbadd80866
odin-overlay/etc/skel/Desktop/Return.desktop,odin-overlay,321,01cc5ef3ba2d7e6925b7287d464f1951e2c1708b316b8d5716e0e34ab51de73b
odin-overlay/etc/ssh/sshd_config.d/99-sm8550.conf,odin-overlay,240,9858110ed4b38bf0a333920d8724a6f2bc4bfc1db49b08d4c92b34b5e7342c1a
odin-overlay/etc/systemd/journald.conf.d/99-sm8550-persist.conf,odin-overlay,84,bc3ad0768b7aedaee16a2d6706ed50739c171f460279feb6f3bc17ae78b45ea9
odin-overlay/etc/systemd/logind.conf.d/20-sm8550-power-key.conf,odin-overlay,470,f41a018fdfb60766de9898ab4ff0ec02756d6e860bf46fcadd3598002966d7c9
odin-overlay/etc/systemd/system/getty@tty2.service.d/autologin.conf,odin-overlay,101,56772e41e0508644ee21fae30db994027bf1f77c8ea811819bdf617fd688c766
odin-overlay/etc/wireplumber/wireplumber.conf.d/52-sm8550-alsa.conf,odin-overlay,982,cf6d4264a48126e572fc22ca043b946a7071f0b47db02079c20db3d0d2e81102
odin-overlay/etc/wireplumber/wireplumber.conf.d/99-sm8550-no-vr-spatial.conf,odin-overlay,359,4579aa432c2fe8284dbe19ec8025bfc47cdfb619f547c034e8057d4dacf33fd6
odin-overlay/etc/xdg/autostart/ibus.desktop,odin-overlay,150,6e1b55190cdb96ba23989ffe5c8d8cde6d86409602d701ff25efcddaa4b9a616
odin-overlay/etc/xdg/discoverrc,odin-overlay,127,f04869dea9cf2db959f35d445512a8183a0f8d9186e8f6f141922dc15ae2ab81
odin-overlay/etc/xdg/kscreenlockerrc,odin-overlay,83,2882507895de19692fecaeed673864480e8a303b0df6a6d821e8544e0562017a
odin-overlay/etc/xdg/kwinoutputconfig.json,odin-overlay,1379,2c6695a375ab600d4bfe1233b6d3f776c8c6d70dbfe4f827f50452f05eabb19c
odin-overlay/etc/xdg/kwinrc,odin-overlay,89,a663d794fb3dc05297f2c9a0f0f053b2ef9275759749ace9f41587694780dcec
odin-overlay/etc/xdg/menus/applications-merged/arm-manager.menu,odin-overlay,332,654206b0870edf6f0be293072597077d283ebd1bfc435dc3e29e2037006adf89
odin-overlay/etc/xdg/plasma-workspace/env/set-return-icon.sh,odin-overlay,752,61a2949518191080a871776b00ae90e37da5e62e2b9b5b5c0fcfb51c12cac9d5
odin-overlay/etc/xdg/plasma-workspace/env/sm8550-flatpak-path.sh,odin-overlay,215,b29198b67ef6e8ca95c7071449fdf331064ba903068b4f7214e25f009e250a01
odin-overlay/etc/xdg/powerdevilrc,odin-overlay,195,b55a6b91cae61f565a78576f315fd26a0b77885a7a6f9ae4fb308f317993c688
odin-overlay/home-steamos/LEEME-ODIN.txt,odin-overlay,2659,0e0cf0fab2f582ce73a8eb1245147c463d7129e245029122a95aa1a131bd8b90
odin-overlay/home-steamos/LEEME-SESION.txt,odin-overlay,667,641af7c7223831b555e01b93ff15455e6e78ddeddfdabb4f14e3d603d3d5521e
odin-overlay/home-steamos/README-ODIN.txt,odin-overlay,3452,c10545a95a0de4c8bca1923323fbca678abc379df8aae934fa3983c7173e1a2b
odin-overlay/usr/bin/flatpak,odin-overlay,332,87e13624bdbf391811ca2cf71e465213f42373e59bfe28eb4b84fbb7f8de5f30
odin-overlay/usr/bin/install-decky,odin-overlay,15145,0faba23097132afd40ebe208ed202fa163f5cca3d4da65fb8495426229481b9f
odin-overlay/usr/bin/jupiter-dock-updater,odin-overlay,771,94f033ad9e753dfa23431507ade44392e85a26cfd91958723ac1652279cba675
odin-overlay/usr/bin/jupiter-initial-firmware-update,odin-overlay,684,06bc522472fc852d9f67d5597eaab5c6eda1f7aa3da7ddc287b1d4d5926e7bc9
odin-overlay/usr/bin/sm8550-fix-discover,odin-overlay,4750,fa5a73c161c1a8fad9fb97be6ed177bde434a7d49b763617438c0efa350a23e6
odin-overlay/usr/bin/start-gamescope-session,odin-overlay,1673,72067804b7a52c311217a34883e83dfbd2cbd769a559f01acb85c1c6349137be
odin-overlay/usr/bin/steamos-mandatory-update,odin-overlay,122,c115d2844380fada3b437cde9ee89c2d753e1c4105215ccbb1998b303be90fe3
odin-overlay/usr/bin/steamos-polkit-helpers/install-decky,odin-overlay,134,fca6d823cdeaf65db891c428183ef517151ea33e3396945e72276871007c7fd8
odin-overlay/usr/bin/steamos-polkit-helpers/jupiter-dock-updater,odin-overlay,150,52034a6ab091c230fed93750cfb9b978ea2d51225a571e9ec03e50559506c587
odin-overlay/usr/bin/steamos-polkit-helpers/steamos-update,odin-overlay,147,684374f7a062d9612fd443bf1b2cd88548d9f1f6008c684c90dcbd1f588889c1
odin-overlay/usr/bin/steamos-select-branch,odin-overlay,1130,9a6c8201c1410b834fc931dca602c670573f982759227208b73a36173d1063e1
odin-overlay/usr/bin/steamos-session-select,odin-overlay,742,6fd26fabbfed48db2cc155211a43d375fd86c7515ee5811340ba2dd63fb7c4ed
odin-overlay/usr/bin/steamos-set-root-password,odin-overlay,403,306b6706ab4cdd1513f74858d877414d84b315d92f4ed9ea75f1bf227f31066c
odin-overlay/usr/bin/steamos-update,odin-overlay,5680,c75fa565ae9efaf69384426fc0c510961400a0c4028f59ffa99d1f369745c1d6
odin-overlay/usr/bin/steamosctl,odin-overlay,1149,81d8831bcf2afd4fb26f5e9bfcf613bf2d3701a7ba1ef2f395355ac990fc13fe
odin-overlay/usr/lib/NetworkManager/conf.d/40-sm8550-wifi.conf,odin-overlay,233,8859f0261b3d6f73bac907d3feaaf93902e72be39a348e7a1fea5c650332b7a4
odin-overlay/usr/lib/environment.d/60-sm8550-gamepad.conf,odin-overlay,140,f5203c7fd4191008aeb4a3a904bccd292db232bca1710b9132ce875415c2a539
odin-overlay/usr/lib/environment.d/99-sm8550-flatpak.conf,odin-overlay,210,4539bc1fe45eea0bef666537f67f75809c12e129fba2d9dbe7c76d3772447a21
odin-overlay/usr/lib/flatpak-session-helper,odin-overlay,310,93f9660501bf0c7d3e464fa2240bea3b13ac31d6269b3114520c9d650f6d598e
odin-overlay/usr/lib/flatpak-system-helper,odin-overlay,304,895f8898167cb98bf3f24cb8526d69dcdecd970ac1fd0373a638d21cac03e78b
odin-overlay/usr/lib/modprobe.d/ath12k.conf,odin-overlay,253,a7c08740f5a5eb75254a47d98508c081f26e9e59e5a24434072d666c7e6cce81
odin-overlay/usr/lib/steamos/gamescope-onready,odin-overlay,4330,116e250bbf2524d61005d3c59e2a1840068883b178348000e29a3fc84181a231
odin-overlay/usr/lib/steamos/gamescope-session,odin-overlay,7485,1cc178404567bfd74b5a0b71f45d44c8694b18fee6d40dad229c21c060aab741
odin-overlay/usr/lib/steamos/odin-bin/mangoapp,odin-overlay,128,a123700d36744fc76cf7095268a85beb6fdb3e61f3a59c89a17eb3a02b21f676
odin-overlay/usr/lib/steamos/odin-bin/steamvr,odin-overlay,125,2aa2742acdedea008802926ee9a6bbc1103f8c8ce57622a08c5a818e8b987623
odin-overlay/usr/lib/steamos/sm8550-audio-pipewire,odin-overlay,4846,34e928d081e649114d340872c927152224bfc60682573780fa66d7585e63f960
odin-overlay/usr/lib/steamos/sm8550-audio-setup,odin-overlay,2098,ee20a4d600cdd61e9f1a1830b13414f2f7766f1a47d5350b7d0fbb6dd7ad9349
odin-overlay/usr/lib/steamos/sm8550-bluetooth-setup,odin-overlay,538,f4350b56d4bf43f80d6fd3bf5eb70ea6a07ba5c45584df01a1656f80ce52447f
odin-overlay/usr/lib/steamos/sm8550-boot-debug,odin-overlay,2497,edaa9eae3d31a919dc81017ed4eddaf840aef96758110e1635c487bb18b57f60
odin-overlay/usr/lib/steamos/sm8550-disable-external-x11,odin-overlay,720,ea178ae9c2e414df90c9f3c0b5f276fbf00d2ebbadc80f4d53479939b7d30e8a
odin-overlay/usr/lib/steamos/sm8550-dock-hotplug,odin-overlay,984,569b84c4946617d33189e4afd0efcd5a30782b50d94595097d7a2c7e1e10d023
odin-overlay/usr/lib/steamos/sm8550-ensure-steam-home,odin-overlay,1483,9f1f9bac347609b2ce607a8bc3f0ef7e0553beb65352a2474e3c22e644a0d479
odin-overlay/usr/lib/steamos/sm8550-fex,odin-overlay,2875,64b23750bab487b19c74233b37210e09d7f69702082edc3a0c285263d8eaed91
odin-overlay/usr/lib/steamos/sm8550-fex-binfmt,odin-overlay,425,d1acb1823b7b6d4880ea6f2f2d4627fc7c3d04ba4acc80ae9797e5d2757bd83a
odin-overlay/usr/lib/steamos/sm8550-fixpad,odin-overlay,4672,5698450b21073907b3566896d546497531e96494e1e209a8dba6fb3737999c6b
odin-overlay/usr/lib/steamos/sm8550-flatpak-env,odin-overlay,321,82b7abebc2fc54a602627cfe3a929cc9d7be0dbc635e05fd02cdfc0c3c9a59f9
odin-overlay/usr/lib/steamos/sm8550-ibus-daemon,odin-overlay,393,92620024c3e9de375b6ba1340be3a5ef2ec32d797406c1b04314d7fe9e5a5bd6
odin-overlay/usr/lib/steamos/sm8550-inputplumber-ext-hid,odin-overlay,3231,664b3f2fddfd498cd786e0a75851381d61ccdc23062512ea5de0362962c02ec3
odin-overlay/usr/lib/steamos/sm8550-launch-steam,odin-overlay,4891,7f5190a6031766e4dbd05ea719347f1bac098a82e506fa22e82d816b348d021e
odin-overlay/usr/lib/steamos/sm8550-mango-config,odin-overlay,4632,7d4a61f9e062c64d51f5eeaa2b33d2459e88ce5b1f80f9a036f0aedd954bc93d
odin-overlay/usr/lib/steamos/sm8550-mangoapp,odin-overlay,6083,8c6333970ebde39978a0ffd5fc1061899fa57e3d16ec915b210f77373a9de9e9
odin-overlay/usr/lib/steamos/sm8550-oobe-restart-steam,odin-overlay,130,352f3b6d9aad0fb55a185bfe3ff77d9db370b1f1e134f15d58d00a5326565366
odin-overlay/usr/lib/steamos/sm8550-open-steam-keyboard,odin-overlay,564,9d163ef408b57cd6742f8de9cc86f0e32043d713b06e4bb29b9d9c211f27a2c0
odin-overlay/usr/lib/steamos/sm8550-patch-steamui,odin-overlay,16204,cea5a22b99f5d9c8d4f789f3fe3b5eb896317ce05a56c81e6abb14c59ef57af2
odin-overlay/usr/lib/steamos/sm8550-plasma-steam-pre,odin-overlay,335,2c97311b162a48aee1a3b4ec40b5bd1b6c73827a116a032e39b7de3b5c22a734
odin-overlay/usr/lib/steamos/sm8550-plasma-steam-start,odin-overlay,810,cdcfa3a4128a1a7facfb1d9dcc27b5f2cf620b1b87c13e4a80e4eead715b182d
odin-overlay/usr/lib/steamos/sm8550-plugin-loader,odin-overlay,1281,1ca20984b227d17ff575b01a9b32c41b1d515f0b53d93ca327d27a473d937d59
odin-overlay/usr/lib/steamos/sm8550-prepare-plasma,odin-overlay,1324,e8fc3486d51c1218387a4762c093af006f637e0a74fe20b4b32e076c0ef11234
odin-overlay/usr/lib/steamos/sm8550-preserve-sddm-session,odin-overlay,1059,e54eb253bcc7ef5afa3afb36b5f0f5c0d718ae142e014f7497f6b2ba216ec4bd
odin-overlay/usr/lib/steamos/sm8550-relaunch-steam,odin-overlay,2983,d77a0c77ae7961db1410dc75442920eb82a061ab083d12899252ade3483af5f3
odin-overlay/usr/lib/steamos/sm8550-restore-decky-box64,odin-overlay,1859,6c20b566645d27cf6b51e4b124e990ab25d2874f2217b781e97f808106684d89
odin-overlay/usr/lib/steamos/sm8550-restore-privs,odin-overlay,1770,4002b4c87257c05c49887428a3ef73bc7b23eaf78c23276f621e6c205e1f2a27
odin-overlay/usr/lib/steamos/sm8550-setup-steamos-offload,odin-overlay,888,a60fb7332b078fd087fab3245bdaf5a4e3dabdb14f3e7f2b1b66b671ce3e14a3
odin-overlay/usr/lib/steamos/sm8550-startplasma,odin-overlay,429,74517b27f1e3f5b9ef7eb305b68bacc9a55a8c26739fe04104a68d2ff8214868
odin-overlay/usr/lib/steamos/sm8550-steam-focus,odin-overlay,1911,7bd33d0f7c78153ac06e7d58efa245a5e55f53ab0e60cb39f97d1b6f14ae8b59
odin-overlay/usr/lib/steamos/sm8550-volume-keys,odin-overlay,3387,2b1131d8392f924fc5fa2623b319f42688ab74cfd492454660d12ecd41af763f
odin-overlay/usr/lib/steamos/sm8550-wifi-backend,odin-overlay,1885,297f4570c7e5d18943b8cc21ea4bdc1cf9a4935497e3240c4c75c15f210e230c
odin-overlay/usr/lib/steamos/steamos-sm8550-expand-home,odin-overlay,3762,2e3e8999ccfc4e1325090e0b54f23e570ffc4f19d291fa0793b0d24a1da24775
odin-overlay/usr/lib/steamos/sync-decky-bundled-plugins.sh,odin-overlay,1783,13f83663dc318baaca9da1ee5f3f982c0e98733c1059a2292569540af2fd7e96
odin-overlay/usr/lib/systemd/network/99-sm8550-wlan0.link,odin-overlay,148,ac849365b82092946a0b5d9e6851a4886217b2728f4eb98cc4885d24462a339c
odin-overlay/usr/lib/systemd/system/NetworkManager.service.d/99-sm8550-wpa.conf,odin-overlay,179,86a27544feed647ba892a5d597d77bc6b0cc0ac6bd54c21abeb750b7f9f02a03
odin-overlay/usr/lib/systemd/system/flatpak-system-helper.service.d/50-sm8550-path.conf,odin-overlay,243,929ab39effb988f27522b7762a956b312713eadcd461c930188c5eb03d62beec
odin-overlay/usr/lib/systemd/system/inputplumber.service.d/99-sm8550.conf,odin-overlay,152,d6a8d35b15005017e211e3693eb8aa4cadb4eaf02689bc90e34c1d1ffef01b89
odin-overlay/usr/lib/systemd/system/sddm.service.d/reset-oneshot-boot.conf,odin-overlay,359,4d472cb3050e039ed243c904d17879080dcf1c7357ff0a5468085d15d662ccb2
odin-overlay/usr/lib/systemd/system/sm8550-audio-setup.service,odin-overlay,311,73e9dedca8b150bf82ccedc0f7b08d725c4929200aa9a25b0f7652656e28d73a
odin-overlay/usr/lib/systemd/system/sm8550-bluetooth-setup.service,odin-overlay,250,2765edf8da3025a6eaea37bb567cf369cb8b122be4954a62f8b902402cbe319b
odin-overlay/usr/lib/systemd/system/sm8550-boot-debug-late.service,odin-overlay,303,56174c92a7c0f261ac417b196ee74086b6738eb5f6bd41d431290b4a64a1632e
odin-overlay/usr/lib/systemd/system/sm8550-boot-debug.service,odin-overlay,275,d7c4a6ae531698a9ff4ce2837807524949e8b89a6dc4375a9bb4677b1a05124c
odin-overlay/usr/lib/systemd/system/sm8550-fex-binfmt.service,odin-overlay,254,55b971f4afae22f0fabd4bf57ac15ea134bab9c6eb9249ad41db760904b3081d
odin-overlay/usr/lib/systemd/system/sm8550-fixpad.service,odin-overlay,293,7639b245f23df2974abd8ae6b26c740061380c79c4960ad056eded4b2e397d21
odin-overlay/usr/lib/systemd/system/sm8550-inputplumber-ext-hid.service,odin-overlay,253,34cbcd3ac998f526e5adf1fab3dc9c2889c87bef0c8ac95deb8cff9dbdfeda10
odin-overlay/usr/lib/systemd/system/sm8550-oobe-restart-steam.service,odin-overlay,173,7a99915f36256d15a5213a5313d915f2a59d0159d24ecd6284a4b85e96864d2e
odin-overlay/usr/lib/systemd/system/sm8550-preserve-sddm-session.path,odin-overlay,176,04f49ae3f4a4fccbd7af95691fe712b15d1f5f186be4b302d1ab76a75ebe3db5
odin-overlay/usr/lib/systemd/system/sm8550-preserve-sddm-session.service,odin-overlay,147,caca8245125e46e3c1d5842845fdcc50d9789a4b8de08e0c789c5a374329e319
odin-overlay/usr/lib/systemd/system/sm8550-restore-privs.service,odin-overlay,325,b88a5d43faca0fa62f71189cedf6583eb913887c74ba67e89484f5c584052829
odin-overlay/usr/lib/systemd/system/sm8550-setup-steamos-offload.service,odin-overlay,359,4e316a6c3da65b55e6f78b787036916ba070e1e3391c362ffae4174356427017
odin-overlay/usr/lib/systemd/system/sm8550-sshd.service,odin-overlay,334,664e063cb773ab254456e5f3e1b94f199878b0a7741d3b5a5f97dbb8153165cb
odin-overlay/usr/lib/systemd/system/sm8550-wifi-backend.path,odin-overlay,479,d8e8926a22e46b126eb0ff005bf5140cf7fea19ae107706db8178c9b38f81ae0
odin-overlay/usr/lib/systemd/system/sm8550-wifi-backend.service,odin-overlay,411,5c3ae135ded41339972ca8030c488a3d217e9acfea49aa1382caa162b4a3a5ba
odin-overlay/usr/lib/systemd/system/sshd.service.d/99-sm8550-hostkeys.conf,odin-overlay,143,b80bcf70cdf8873e1bf7ba9119bbef95c930a494c40a735fe312f830b29394d4
odin-overlay/usr/lib/systemd/system/steamos-sm8550-expand-home.service,odin-overlay,471,3c4ffc3ceeca97fc41012dddc8cbadf4397c56bac9fe487bd55778cb6fcba2ec
odin-overlay/usr/lib/systemd/user/flatpak-session-helper.service.d/50-sm8550-path.conf,odin-overlay,88,bb9c18b657242e0e8e4a33981b346278796052216528b31da09319a99ec1a47d
odin-overlay/usr/lib/systemd/user/gamescope-session.service,odin-overlay,427,b51c14d1e4cd2c33ab9d4f180db7e6ca393d81257e42e89ca69bf315ee2ad849
odin-overlay/usr/lib/systemd/user/gamescope-session.service.d/50-sm8550-dock-display.conf.example,odin-overlay,561,a8ee1478b854e07683fb8c5bed89fc060fc57598e95ca896d432b2be0a57dae8
odin-overlay/usr/lib/systemd/user/gamescope-session.service.d/99-odin.conf,odin-overlay,353,25ea338a9e1f4013f26ceb6bb1a4656a47b61ffe2c71099f5a1897dce0f303eb
odin-overlay/usr/lib/systemd/user/gamescope-session.target,odin-overlay,326,3fff38e2bec3f1e9d4c0d57d312773b4845de83c22faa5e9e22e76104917e0bf
odin-overlay/usr/lib/systemd/user/gamescope-session.target.d/99-odin.conf,odin-overlay,207,07220fe01e0831e2e4754d2a5a2bf9a9e460de00011be23f3cb8e16980d7ac14
odin-overlay/usr/lib/systemd/user/ibus-gamescope.service,odin-overlay,241,4c1b3649318fdb21804cef945e47a969d7bd649c1bcc0477040f601d89b01b13
odin-overlay/usr/lib/systemd/user/ibus-gamescope.service.d/99-sm8550-disable.conf,odin-overlay,123,d21b0c1c45ea466702ff099763982cad48fdbe7001190eda3b44589a5752ca9d
odin-overlay/usr/lib/systemd/user/plasma-core.target.d/99-odin.conf,odin-overlay,71,28f9eb45b604123b43afdc309fb39017a21383c2f68973d85a21aea44a87724f
odin-overlay/usr/lib/systemd/user/plasma-plasmashell.service.d/99-odin-wayland.conf,odin-overlay,198,0d0c94c18565e9f52c83f543a77a6cf431d3b9cf514b8d6bcbd5a9ddad69f6e3
odin-overlay/usr/lib/systemd/user/plasma-workspace-wayland.target.d/99-odin.conf,odin-overlay,71,28f9eb45b604123b43afdc309fb39017a21383c2f68973d85a21aea44a87724f
odin-overlay/usr/lib/systemd/user/plasma-workspace.target.d/99-odin.conf,odin-overlay,71,28f9eb45b604123b43afdc309fb39017a21383c2f68973d85a21aea44a87724f
odin-overlay/usr/lib/systemd/user/sm8550-audio-pipewire.service,odin-overlay,289,82d68f7fbe0a85d3a970589a8fee57637f8217c50de95caf7f40426d267e5971
odin-overlay/usr/lib/systemd/user/sm8550-plasma-env.service,odin-overlay,251,faf8a1b83d9f43a01c577f48d7927fc9474a96cdc669e2cd8ce96fada3b13730
odin-overlay/usr/lib/systemd/user/sm8550-plugin-loader.service,odin-overlay,657,820a6d55d7a464e366b76c6abac0fb7a5e21a288467d1590c2f76b5214495643
odin-overlay/usr/lib/systemd/user/sm8550-volume-keys.service,odin-overlay,267,a84d9d76c9657958fd63edfd35fe701cff6844764f031ec826af51a175c41f56
odin-overlay/usr/lib/systemd/user/steam.service.d/99-odin.conf,odin-overlay,211,4db6fe19ae39df7075fe5cd182a62697632b21f16edfc979ba68741b525fa861
odin-overlay/usr/lib/systemd/user/steam.service.d/99-sm8550-bootstrap.conf,odin-overlay,177,f8c046ef09e7961561c217133ded75699479e0ac39841d345dd5513d81511f05
odin-overlay/usr/lib/udev/rules.d/70-sm8550-gamepad.rules,odin-overlay,1997,373c928bcea8368302bedfb261e75a5f0ec48caf3b64afc4224115bec8c233f0
odin-overlay/usr/lib/udev/rules.d/71-sm8550-ext-hid.rules,odin-overlay,649,80eecfaaf1cd7a0ef89a4d458b5855e93540c1e94d0cb8915919959ad71990a2
odin-overlay/usr/lib/udev/rules.d/90-sm8550-audio.rules,odin-overlay,232,701fdc57521272cd689414d35c4a36fdad8f1dfba4719aada68bc991ed55d7d8
odin-overlay/usr/share/alsa/ucm2/AYN/Odin2/AYN-Odin2.conf,odin-overlay,658,40c0ab2d57587c21595c161c47e8ae6cc216326c6c1741528c7ad60c0d3a3780
odin-overlay/usr/share/alsa/ucm2/AYN/Odin2/HiFi.conf,odin-overlay,1822,590ca4477947cada1ec192efc636e017aeebcb118facf6df7582d7d6c67c4a2e
odin-overlay/usr/share/alsa/ucm2/codecs/wcd938x/AnalogMic1DisableSeq.conf,odin-overlay,159,1d25d00bed5de06924388c7fb0a561ce4d1d9f8994a458a19f8d9509a9026fff
odin-overlay/usr/share/alsa/ucm2/codecs/wcd938x/AnalogMic1EnableSeq.conf,odin-overlay,157,e3f57689d30694560d76aca225a8b07ca4d48d899631764300305ebf2452251f
odin-overlay/usr/share/alsa/ucm2/codecs/wcd938x/AnalogMic5DisableSeq.conf,odin-overlay,159,f64e56ec2e6690ebf3f1971190a45b2ec69964dfb06d82a53742bf26d7381e03
odin-overlay/usr/share/alsa/ucm2/codecs/wcd938x/AnalogMic5EnableSeq.conf,odin-overlay,220,ca7091350d5198ec04f5aaac2fed7f2712decca1c24c6231b8b157d3d63a8c5b
odin-overlay/usr/share/alsa/ucm2/codecs/wcd938x/HeadphoneDisableSeq.conf,odin-overlay,243,817379fcd91bf785069cc5a072c7be1b76e1af791e28e273e39e0e561438e6bb
odin-overlay/usr/share/alsa/ucm2/codecs/wcd938x/HeadphoneEnableSeq.conf,odin-overlay,306,1b63048a878f9ff246c68b5e3d762118986143971449b0b7855e9aea6bf44971
odin-overlay/usr/share/alsa/ucm2/codecs/wcd938x/HeadphoneMicDisableSeq.conf,odin-overlay,120,46d0b257a8e08c01d9ceb8eaaed58d5d94a3124a7b44331a522c4e18ace5caef
odin-overlay/usr/share/alsa/ucm2/codecs/wcd938x/HeadphoneMicEnableSeq.conf,odin-overlay,181,ea81d88006b68f3af88d72a030f1aea7e942d4f85996db6fcad968ddccc92547
odin-overlay/usr/share/alsa/ucm2/codecs/wcd938x/init.conf,odin-overlay,240,65fd790d63c3030bec5068bb8219a0c57e695d1c797fe4b8bd12aebb09444f79
odin-overlay/usr/share/alsa/ucm2/conf.d/sm8550/AYN-Odin2.conf,odin-overlay,30,bcb81f503b89dd32784cec45ca0efebea4b3215f0635e8e4df28a8e53062ea9a
odin-overlay/usr/share/alsa/ucm2/conf.d/sm8550/AYN-Thor.conf,odin-overlay,28,05d67febca5565ab527d32170bab306d94d60ccba9688987c71593c9aa71b21e
odin-overlay/usr/share/alsa/ucm2/conf.d/sm8550/SM8550-HDK.conf,odin-overlay,41,c134af8c434e5c58deb818757878e04a5f2cc00fb91e4563c9f0b283193a8913
odin-overlay/usr/share/alsa/ucm2/conf.d/sm8550/ayn-AYNOdin2-.conf,odin-overlay,30,bcb81f503b89dd32784cec45ca0efebea4b3215f0635e8e4df28a8e53062ea9a
odin-overlay/usr/share/alsa/ucm2/conf.d/sm8550/ayn-AYNThor-.conf,odin-overlay,28,05d67febca5565ab527d32170bab306d94d60ccba9688987c71593c9aa71b21e
odin-overlay/usr/share/alsa/ucm2/lib/card-init.conf,odin-overlay,216,02210e664371c7f8d4bf9c8c1bda69818e3ce3fa78421f97a1881a5488ec74d3
odin-overlay/usr/share/alsa/ucm2/lib/ctl-remap.conf,odin-overlay,334,41b20c0b94b1241688336adeffc1d4c5d61c52aa3de959f8eaf5f7682cdab6b8
odin-overlay/usr/share/applications/install-decky.desktop,odin-overlay,376,70cc2524440a177aa291651e5672d4bbf58347a06cf742d7315e9488116681dc
odin-overlay/usr/share/applications/steam-rom-manager.desktop,odin-overlay,251,1c63407eaf5dacb6f5dbc3af87e071e0cb642cede562cbab93801c7540e440a9
odin-overlay/usr/share/dbus-1/services/org.freedesktop.IBus.service,odin-overlay,115,685f8416a66c9d8e49e4c915e6cb6a4c92869634b16038a50acc77bc55fcb82d
odin-overlay/usr/share/deckard/RUNSTEAM.sh,odin-overlay,6760,9a3700a3a51e4c689169ad0860471282a71740820ec0eb0b8a25da673e197f9b
odin-overlay/usr/share/deckard/steam-health-check,odin-overlay,803,9cb8769c382afd994227f7070712b3525dea9f34dc5b7b2561beb3c767e04aec
odin-overlay/usr/share/desktop-directories/arm-manager.directory,odin-overlay,134,a3af764e99dcfec3dde62947aafaa83c53c0958d177cce20fd73c91ecccd4941
odin-overlay/usr/share/icons/hicolor/scalable/apps/steamos-gamemode.svg,odin-overlay,1020,caa4813d0410f714b94f0899c6500aa797a2b768aced5d7c2d0c401c267d59c5
odin-overlay/usr/share/pipewire/pipewire-pulse.conf.d/99-sm8550-buffers.conf,odin-overlay,61,5468c37669fea1f5b4edabcc7c7b6de9132fa35858977f40b57ef7ea02dc601e
odin-overlay/usr/share/pipewire/pipewire.conf.d/99-sm8550-buffers.conf,odin-overlay,61,5468c37669fea1f5b4edabcc7c7b6de9132fa35858977f40b57ef7ea02dc601e
odin-overlay/usr/share/polkit-1/actions/org.steamos.install-decky.policy,odin-overlay,681,3e12440d7bc262ced2a1ca68715339286d9a85021c5c5cc00b2de4cba96bdc3f
odin-overlay/usr/share/steamos-manager/devices/ayn-odin2.toml,odin-overlay,404,6ad73af726068ef8f56d8036386eb24e6692f1eb9b4552104deed2ef018042a4
odin-overlay/usr/share/steamos-odin/MangoHud/MangoHud-gaming.conf,odin-overlay,230,5feebadda88f675660b4df31c70a0e841d2792574f7ec4b02af7c5e8fe587f14
odin-overlay/usr/share/steamos-odin/MangoHud/steam/MangoHud.conf,odin-overlay,145,355e0142f1d597549ee65f0def02d59cca13d464ddfd59eb712af669da40c6e9
odin-overlay/usr/share/steamos-odin/MangoHud/steam/presets.conf,odin-overlay,2183,604068bb7da2f40a1d8af5ab6690295a00d306467663b5d0f79424ac1c7cafe8
odin-overlay/usr/share/steamos-odin/plugin_loader.service.d/fast-stop.conf,odin-overlay,241,dda4cbe5092c1563edb65faacdb930048f27b4d9f9c2a586b4662597522ae056
odin-overlay/usr/share/steamos-odin/plugin_loader.service.d/fex-steam-rootfs.conf,odin-overlay,221,3b564af1bef81bb2315e0a97492608a02d46d72374781aa838f8f8c5c4b4e010
odin-overlay/usr/share/steamos-odin/plugin_loader.service.d/sm8550.conf,odin-overlay,487,8cc2c1af315b9ed59312393d5f034dc3efcd7ce405a39e203befbe6dbef409ca
odin-overlay/usr/share/vulkan/implicit_layer.d/VkLayer_LS_frame_generation.json,odin-overlay,506,48c22eec9cfcea8afecef980586e26efa089849f44a12e8ffa961c1b4a276fbe
odin-overlay/usr/share/wayland-sessions/plasma.desktop,odin-overlay,203,ab55147078e0f486ba2cdd82195589c2e498c83164ea3043ba7c9ad25ec77330
odin-overlay/usr/share/wireplumber/wireplumber.conf.d/51-sm8550-hifi-priority.conf,odin-overlay,374,1a39acc95f800d9f7da17d66ae127bafca1ff5ad4f86dfeff31c0a3af70a7ea7
odin-overlay/usr/share/wireplumber/wireplumber.conf.d/52-sm8550-alsa.conf,odin-overlay,1416,1d7b0b3719fd8b1b0bd3c12fa85686cd9c2f09871a8a23b95e96fbe0652e1f96
scripts/apply-odin-mods.sh,scripts,50986,75bf87fc74017750cfc77ae79346d696a3c3afa3011cbecbe5d97f2eb55b348e
scripts/build-ark-26.04.2.sh,scripts,1276,5886a6ce2074abf76dd8103ba66983316def4b11adeb579667ae2b924ac49da5
scripts/build-box64-in-rootfs.sh,scripts,1887,84a726b28c2414a0590d2217a072375e247ccd32512f8c23f88a31b693c3243c
scripts/build-box64-sm8550.sh,scripts,2941,87fb7558330387727aa2d45956d21a6c3258ade129b01ca7ee94759f6f58a75d
scripts/build-gamescope-sm8550.sh,scripts,2500,b1383681d3cda6fc7c9fb3d23a010c3fdafe30c98c6bf931daa2b0806a093f22
scripts/build-kde-gear-26.04.2.sh,scripts,3453,cab7ad10ff6898a4668480e7fdbe41fb9a8ad362cc3be4baa34c45ddd0257beb
scripts/build-kf6-nm-qt-6.14.sh,scripts,1850,c5aecf1d83985dc6ec6ac916c47297669c11b0bda850c45f900b3df7667719f6
scripts/build-kscreen-6.2.5.sh,scripts,1767,c23c90bdd239b1bcb4732945ae0508fc37d8e40bffe827c14a39890b8bf03d69
scripts/build-plasma-nm-6.2.5.sh,scripts,1903,34075c5781c1f9d3802836f3b6b9676564b3eff971aec697178ee70417880dbc
scripts/build-vendor-mangohud.sh,scripts,8772,50d4376af8554041326d9495043258704a67c0670aead3cbe4d56511bfad74e2
scripts/ensure-steam-home-for-image.sh,scripts,4992,dad324ac7758b2fcdb1d6141675fcce4270877d5ada49c6cc3d9d2b92b2b46e3
scripts/extract_rootfs.py,scripts,8582,cd328a2987a9368c61e237f9863c3e399567cf1b3efadae922c181f247951f61
scripts/install-complete-steam-client.sh,scripts,5463,ba53fad0cc620d979c60ca74e85615af4c213b8153825d4d39dc69483c655dde
scripts/install-heroic-into-rootfs.sh,scripts,5216,30b91dab699c6e5b8e43e3e52186741f515d0d5b728ba83e34c6baef53fc84f6
scripts/install-inputplumber-sm8550.sh,scripts,5337,0ba6ef26486ad3b3aea4d433b4fe7e3d2809f01cee74579357c25ac3f057edd7
scripts/install-lutris-into-rootfs.sh,scripts,3261,90e5191c1cc7a0b65f101ede65d5dff27376ce12b82f0a71de35e4c8ee388bab
scripts/install-mesa-sm8550.sh,scripts,2549,94fbb9d85f6a2a20a1e815c83ec66e71fda6e3bbe3801883da79a057bff9de74
scripts/install-oobe-update-fix.sh,scripts,2074,896ddfc8b6d984db34fd715d071b620539b301474de0b74bb023fbeb4306303d
scripts/install-opengl-mesa-sm8550.sh,scripts,2242,88445a03abc28882b9bc2515fd3544ffeb4447cd336d4f41552d7ed848222bf5
scripts/install-plasma-desktop-switch.sh,scripts,5944,37509a36518994dcb20878185704f51ed84a7b75009e844f24453954866f9ba0
scripts/install-plasma-extras.sh,scripts,7964,e945399952203a4a4b9b147c765342de9e486c2ca4364c40c2612ab9baef6030
scripts/install-sm8550-input-overlay.sh,scripts,5012,22339460e42e18d840e97b7c9fc577121f04c3d7e88670eb5aa96e6b00e67220
scripts/install-steam-client-arm64.sh,scripts,2438,9af7350038cb42057e5285ecd145bced3dcb7318b215724d75540b03050e96f7
scripts/install-system-fixes.sh,scripts,13969,d0820db6f9bbdeffe31ca6ba8527727c5b4708f4bde0448525f73aeeff3803c4
scripts/install-vendor-apps.sh,scripts,13855,fe300e0e02e978c45f51911bc96c136234e11957f6954eb8cdbbcd9bf1857079
scripts/lib/ensure-build-node.sh,scripts,4197,6ae5fee81511f1465c09473c4c3527cbd7b6a41c82abbb2936eba81b9529e878
scripts/lib/ensure-ecm-rootfs.sh,scripts,1614,e6aba7e8c04896790ce08a98f2721e8345eb6cb2dde18df0d1aee191637a6a75
scripts/lib/holo-pkg-install.sh,scripts,11022,6d23ad916bcc71d013361333b88f763d6bffeae8644da683140c659451aa18ed
scripts/lib/sd-mount-guard.sh,scripts,845,66ec0adb1b9f4657ac9084fdac7afbbb586942c039c07e1ed35931c938ac1c01
scripts/restore-stock-mangohud.sh,scripts,1387,a1fec517bed3e389e074f3d9c65a55ffb04663adea3c36f1fd8dc0709cd03244
scripts/sd-debug-boot.sh,scripts,4229,8aa05675a4f4b867342a9689ba866af016f972c501fd24047a5651368d72a6c3
scripts/verify-qam-image-contract.sh,scripts,3069,486bf01149df9f63e69e9fb40655fa3f05a9aabb4bd7e82aac3a9bab61057796
scripts/verify-sm8550-prereqs.sh,scripts,2880,9cc2c0fa7da87c875a37d4ec42fc8f63d0333051deee599f926797aa1035912c
