path,group,bytes,sha256
.github/workflows/build-aaudio-sink.yml,android-build-workflows,1008,e30451e7c451962506d260c5dac4670b44d654e8efdcee5b50623cde3c3a52e7
.github/workflows/build-droiddeck-esync-packs.yml,android-build-workflows,19948,61aee9031f2d915e673e2cca3b433b2b65b3494edb37fd8814dffdba6c925be5
.github/workflows/build-gamescope.yml,android-build-workflows,2106,7d6ebb5e64b00906161960d5bf13b72c0a6a27bdf085726b0b359ec5c5bf17ec
.github/workflows/build-wlroots.yml,android-build-workflows,2253,bb58ef054e4a653fdf8db9436b15e2408305957cd8fb0b22b87da4805554af59
.github/workflows/build.yml,android-build-workflows,29097,42ed297d158ce1c97497bcae0a00a9916ca1a57a43665c89e7cbe3c8799f1544
.github/workflows/pr-release-cleanup.yml,android-build-workflows,1635,774cc939eb6cbc871401661c56e7f050edd0d70fce3d2c3b3f49b4708b1b42c9
.github/workflows/pr-release-publish.yml,android-build-workflows,17796,f98f61b371c90ffa3bc26e3704a87f629cc5887b642404abcdb7fc2e2290a2f0
.github/workflows/release.yml,android-build-workflows,4884,e5eae8e4cc58e287b25b46f2cd2fd9b737f9d9d2604e15c8d1fc04a326d833b2
.github/workflows/sign.yml,android-build-workflows,3241,707f96a9e60905eb9bbdc00e0a4a00d27e6457a76ed9218a59c60d7b82e4acd6
.github/workflows/update-catalog.yml,android-build-workflows,1056,e02d1fd56e34d036453ca69a1bed193cff19cffb297db48dbe02c3402fe2dc32
.github/workflows/watch-proton-releases.yml,android-build-workflows,3806,de792a0d2e90d3b75011b45d6fc5fe96d3443e8fa504026a1715c65ae448606f
.gitignore,root-build-metadata,849,0cf2bd27f4992a8ad0576fd1b44531cfdeb50895c72b27954c3f5f93f8eea2f4
LICENSE,root-build-metadata,35123,c8264e42ef8f1b8f6e9d7086bbf778472e2bc636018437d5821f6ee76f411ed1
README.md,root-build-metadata,3364,733538b06b9b9ec3e2549ea4455c6d0ccfbc502ff3d09296fca87e4895ee9bfb
app/build.gradle,root-build-metadata,9747,3b23ab758350293902691030cd7c89e9eecc00560a9a3a532b49c385b8565034
app/src/debug/AndroidManifest.xml,debug-control,828,62c9538e1b048076014e80bdcd60df51b593847413145fbee9600fc44a2cf7a0
app/src/debug/java/com/droiddeck/launcher/agent/AgentBridgeProvider.kt,debug-control,7663,3d53de0b0671fed450751194c3f19bf69b98ffaa0bb3873bf26ca942249c21f5
app/src/debug/java/com/droiddeck/launcher/agent/AgentStartActivity.kt,debug-control,3607,21729300d5598e975544efd37f57fdde54b6569485dd25dae5dedaf5dd52772a
app/src/main/AndroidManifest.xml,root-build-metadata,9714,1bb36fa19e939ffae3510b0881f4a0c71a445ba4fea5f2e26ac6cc0d7c21259b
app/src/main/assets/directaudio/linux-wine11/README.md,runtime-driver-audio-assets,5156,eefbc08ed293727ff2b2518f88942a65ec54b1775f1ddcbf2359004d57ad2834
app/src/main/assets/directaudio/linux-wine11/aarch64-unix/winedirectaudio.so,runtime-driver-audio-assets,68064,415a7c2a7bc211953b3406384f05455b087466ec780270fc2ba298de739044cb
app/src/main/assets/directaudio/linux-wine11/aarch64-windows/winedirectaudio.drv,runtime-driver-audio-assets,524288,e8d308f9a8836d96a2fa090f497b629c8a5d225f9dbebd2b1d4f8099dca7e72f
app/src/main/assets/directaudio/linux-wine11/i386-windows/winedirectaudio.drv,runtime-driver-audio-assets,16384,c62f4757390a4ab1751577e779cde6cbfaa46379fff9839b0117b07e08d2c6fd
app/src/main/assets/directaudio/linux-wine11/version.txt,runtime-driver-audio-assets,203,9649f178e89b0c98d8be9bb552b49af2274655dd72f091041d1ffcc254bee697
app/src/main/assets/graphics_driver/adrenotools-turnip-sdk36.tzst,runtime-driver-audio-assets,3438436,da8a3e83ea61f11b8ccee274524de3c0ad8a45f3be8921e23e1f162d26279b93
app/src/main/assets/graphics_driver/adrenotools-turnip25.1.0.tzst,runtime-driver-audio-assets,2593869,b3824227a3bcac367352bae86a34ed95add9b99fae50c16b7c7f48506d7ce197
app/src/main/assets/pulseaudio.tzst,runtime-driver-audio-assets,541620,4ec3ce78220007ccb36108fabeb395671fd25bfe1069fb05a719fef7d067c859
app/src/main/assets/steam-startup/droiddeck-startup.webm,runtime-driver-audio-assets,936398,7da5ceeb892a1328ed36fb7b40708eb03ef7ca74f1fbaa713f5631ba4a5b0d00
app/src/main/assets/wayland/keymap.xkb,runtime-driver-audio-assets,69883,c0a4b852c22a5065979420a6a97a8e47a465ac3f348059808fbe3d9cfb640c07
app/src/main/cpp/CMakeLists.txt,other-native-host,2472,4a9b8e358b504979f088e20099b034f3290c9f9985820954c55daac167ad4e85
app/src/main/cpp/adrenotools/.gitmodules,adreno-driver-loader,140,757d9d9524bead74c94d779b5b3eb4a7615a1747686bbb42e3eed52d64de45f5
app/src/main/cpp/adrenotools/CMakeLists.txt,adreno-driver-loader,1308,47526f5e840e03548fff1e2a557d7afd93603e5e06709e6bd2bb81af8dbfbfbe
app/src/main/cpp/adrenotools/LICENSE,adreno-driver-loader,1299,7ea796e199e46093c2f5c391697bce5abeacd02b7216aa0a84e5839afb5584f3
app/src/main/cpp/adrenotools/README.md,adreno-driver-loader,1387,fb7e29127d16fc150a7b7cd95f1024b3cbec985a2d2ef12e23982e4881c96d0b
app/src/main/cpp/adrenotools/adrenotools.pc.in,adreno-driver-loader,259,9351f130adeeb9c3ae2e7ec8ae7d48990cb12906273ee4646d424c0e29515dc7
app/src/main/cpp/adrenotools/build_asm.sh,adreno-driver-loader,282,89e2ee44514fb71d15055bf8ceff91ddbd7332684f21b83ba7fd7e879cda1413
app/src/main/cpp/adrenotools/gen/bcenabler_patch.h,adreno-driver-loader,1822,4add3192dcb3d9055d6b275a514d9d96f1cc6266bce16853f8fb5a05b8645b76
app/src/main/cpp/adrenotools/include/adrenotools/bcenabler.h,adreno-driver-loader,1507,c673107d06852b1266627c701297a3dc64ac6f1cb2933dbf9bc8b00bf2fd355a
app/src/main/cpp/adrenotools/include/adrenotools/driver.h,adreno-driver-loader,4591,fbcb34b75758a708058942d798c506065d362c9fa8e78371d9f2a76d6bceebdf
app/src/main/cpp/adrenotools/include/adrenotools/priv.h,adreno-driver-loader,788,dfddff2cff43ec1154ad2e064fd9ba18bf671581f4ced927cec8e48fbe2173c3
app/src/main/cpp/adrenotools/lib/linkernsbypass/CMakeLists.txt,adreno-driver-loader,603,17d4901912615a8123f9a815b55887fc30154a74b4f52d35eb3468798c9c7150
app/src/main/cpp/adrenotools/lib/linkernsbypass/LICENSE,adreno-driver-loader,1299,7ea796e199e46093c2f5c391697bce5abeacd02b7216aa0a84e5839afb5584f3
app/src/main/cpp/adrenotools/lib/linkernsbypass/README.md,adreno-driver-loader,461,a07c3669af0a3a738b4127547bed15a68c29b0038c743fa77fd7629f30534ef9
app/src/main/cpp/adrenotools/lib/linkernsbypass/android_linker_ns.cpp,adreno-driver-loader,8154,1a5bcf834799f69be1520a7bf9af63da420fb923f227e130695939fe4f238060
app/src/main/cpp/adrenotools/lib/linkernsbypass/android_linker_ns.h,adreno-driver-loader,4259,33943fcf302c09d7083a4c8f3e5660d76f13d5e34eacb404ba41e0250673fb60
app/src/main/cpp/adrenotools/lib/linkernsbypass/elf_soname_patcher.cpp,adreno-driver-loader,2233,5c3b935d2e1f6a716991174145b7999759042feee3636bec56b1bc87de51943f
app/src/main/cpp/adrenotools/lib/linkernsbypass/elf_soname_patcher.h,adreno-driver-loader,608,8a431b3765c57aee5f82362688503cdcefef3eb9fe5d35f18029dc8a5320dac9
app/src/main/cpp/adrenotools/lib/linkernsbypass/meson.build,adreno-driver-loader,759,8f9c71d20a54a2c9f94e1f72d1a45186ddc722a6c96c3f0db4e0323be47196a0
app/src/main/cpp/adrenotools/meson.build,adreno-driver-loader,1798,6b318ad1b6f1cd57c23984f86f6903a45e50227d886b5bdfa2f0cf1256e29909
app/src/main/cpp/adrenotools/src/bcenabler.cpp,adreno-driver-loader,4834,aa0d0d7d548bee5389437904841fee822e130f69a5c25130282ecec032782f92
app/src/main/cpp/adrenotools/src/bcenabler_patch.s,adreno-driver-loader,1561,6187f5f85513295e15acdcce1cba24c72fb8adcde2caaea7c0f0cfc465f941ec
app/src/main/cpp/adrenotools/src/driver.cpp,adreno-driver-loader,8777,e4be917c92521dafea5ab555775c9531d5a50d09328d96cee09cf5f32e2d5916
app/src/main/cpp/adrenotools/src/hook/CMakeLists.txt,adreno-driver-loader,1196,1ff134d14bde530c818b90a3501ef50eedc9296e71a8b02d42f861d834828943
app/src/main/cpp/adrenotools/src/hook/file_redirect_hook.c,adreno-driver-loader,154,45df9f280b2d6deb31d886fb633e69b3e8dd268e5bcd63d8b1a01043d0adc30d
app/src/main/cpp/adrenotools/src/hook/gsl_alloc_hook.c,adreno-driver-loader,518,526438e98c041410872369efc7d4ba14a2af3337d6ab86c9b244d90b919a9f53
app/src/main/cpp/adrenotools/src/hook/hook_impl.cpp,adreno-driver-loader,10030,37a2ecb380bf061b267ee5be014e19726655e79118a66123b2eb9acc646ffbe1
app/src/main/cpp/adrenotools/src/hook/hook_impl.h,adreno-driver-loader,662,ccd30d89b8056ddcb92242659b6e7c6b4da2079b4e8e04e7c7e5a59701438a48
app/src/main/cpp/adrenotools/src/hook/hook_impl_params.h,adreno-driver-loader,1136,356749bc0b1f38775c06bee92668e97ea117293c3343f4e43ac5888b642479aa
app/src/main/cpp/adrenotools/src/hook/kgsl.h,adreno-driver-loader,69146,258b127f4011c18496ea2557d57f58a8c2eeb7eb486d59ad949c8980a41aabc5
app/src/main/cpp/adrenotools/src/hook/main_hook.c,adreno-driver-loader,385,3a28fbad443f0e057f317d481610f9c2d04abcc4abe3252022af7e79ea25825e
app/src/main/cpp/adrenotools/src/hook/meson.build,adreno-driver-loader,3039,78eead3927b515fe663ce3e4f188f366a742dc2fb4f26840b0e511f26adb91f1
app/src/main/cpp/adrenotools/tools/ADPKG.md,adreno-driver-loader,2759,77dedb9cd4436c6dff64043c4bdb577e3ecb184377fe83bac9da964a0fe16aab
app/src/main/cpp/adrenotools/tools/README.md,adreno-driver-loader,340,e347f8314d01bbdfe4dbb781605fade532e749678c67cf35fd36831de95616fa
app/src/main/cpp/adrenotools/tools/acc-shim/README.md,adreno-driver-loader,424,90a3ee2f607c6d9ad4d07cd01ee855fafb4c6f834cc3bdd78b69ceb9f29ad701
app/src/main/cpp/adrenotools/tools/acc-shim/vk_acc_shim.cpp,adreno-driver-loader,2381,325f630fb60874dbd50ae0d13e49f820a4cb064a26662406beae7090d679b30a
app/src/main/cpp/adrenotools/tools/blob-patcher.py,adreno-driver-loader,2948,3e57f15570378d05181c4e9c69c47bf05bee0638eacd3518d803fd55587b43f0
app/src/main/cpp/adrenotools/tools/qtimapper-shim/.clang-format,adreno-driver-loader,199,f2a9cc45670780b3c2a45a5cc9c19e94ecfdde30687e62c75c952586d77a00e7
app/src/main/cpp/adrenotools/tools/qtimapper-shim/Android.bp,adreno-driver-loader,620,91f2cf1cddf66a2d3582c7422884c9c529ed45dffd9f794a65fea95987197a04
app/src/main/cpp/adrenotools/tools/qtimapper-shim/README.md,adreno-driver-loader,875,ae69e3adfb85beae9f559198326ad5b45e2235084dde1cda06ec4970ec1d5be8
app/src/main/cpp/adrenotools/tools/qtimapper-shim/ext/QtiGrallocDefs.h,adreno-driver-loader,7740,75ea6d84f7b77be2faf93747b3c867a54423e5dc762326abebd5aed16a1d731e
app/src/main/cpp/adrenotools/tools/qtimapper-shim/ext/common.h,adreno-driver-loader,2544,f92de3482a97ddd71809e93aef1ce6c6463df4da099449b97f1fb26712c38318
app/src/main/cpp/adrenotools/tools/qtimapper-shim/ext/gr_adreno_info.cpp,adreno-driver-loader,14287,2879bc564c9105e6bca3b77585747a39c59c7bdb292f9562a2443c4d9d28e751
app/src/main/cpp/adrenotools/tools/qtimapper-shim/ext/gr_adreno_info.h,adreno-driver-loader,10420,5789c1affffa62c7246e670953355f1f6c9ea595936aeb9b58663b8903b4b594
app/src/main/cpp/adrenotools/tools/qtimapper-shim/ext/gr_priv_handle.h,adreno-driver-loader,6450,bddb0408af1296e01c39b4fdda5cefe58839a7062c8f031b859ee15950778d96
app/src/main/cpp/adrenotools/tools/qtimapper-shim/ext/gr_utils.cpp,adreno-driver-loader,21432,de0c79a67ed02661f81eb96e72a3b3a430a4160e5991175258a12202e39693d9
app/src/main/cpp/adrenotools/tools/qtimapper-shim/ext/gr_utils.h,adreno-driver-loader,5333,3be00c73dd6e445f0cccbe968ff446199243c5f5bdabb2b0ae97c33fc271feb7
app/src/main/cpp/adrenotools/tools/qtimapper-shim/ext/gralloc_priv.h,adreno-driver-loader,4020,ae03a4f0571a0229a3b7c0be6a4cbe8e6fe849e4f217ea6a45a4ed85ec2c62a9
app/src/main/cpp/adrenotools/tools/qtimapper-shim/ext/mapper.h,adreno-driver-loader,7158,5209f261c8a9562d11b00fc2cf05eec4401c0e98b15a84f9651007b1acafda20
app/src/main/cpp/adrenotools/tools/qtimapper-shim/ext/mapperextensions.h,adreno-driver-loader,10533,0a4cdef0651157ef778309849ae5851418ac38b0f587e0dd599da8fb99f4fc75
app/src/main/cpp/adrenotools/tools/qtimapper-shim/ext/types/common.h,adreno-driver-loader,277154,14eff0aea01a68b309e41f42ddac21fb0c107abc9a1e9b5a3433de03bd61381c
app/src/main/cpp/adrenotools/tools/qtimapper-shim/ext/types/mapper.h,adreno-driver-loader,8928,8c9151ab725569e32a5eabd76bcd397904db36ddcc7edf2a69e62e8e6cf219d0
app/src/main/cpp/adrenotools/tools/qtimapper-shim/ext/types/mapperextensions.h,adreno-driver-loader,27601,de591ae6b191931ec0a62aa9f08a3e20ff852e53ecf0123f5e5a681722abc233
app/src/main/cpp/adrenotools/tools/qtimapper-shim/shim.cpp,adreno-driver-loader,17295,ab5374b29c4b673a3fd720a0726bd671b51250006cefb3d998296f6fbdede46b
app/src/main/cpp/fakeinput_steam.cpp,other-native-host,111917,6d3f0fdc5ea835b3fa8641740886492adb26fd440fb7c9e36591c02f491513cf
app/src/main/cpp/framegen/VulkanRendererContext.h,frame-generation,42226,b35e62d8c8ce72f8425cf2b0539586c504a999a1d9f065ccafa7ff88af24d7ae
app/src/main/cpp/framegen/lsfg/lsfg_alpha.cpp,frame-generation,5492,09b7cef7b2f64b9e4e37ce45f02191131f1d7e58ea7be0c9b55c65ba5efcf587
app/src/main/cpp/framegen/lsfg/lsfg_alpha.hpp,frame-generation,1779,d710189f974af44d6688b8efbe34911de450fc75abba1c4037241fe0513c1383
app/src/main/cpp/framegen/lsfg/lsfg_beta.cpp,frame-generation,5900,e93dc0e7295c4f58939f84ad41b3803eb87a6376027a399d32dfdec3267cbdfe
app/src/main/cpp/framegen/lsfg/lsfg_beta.hpp,frame-generation,1419,0b00f45788330285a1de76f8152abdcd66c64dffc7f9ef944cd329e8a559508a
app/src/main/cpp/framegen/lsfg/lsfg_chain.cpp,frame-generation,5436,97bb56f161b6c463f08eb150eca0ef03ba4371673f76bcc8dd979b272829ccf6
app/src/main/cpp/framegen/lsfg/lsfg_chain.hpp,frame-generation,2460,94cb12e810ade903bc1e4af2f1c5275f7dae4a04c266ffa0e22925c2f613d19e
app/src/main/cpp/framegen/lsfg/lsfg_common.cpp,frame-generation,23885,2d51a38f6e6289f6d6bd6f51aaafff52db04467d07049b3c8d0335fc17aadb77
app/src/main/cpp/framegen/lsfg/lsfg_common.hpp,frame-generation,9873,7de6d95817d84d98f64774a10858cd55e24dad252999e8eb76a7b1a5df7092b8
app/src/main/cpp/framegen/lsfg/lsfg_delta.cpp,frame-generation,12147,c32db593c26675c03170849246af88a24f3c951327495e98109e8288866360fb
app/src/main/cpp/framegen/lsfg/lsfg_delta.hpp,frame-generation,2134,e1c6fc3414bc64076c3394f532ab2d8092cd8bbdb779157306afda98ae139f3d
app/src/main/cpp/framegen/lsfg/lsfg_dll.cpp,frame-generation,26011,409112db66100e8e51a28f0a3225c43630ca1f2f0ea3f396e428771e063a583a
app/src/main/cpp/framegen/lsfg/lsfg_dll.h,frame-generation,5829,53c5485740c9029f4017a82bb15b24a7220f4e08ca9d313a5b9a86a67f104816
app/src/main/cpp/framegen/lsfg/lsfg_dxbc.cpp,frame-generation,3207,8c87aa3bc8a15e4dff6e68b6e1c3071ca1ac98c40402aca9ba22f69f9f0e2546
app/src/main/cpp/framegen/lsfg/lsfg_dxbc.h,frame-generation,1960,83cf40be7816e0bdbd589befe1b8f01a827026dcc69645326594b15593641ea5
app/src/main/cpp/framegen/lsfg/lsfg_engine.cpp,frame-generation,13883,ae760a17fa575e57a8f6fc6a0b222462d6de99213f060e08fefc19c162db8162
app/src/main/cpp/framegen/lsfg/lsfg_engine.h,frame-generation,6803,52e1b59063fb0c9fb9a6fffd190db38b7069109a8b1256d6c7e3003e2e708d2e
app/src/main/cpp/framegen/lsfg/lsfg_gamma.cpp,frame-generation,7859,20619c87f8117306f5a82de7d9498bb6acd175190b046dc595dc83876281344e
app/src/main/cpp/framegen/lsfg/lsfg_gamma.hpp,frame-generation,1836,bd02cc974f27911b453ad157dd8cad046ea726ba82041feffd3a6cdfc6b4a2f8
app/src/main/cpp/framegen/lsfg/lsfg_generate.cpp,frame-generation,5106,682f1fa0a81e9055b70c2076625d510fa60ed281b94956817870d3a0ffe88d73
app/src/main/cpp/framegen/lsfg/lsfg_generate.hpp,frame-generation,1740,314cb16cc94fedea4f1285056e40ac950ebbf2b3dab7dd1e14667b0fe125fc90
app/src/main/cpp/framegen/lsfg/lsfg_governor.cpp,frame-generation,9490,7a1a902087f277df0ef1ada489943161ba0366ead5e24858c5ef7f28daf19525
app/src/main/cpp/framegen/lsfg/lsfg_governor.h,frame-generation,3479,e543d480b13d4ab8e88c046de8ee07ee8cf18522e7f7a4298075432d75e39734
app/src/main/cpp/framegen/lsfg/lsfg_jni.cpp,frame-generation,1962,c06a5dcb2a21c6cb4f7bf269c0849f8ca5ff38e60be4978aa44a1903e7d4580a
app/src/main/cpp/framegen/lsfg/lsfg_mipmaps.cpp,frame-generation,3044,ac90827ba39f55ba7790ca1b39683111ada0eb00ad385d4798e1f70d5927214c
app/src/main/cpp/framegen/lsfg/lsfg_mipmaps.hpp,frame-generation,1319,1270177122a2a83cb6d805dd7511f9192caec494ec8c9d928d7df1c74c3425c2
app/src/main/cpp/framegen/lsfg/lsfg_pacer.cpp,frame-generation,6685,eab59be133e64e59a37415c824a6d27e7172569580f5cc4032a7335d7b47063a
app/src/main/cpp/framegen/lsfg/lsfg_pacer.hpp,frame-generation,2041,91f9c1833f482c5f8d7932dcaf2accfdd01c100cf01597167420e224ebdef2fc
app/src/main/cpp/framegen/lsfg/lsfg_probe.cpp,frame-generation,7173,56321ad8ce23f9a06665dc11294f6a7ba617ceb72c379453a2707d034fa5180d
app/src/main/cpp/framegen/lsfg/lsfg_probe.h,frame-generation,5455,d0fbdde2f1b6bf9279e9792606e4c353a63af9a47c9eb6f15014417d08306f75
app/src/main/cpp/framegen/lsfg/lsfg_shaders.cpp,frame-generation,3667,fb0172952c437999e964cc04e9f280554103966e65f096c4266361e63021fb88
app/src/main/cpp/framegen/lsfg/lsfg_shaders.hpp,frame-generation,1191,1c836696954b9c1a4813a5a2d4ed25a3f2c6c958b750106d9f21fb6d43f5e8ae
app/src/main/cpp/framegen/lsfg/lsfg_vkd.cpp,frame-generation,2071,3f6ba1773a37bfde7dd05d2a31bda660c2991a807ec4fbce8512a98a03bf559b
app/src/main/cpp/framegen/lsfg/lsfg_vkd.h,frame-generation,4262,ea4155fd3f51528fd94a0077da73040cb17012f68777b8c2cd573e49df47e2aa
app/src/main/cpp/framegen/winfg/LICENSE.win-fg,frame-generation,1069,9ad2839085f404318dc880f1fb8e637e59f751b3ba2a8a94f70b05304e43da1d
app/src/main/cpp/framegen/winfg/NOTICE_FIDELITYFX_OPTICALFLOW.md,frame-generation,2520,384ff33803726ccb1fbecc8e421424545521986206b9e04cac2fc6f68d2f7b1a
app/src/main/cpp/framegen/winfg/config.hpp,frame-generation,21798,307003b86e91f8a848017605a64f1b024eca98c8f9d438c6dece8f076a1d3ed0
app/src/main/cpp/framegen/winfg/embedded_shaders.hpp,frame-generation,215912,16837cda81c8e102c3d62c53eba228b69b38b1922592d39e86a42a9fb8d96590
app/src/main/cpp/framegen/winfg/framegen.cpp,frame-generation,15294,6e4549cbb1de949de64a7839ee883c1e6e85379ff05fad372a9245c97db4d2a7
app/src/main/cpp/framegen/winfg/framegen.hpp,frame-generation,8980,3b1b17b5c472bcc5c82cf68b09d1d88746658125751a8dfa9832866702c80a19
app/src/main/cpp/framegen/winfg/log.hpp,frame-generation,1206,84d733248699f4a52ff87a50f3d10922434ecc313c6582a69c33418cf33933a6
app/src/main/cpp/framegen/winfg/record_impl.inc,frame-generation,40562,ef78e8a1d40ec8f96fd1ee3eb7abffda14f0eee033e5783c7423eaabc7f6779d
app/src/main/cpp/framegen/winfg/vk_dispatch.hpp,frame-generation,7177,8355ced3bcd0d1d841fbe4ad936f3c91cbfe4ae884af495d57c3745889579606
app/src/main/cpp/framegen/winfg/winfg_engine.cpp,frame-generation,9379,dc865bff51d5088759c12f5f2ebeee2fd4debd293d6730c4d49645af05dca468
app/src/main/cpp/framegen/winfg/winfg_engine.h,frame-generation,4346,bac2f53349a8a0828380349b2b440cc5a0f017371b978548a6979f72389696bc
app/src/main/cpp/framegen/winfg/winfg_vkd.cpp,frame-generation,2242,85dcd6c16a8dbbd5e3df4f8f8c0a3dfea963161ce4ec7a014eedc2fa19cb6aef
app/src/main/cpp/framegen/winfg/winfg_vkd.h,frame-generation,1128,9c739790d716fd17c1df9f996c187ba9e43c389659374963e3592632179d389d
app/src/main/cpp/scanout/ScanoutContext.h,other-native-host,4732,06ad648e454487f7d86b8ce1df10e239d436a84f9c9df596dc984887458508ca
app/src/main/cpp/sdnative/sdnative.c,other-native-host,675,b4d2b57d678b9b88239dae3b8ef11ed0802f5280ca8ac4eb70907c0b551cfb29
app/src/main/cpp/shaders/cas_frag.h,other-native-host,15979,09ae91fbbed2c6c11ce3a2756265d1e1fe14551309d89cbac71dcb5e4926f502
app/src/main/cpp/shaders/color_frag.h,other-native-host,6542,2e2ca83f5a268910460e939cb003a67016a507640233bc6725e717b7fde84062
app/src/main/cpp/shaders/crt_frag.h,other-native-host,6665,7cea41837c057defad8cec4632922a424ed50b16053d40a2c685e21711e2a02b
app/src/main/cpp/shaders/deband_frag.h,other-native-host,5959,207f2a0b4b18a30b6766c446adbba9d0f0aa73f9e053a2408442a32338c17199
app/src/main/cpp/shaders/fsr_easu_frag.h,other-native-host,81269,e9e59c36d440aec367912eb22aaf2a1619330cb803b7c79ecd4a4532897f20f5
app/src/main/cpp/shaders/fsr_rcas_frag.h,other-native-host,41860,701ed72f9db7a931d5664a9775ea864fb907dcae6e0b9790a51fc318143b66c8
app/src/main/cpp/shaders/fxaa_frag.h,other-native-host,14529,3eabcf4d3c24795dd0d406073371470c7746873e12f5415d6e46d29b9c305cc4
app/src/main/cpp/shaders/hdr_frag.h,other-native-host,15283,50f15e28490d8cf68dc85c73f881930bef293f0b6063e2b75d788877a8b9e82c
app/src/main/cpp/shaders/nis_frag.h,other-native-host,109647,513c4c0e3171a2ad647da2833e62ceaf32857594e8491248ae3282c4ceb636ff
app/src/main/cpp/shaders/ntsc_frag.h,other-native-host,13561,21317ec219b8badcdc3e057a47dc59eacb9ef7384152d4c083955a8db4c8f5e8
app/src/main/cpp/shaders/sgsr_frag.h,other-native-host,35916,f4c5d0c08f21a79e51d9e155c0126595e486bc4dea57bb03ea1b7603396da04c
app/src/main/cpp/shaders/sgsr_quality_frag.h,other-native-host,41098,c8133b5d1452d9108d2267c9518f25de13d55cf628d575f3bc29a695e6b0aa57
app/src/main/cpp/shaders/toon_frag.h,other-native-host,7790,5be7f56e1b16a8657bf5427b9f797e087f9d11e510392e6633a21ad38efb91f3
app/src/main/cpp/shaders/upscale_vert.h,other-native-host,5537,819b83a0543fc34ee80ba76965405e62faa940d9dba2463310a6a8fec97a6e29
app/src/main/cpp/termux/termux.c,other-native-host,7366,e2d850887791c248c674b1aa1d3e84f2d9612c8482ba90feaf327634680f4933
app/src/main/cpp/thirdparty/dxbc/.gitignore,vendored-shader-translator,29,b4d5af8c4991c753127eba7e8b292ec29f1f6a8c9a1326df4369250457fc6c23
app/src/main/cpp/thirdparty/dxbc/CMakeLists.txt,vendored-shader-translator,625,aa3711b57b341521e926c96628efb1a5ae4e03e15938cdd0aaa98a92a25824f8
app/src/main/cpp/thirdparty/dxbc/LICENSE.md,vendored-shader-translator,1074,a5cb1a6ded7d2d7e92d550ba28edd21be2d1d4044662b399887351023e30ce64
app/src/main/cpp/thirdparty/dxbc/README.md,vendored-shader-translator,168,c75baf2229cec8b0eff00cc92820daa0accdd0815711cb971234af5b5bb30b0e
app/src/main/cpp/thirdparty/dxbc/include/dxbc/dxbc_analysis.h,vendored-shader-translator,2580,f7102a60a472da5c66e1aa85191eaf7ed80a72d0b0216c544236424b67cf6721
app/src/main/cpp/thirdparty/dxbc/include/dxbc/dxbc_chunk_isgn.h,vendored-shader-translator,1529,06ecbd1f4b26beefff906d8ce6bfa41bc3a4a1aa7604637d8c14427b10430792
app/src/main/cpp/thirdparty/dxbc/include/dxbc/dxbc_chunk_shex.h,vendored-shader-translator,714,7c4109ab0ae25c61cbb8663803f391694d5481943a798521d05280e2acafb4c4
app/src/main/cpp/thirdparty/dxbc/include/dxbc/dxbc_common.h,vendored-shader-translator,1380,66f3b84d74c4acfcc7c94abb42a1e47a927b199eda8db096ffaec663ff9919fa
app/src/main/cpp/thirdparty/dxbc/include/dxbc/dxbc_compiler.h,vendored-shader-translator,36488,8de719a4704c6076307a4a8912bc656eecc54093a27423291755a68feb02015f
app/src/main/cpp/thirdparty/dxbc/include/dxbc/dxbc_decoder.h,vendored-shader-translator,12499,462bedc0439f7fb7efbfa473f3e667dd331289d3dcfbfb67a3231b3adccb9fc6
app/src/main/cpp/thirdparty/dxbc/include/dxbc/dxbc_defs.h,vendored-shader-translator,3838,b4cbd48d1fd50a16ef181fb5c43760b202f094e8636b9442397236673c10cde3
app/src/main/cpp/thirdparty/dxbc/include/dxbc/dxbc_enums.h,vendored-shader-translator,21137,110ce0fc3d42c5b4c381674907f727ae8049ef99519668864b380f8c805a227a
app/src/main/cpp/thirdparty/dxbc/include/dxbc/dxbc_header.h,vendored-shader-translator,871,5acce7d0cc6c8aa96134385272e8a385fd3dc96d708ecdecd711d11b1f65db7a
app/src/main/cpp/thirdparty/dxbc/include/dxbc/dxbc_include.h,vendored-shader-translator,380,d4b271317e0a4aefe03c70cfdbfba1065bb0c3a6ffd1afae38d00b1aa6358486
app/src/main/cpp/thirdparty/dxbc/include/dxbc/dxbc_modinfo.h,vendored-shader-translator,1222,15ac018a95de926054a00f31fdc99561a16ddb9f10028d8077da059ae15a6cb2
app/src/main/cpp/thirdparty/dxbc/include/dxbc/dxbc_module.h,vendored-shader-translator,3353,561733f4fee83757e9004c72bac6c47877fb7f07acb022ff64b0442215c225f5
app/src/main/cpp/thirdparty/dxbc/include/dxbc/dxbc_names.h,vendored-shader-translator,1164,638ca93734edb1243ac08738dbb33dc92edb56eb65c7a4c813af12a8d7badc4f
app/src/main/cpp/thirdparty/dxbc/include/dxbc/dxbc_options.h,vendored-shader-translator,1893,463bf04ecfb7f4b38934a4456cf54658deda9402f381a0e42ddeea13c5bf6cae
app/src/main/cpp/thirdparty/dxbc/include/dxbc/dxbc_reader.h,vendored-shader-translator,1798,5bb1e9fc44fbb6ae078acac04116080683713bd512f0881a04892fd802372d0f
app/src/main/cpp/thirdparty/dxbc/include/dxbc/dxbc_tag.h,vendored-shader-translator,885,b7d5c28d959078334298edd71ccd22c776c67b984ddc91ccebd88da21a37737d
app/src/main/cpp/thirdparty/dxbc/include/dxbc/dxbc_util.h,vendored-shader-translator,4390,4aa3e4f14d0bdfa8cdf3f6d9ee2cfda2c45870cf0ce632ecad8bb0ea15341034
app/src/main/cpp/thirdparty/dxbc/include/dxvk/dxvk_hash.h,vendored-shader-translator,595,92dd7951222b51cb16787286d5ea1e1aa6d5324e4ee1fcaae84359ca5a31d252
app/src/main/cpp/thirdparty/dxbc/include/dxvk/dxvk_limits.h,vendored-shader-translator,622,7aa70b972c3da44ef3ecd6a1a9ad88893fb5b7df6196248475b63e5bd21c4c54
app/src/main/cpp/thirdparty/dxbc/include/dxvk/dxvk_pipelayout.h,vendored-shader-translator,3069,c0cf9bdd68a2cccfdda3e9c3c9b868853b1047b643ab466d7e52ae9a18c65134
app/src/main/cpp/thirdparty/dxbc/include/spirv/spirv_code_buffer.h,vendored-shader-translator,6184,21c88222a5c7058d5fa9f8e07ee1404df46efa8b22d45d0e4fbb674fc0ac6524
app/src/main/cpp/thirdparty/dxbc/include/spirv/spirv_include.h,vendored-shader-translator,284,5c211f431718a3cdac98cb9d03f8a0c943da83db4f4a1f12de7f319e1ab06457
app/src/main/cpp/thirdparty/dxbc/include/spirv/spirv_instruction.h,vendored-shader-translator,4067,316224fb7ca12a3667f87f4fbd5798ee2b33f56e015b45e09d602f0c87ba9b99
app/src/main/cpp/thirdparty/dxbc/include/spirv/spirv_module.h,vendored-shader-translator,43282,597f2b9cf3fbb61c6542ab48d4eaf454bbafae26f300eb3f20b4981ce4774874
app/src/main/cpp/thirdparty/dxbc/include/spirv/thirdparty/GLSL.std.450.h,vendored-shader-translator,4127,8bca15bf3e149e5927e366adfe048c00535273e81dd21e3f0f0bc1f58fd9f293
app/src/main/cpp/thirdparty/dxbc/include/spirv/thirdparty/spirv.hpp,vendored-shader-translator,285877,d9ad4775f304ea6731b5e4a0c6998e45fd87ce1bebaeed96f4b8fba53b140687
app/src/main/cpp/thirdparty/dxbc/include/util/log/log.h,vendored-shader-translator,869,5defc6a72565006df15967e56debc4c46fe962cc4ef9519333411e9b572f71f0
app/src/main/cpp/thirdparty/dxbc/include/util/log/log_debug.h,vendored-shader-translator,1102,7f2f0fe7c8a1af82f1e3c7ff3cec7682b88af35bd72791ebe2d7517422d88400
app/src/main/cpp/thirdparty/dxbc/include/util/rc/util_rc.h,vendored-shader-translator,583,8e9e3865119b9e4fd22676c79c59a76285d1874af915aadea25c5150b5ddbbf5
app/src/main/cpp/thirdparty/dxbc/include/util/rc/util_rc_ptr.h,vendored-shader-translator,4558,7865b35b435d6bbc4c456c3a254588a79ff63cb5375467e37e742c7e87855b70
app/src/main/cpp/thirdparty/dxbc/include/util/util_bit.h,vendored-shader-translator,17391,fb9f816ebf8b04a5021fe9de9e61959e8a6a5eeedb8ffd5bb61e4cc02d3c60d3
app/src/main/cpp/thirdparty/dxbc/include/util/util_enum.h,vendored-shader-translator,150,606e099a75444d2af62379fd9d7472cba76a95f1d6eb1e2de104fea0b028026c
app/src/main/cpp/thirdparty/dxbc/include/util/util_error.h,vendored-shader-translator,457,5b668297ace9c121eaaa1131082c5228e45feca2eda89abd44c3a6e81bd41b80
app/src/main/cpp/thirdparty/dxbc/include/util/util_flags.h,vendored-shader-translator,2001,c19e2b539473f3a9957e287cb77ed966012135c7bde1dd59225ec6e81276afda
app/src/main/cpp/thirdparty/dxbc/include/util/util_likely.h,vendored-shader-translator,272,274c5fa8d8a5efe4746d85633440d6806cb120784d0bd4a4300d9b6b594e9705
app/src/main/cpp/thirdparty/dxbc/include/util/util_math.h,vendored-shader-translator,894,c8990244851dcad55ba7d626aac5d76f705fb454ee64252929ba99ef03478086
app/src/main/cpp/thirdparty/dxbc/include/util/util_small_vector.h,vendored-shader-translator,4554,4ea1a72db4ea34a8bbbeff294a03b540abdce41682b764d7ce28c03d90c2220b
app/src/main/cpp/thirdparty/dxbc/include/util/util_string.h,vendored-shader-translator,6681,c14d4ac2a67c9ea91b1f14bd66c1ba349c987dad880c9fc6a8806d46a8bcb525
app/src/main/cpp/thirdparty/dxbc/src/dxbc/dxbc_analysis.cpp,vendored-shader-translator,8729,8fbad6e60c9060101399ec00977ad779d2c2054c8d17d5f4c0e0296f8a7f4a61
app/src/main/cpp/thirdparty/dxbc/src/dxbc/dxbc_chunk_isgn.cpp,vendored-shader-translator,2960,2c12440403b7aba0ebb810c0bb114ad7b5e57624553ed4300970d8d0662b4298
app/src/main/cpp/thirdparty/dxbc/src/dxbc/dxbc_chunk_shex.cpp,vendored-shader-translator,653,8b4d64f408acb29f7f7cc1b4a181056b6834cc8d906b1322c4ed077fdd4a01f5
app/src/main/cpp/thirdparty/dxbc/src/dxbc/dxbc_common.cpp,vendored-shader-translator,1457,bc7bdb5b4f822dccd482411e5a8c1c6646a1657576ae364f7a6f7e4a312023d7
app/src/main/cpp/thirdparty/dxbc/src/dxbc/dxbc_compiler.cpp,vendored-shader-translator,288471,33e5e958922fca20464924730cd1fad94e524798ed4cedbfa4017955718ffc53
app/src/main/cpp/thirdparty/dxbc/src/dxbc/dxbc_decoder.cpp,vendored-shader-translator,12402,ae190c8f8192aeb3246c690d38a47688a786f3dcbdb0440b9edb3e422b7b3011
app/src/main/cpp/thirdparty/dxbc/src/dxbc/dxbc_defs.cpp,vendored-shader-translator,55976,1f241b4d8fdb91507c9e539c26a0347dedfab53ef369b5013c852cea8b323482
app/src/main/cpp/thirdparty/dxbc/src/dxbc/dxbc_header.cpp,vendored-shader-translator,802,f6704d2cf103a6b28617526eecaa0660709e3f678dfe5e0311d2171b8810dedf
app/src/main/cpp/thirdparty/dxbc/src/dxbc/dxbc_module.cpp,vendored-shader-translator,3213,374832af13b555e2a03986cb8a9ead9ae5dd8a33d7b4d8260dd0605e76fce6c4
app/src/main/cpp/thirdparty/dxbc/src/dxbc/dxbc_names.cpp,vendored-shader-translator,16564,f74558345dcf7bce528ccf32e37c6b68fb62c58d4e70cac053ba89a3015d2cf7
app/src/main/cpp/thirdparty/dxbc/src/dxbc/dxbc_reader.cpp,vendored-shader-translator,1207,e0106984b322ead8c7e040839e7a434b537672f42aecf41758c40cc2782d27f1
app/src/main/cpp/thirdparty/dxbc/src/dxbc/dxbc_util.cpp,vendored-shader-translator,594,bac3eacbb2eca2cefd0d86399969751cf65afd37bdaec7e67a3aa0d57b25959f
app/src/main/cpp/thirdparty/dxbc/src/spirv/spirv_code_buffer.cpp,vendored-shader-translator,3894,4d0886f7e2e4279d674f9460e9fa3c205a5799ce3ac7464dc637fe662babdd80
app/src/main/cpp/thirdparty/dxbc/src/spirv/spirv_module.cpp,vendored-shader-translator,116294,5a70eed47043f7c9fd2bb4bf38f36b0b88b53fc8449ea88a339ef3acd0f5f152
app/src/main/cpp/thirdparty/dxbc/src/util/util_log.cpp,vendored-shader-translator,271,384c1d865d5c0c17d178bca1503906b034826215c4702a4949889712c02e3b06
app/src/main/cpp/thirdparty/dxbc/src/util/util_string.cpp,vendored-shader-translator,5207,6bb8f2be08f8866f247b25fd0f92a89c96ba0875755d0367df5616ec97cadd96
app/src/main/cpp/waylandcomp/CMakeLists.txt,android-wayland-compositor,5709,ef0e261ba2fa7ab8fabb23927a12884726b9cd6a644ed31ac10071df2a8de4c8
app/src/main/cpp/waylandcomp/ZERO_COPY_SPIKE.md,android-wayland-compositor,24626,1ad046dc21986ab7fcd4e243f264dfbd89b2df3d4a8b358c2e7e4f0b98934374
app/src/main/cpp/waylandcomp/generated/banner-ahb-v1-protocol.c,android-wayland-compositor,2161,98d17b399b0acdf9736b6a0f15007b07e9e2cc62311c8d061d9504db7c9a465c
app/src/main/cpp/waylandcomp/generated/banner-ahb-v1-server-protocol.h,android-wayland-compositor,8918,73d1be105152a23f175a18bf40bdced64dd82f9f3b3a12b765f6ee00e495fa17
app/src/main/cpp/waylandcomp/generated/banner-desktop-v1-protocol.c,android-wayland-compositor,2172,e0fa8f881d8f90a135f78ec1b83f6a4f4a3a623f0248c1420a1de8cc8fd78b84
app/src/main/cpp/waylandcomp/generated/banner-desktop-v1-server-protocol.h,android-wayland-compositor,4709,7c1d298283e32f30ff9fe0b202c7ba54b0d4b3bcae47cbf6084fde030c836126
app/src/main/cpp/waylandcomp/generated/color-management-v1-protocol.c,android-wayland-compositor,8548,d10b5f466acbb52f48f7bfc89b165a46fa20081b9c6fa1a9afc5d926fce23c90
app/src/main/cpp/waylandcomp/generated/color-management-v1-server-protocol.h,android-wayland-compositor,95759,a0b8c7335f1028ceb6a9100bdc34939a4eba7aa46bbf100d9a75940df0c19ecb
app/src/main/cpp/waylandcomp/generated/linux-dmabuf-v1-client-protocol.h,android-wayland-compositor,46360,fabc94be6ab19d0b8c8e8f66747c4d78a7e938d0983eefcf190565121c18e559
app/src/main/cpp/waylandcomp/generated/linux-dmabuf-v1-protocol.c,android-wayland-compositor,4269,4ee0cca2b61e0760ab0b67b68744b9e18f253f821e92a85cb7d16fdcfeb9d663
app/src/main/cpp/waylandcomp/generated/linux-dmabuf-v1-server-protocol.h,android-wayland-compositor,38095,70160404c36547128b37aefc1dad5b9f5032df7ad0f274d43abb797d19dda9c2
app/src/main/cpp/waylandcomp/generated/pointer-constraints-unstable-v1-protocol.c,android-wayland-compositor,3976,a4227659f61aa504eab8099983f0ea195b46c38a745cbb4572a0e70d001dc109
app/src/main/cpp/waylandcomp/generated/pointer-constraints-unstable-v1-server-protocol.h,android-wayland-compositor,23210,082ff26a01df01514d93403c88ad91a0cf9ffdbead711baa736e2fa94c757fc2
app/src/main/cpp/waylandcomp/generated/presentation-time-protocol.c,android-wayland-compositor,2773,fcae8983d6450b206f0fcbbc38905eb9baa7f66c34e9c4eb2766361e5c64f6f2
app/src/main/cpp/waylandcomp/generated/presentation-time-server-protocol.h,android-wayland-compositor,13614,27958f3cee2bd870c44f73fa53ee45669cf8c4413fa719166855a77c14924510
app/src/main/cpp/waylandcomp/generated/relative-pointer-unstable-v1-protocol.c,android-wayland-compositor,2768,135ab5a8e31916483eff19e43992623d8f99f03f067ff99660fe02c584125be7
app/src/main/cpp/waylandcomp/generated/relative-pointer-unstable-v1-server-protocol.h,android-wayland-compositor,7728,d0a4c0233e448bb7274f1380b37ae51e4a97a70accbed95e41103cb8f856fe39
app/src/main/cpp/waylandcomp/generated/text-input-unstable-v3-protocol.c,android-wayland-compositor,3980,749f98945cb3e6f3883376da9311a751a3c734e7ceef443670ba5070761db2a1
app/src/main/cpp/waylandcomp/generated/text-input-unstable-v3-server-protocol.h,android-wayland-compositor,35728,152272c094abf7d364eca5abd3cb2826da692b1bbb1ecd8cf7f5076059225949
app/src/main/cpp/waylandcomp/generated/viewporter-protocol.c,android-wayland-compositor,2423,ee3b669764240a69b4436e8cc7cb2e4d42dc872752df3f34df98851bbcb51d11
app/src/main/cpp/waylandcomp/generated/viewporter-server-protocol.h,android-wayland-compositor,14186,27ca8245672314e8f0329576cea3cd361b38a2c7373cc136e1868b298dddbcaf
app/src/main/cpp/waylandcomp/generated/wlr-data-control-unstable-v1-protocol.c,android-wayland-compositor,4702,48449e65a62a76bde403232a68d686b501a24e94af19aa37b02f4edd3cee7af3
app/src/main/cpp/waylandcomp/generated/wlr-data-control-unstable-v1-server-protocol.h,android-wayland-compositor,17955,210d0f3501ea3eb81db8e65381b2af253774f1663780601491ce663660780251
app/src/main/cpp/waylandcomp/generated/xdg-shell-client-protocol.h,android-wayland-compositor,82164,fa88c96998e9945453912fed61514254366216bbde0bd4fb3a1464451e77c615
app/src/main/cpp/waylandcomp/generated/xdg-shell-protocol.c,android-wayland-compositor,5999,1243809606cf34cb51c9fd19f7b61a9ca8bf26bbacc59e2dffe0103cd5d47348
app/src/main/cpp/waylandcomp/generated/xdg-shell-server-protocol.h,android-wayland-compositor,77644,84e17871366db8d3b261e2f8160f2063a025de50ad2785c1621aa37ae53fe64e
app/src/main/cpp/waylandcomp/generated/xdg-toplevel-icon-v1-protocol.c,android-wayland-compositor,2996,f6947ef5b94fa2eeae192b857287d676d6c8bfc094594bd2d9bdf8a56b28babc
app/src/main/cpp/waylandcomp/generated/xdg-toplevel-icon-v1-server-protocol.h,android-wayland-compositor,12762,96b3da34b9cde88c0cc0eb48a81619f66e15758b91068594f60f5f211821ca78
app/src/main/cpp/waylandcomp/prebuilt/include/wayland-server-core.h,android-wayland-compositor,20944,f5ef7113e406057c41404a15b19307afaac7adb445f72269e30eca072bf928cd
app/src/main/cpp/waylandcomp/prebuilt/include/wayland-server-protocol.h,android-wayland-compositor,190930,7ed8e780f7f1c2183ade2542d7fbf7ca8aa536ce893021928497a99f4c4f113d
app/src/main/cpp/waylandcomp/prebuilt/include/wayland-server.h,android-wayland-compositor,3237,b57f978e9c28c3f73f92362cc9b741d0b8f00824fb0afe66eaaac47f979cda28
app/src/main/cpp/waylandcomp/prebuilt/include/wayland-util.h,android-wayland-compositor,24520,f336a00a03fcf442a59dc9e5fcce3fc94b2cbfcbcf0befba018be3657b7ea381
app/src/main/cpp/waylandcomp/prebuilt/include/wayland-version.h,android-wayland-compositor,1354,35578b408ab6a91bea914a1b6e462c5b85018ee1c4f83ce89ddc5b36d4ad74ed
app/src/main/cpp/waylandcomp/prebuilt/lib/libwayland-server.so,android-wayland-compositor,79632,2daff7500b6acee55291567d786653ba75f5aecf5a5e648fce4c10fe6bc7a8ea
app/src/main/cpp/waylandcomp/protocols/banner-ahb-v1.xml,android-wayland-compositor,6030,b84bb56a52b76eef5b1b8669ceed07a8f33976831337fa3a4a660ee5bccf1bdd
app/src/main/cpp/waylandcomp/protocols/banner-desktop-v1.xml,android-wayland-compositor,2993,29a3e2793bebc290e98ac2d2f40409b84894ef600e477c335f4be2c7528ee5d8
app/src/main/cpp/waylandcomp/protocols/color-management-v1.xml,android-wayland-compositor,74839,476bd44b6d59d4e5cb9b3e75a3d8108b59ddf8d904f8271aad426e09377bb18b
app/src/main/cpp/waylandcomp/protocols/linux-dmabuf-v1.xml,android-wayland-compositor,30999,29ce3ece4fb86e00c6e7f07332274bcb9ceb0eb8b1380d3635c1a67bbde830ab
app/src/main/cpp/waylandcomp/protocols/pointer-constraints-unstable-v1.xml,android-wayland-compositor,15451,92553c58baa04931afcd409a9d947518b70bc986b847ccb1ef74f377779b0b5d
app/src/main/cpp/waylandcomp/protocols/presentation-time.xml,android-wayland-compositor,12890,dffac93bcb2bb1d8c385e72b8a8c2c0d4d79a336866322f3ba886dce2b27b1e2
app/src/main/cpp/waylandcomp/protocols/relative-pointer-unstable-v1.xml,android-wayland-compositor,6584,ab4930dd3084f732b6fdd12ee6dbd0a112a758ed8a57b170366391dbeb1a22ff
app/src/main/cpp/waylandcomp/protocols/text-input-unstable-v3.xml,android-wayland-compositor,28120,160815cda13c285a30df1971d8f0a5b3aac07071537df59916d2f748b18e4f59
app/src/main/cpp/waylandcomp/protocols/viewporter.xml,android-wayland-compositor,8232,b327b824ff2799032aa852d9607f8db8f0f672474444812a3b0997d87aa5dd0b
app/src/main/cpp/waylandcomp/protocols/wlr-data-control-unstable-v1.xml,android-wayland-compositor,12190,5f10d6bf9bfa9d12266a6f423fb77bbb98e415f6d64fe24680710ffb362a7082
app/src/main/cpp/waylandcomp/protocols/xdg-shell.xml,android-wayland-compositor,59567,96383d998ee1739263d08f30079477760b52e3d9351719ac13ee527841e50570
app/src/main/cpp/waylandcomp/protocols/xdg-toplevel-icon-v1.xml,android-wayland-compositor,9597,5e57a72fa9ccf1666c56d49cc86408f068c21e5e6a09ddd468ee65d08478f882
app/src/main/cpp/waylandcomp/src/ahb_swapchain.c,android-wayland-compositor,18638,541881d7c9b914879804bed23d83a8d21db4b34c107f255b87f9edde15e446e7
app/src/main/cpp/waylandcomp/src/ahb_swapchain.h,android-wayland-compositor,5495,9c184e4440e6b4126db3d3b08efb91168027e332a32fba5896b52158f43bd891
app/src/main/cpp/waylandcomp/src/banner_color.h,android-wayland-compositor,10794,65680a26f49042652e5cddc143180fde75230aba2cf6cce1124cd00a341dd568
app/src/main/cpp/waylandcomp/src/banner_ext.c,android-wayland-compositor,4235,1acbcfb35df9bcfd47e6b9d2fcee5bef9958daba3aad168d5438ad81419a75d2
app/src/main/cpp/waylandcomp/src/banner_ext.h,android-wayland-compositor,2962,5489148ea613c73070fa8e18d56d62cdd9307df1e90494a1de9839ea4e888ede
app/src/main/cpp/waylandcomp/src/blend.frag,android-wayland-compositor,279,6f949c827235c1a2b9f8746777b698e235fd633969cf4b6605feecf969757505
app/src/main/cpp/waylandcomp/src/blend.vert,android-wayland-compositor,383,aa796d0ff739a7c3cdac45f08c827fabcccd331b8cf94300bc7e195aa953e2b5
app/src/main/cpp/waylandcomp/src/blend_frag.h,android-wayland-compositor,1621,af1cf7baa057c470c7370397d7473475fb16ff2c13afb5ced6ed7455dc2d5afa
app/src/main/cpp/waylandcomp/src/blend_pass.c,android-wayland-compositor,18559,da064026ad277effdbad65cb1899f0183bc7c080ad3b9b9722ff68ebc73ad578
app/src/main/cpp/waylandcomp/src/blend_pass.h,android-wayland-compositor,1481,21bf1335a261aac1dde78aa6aac008c370dedda9aa2419095a21ab9a246a304e
app/src/main/cpp/waylandcomp/src/blend_vert.h,android-wayland-compositor,4591,de4acede15bd7177364719cf9f8b5ad62e5c856fbd268c886f52be5754d56dce
app/src/main/cpp/waylandcomp/src/compositor.c,android-wayland-compositor,173103,5af2f5af76a7bacbf8bb7f8d9e8a8e21961b5bd4616061a7f43db26adc47aa17
app/src/main/cpp/waylandcomp/src/compositor_internal.h,android-wayland-compositor,3467,976bc48f1c0d6c18e2d599bbe77d423f2eac30639b2c5bf3fe569ed45f260f4d
app/src/main/cpp/waylandcomp/src/effects_chain.c,android-wayland-compositor,38206,c96143d72575952f6178ec2b7faa15cab7998fb28dcb11605864e1437fa2a91a
app/src/main/cpp/waylandcomp/src/effects_chain.h,android-wayland-compositor,4916,1fcd30f903f3ebfed3236d750dad45269ba6f96de1f0c3ca53fb02d6943e2861
app/src/main/cpp/waylandcomp/src/framegen_bridge.c,android-wayland-compositor,22407,68cb7c7390ce41598c70f2182bae8b3661ed5cc3aa8a58f04d787131c798b97a
app/src/main/cpp/waylandcomp/src/framegen_bridge.h,android-wayland-compositor,5804,5f4c5b1310b13a7762714686d130d7f69bec8962c5f06b10cc4ffdb36a6b5073
app/src/main/cpp/waylandcomp/src/framegen_engine.cpp,android-wayland-compositor,10755,a50fcb7456375587461da870398a613c1c04ebdedf54bf4cacabe4094a3a3258
app/src/main/cpp/waylandcomp/src/framegen_engine.h,android-wayland-compositor,3826,d3a71fa42e62eb24d43af0685e639f1ed110b08e794a06610bda34753a8d425e
app/src/main/cpp/waylandcomp/src/framegen_engine_stub.c,android-wayland-compositor,2280,49cbb06894522a51cdb8a1ab9c1a975ce487b7b7597d5dbb56f3683d5c6ab3f9
app/src/main/cpp/waylandcomp/src/framegen_jni.c,android-wayland-compositor,2909,f7747edb20fc10e747492c8eff7b02591189f12244617777508a3389b315a564
app/src/main/cpp/waylandcomp/src/hdr_compose.c,android-wayland-compositor,18067,9fdcc46cc2d2cd124e8c4ef55090659b690a742075a405ebaf957e9855eb02ba
app/src/main/cpp/waylandcomp/src/hdr_compose.h,android-wayland-compositor,2827,27473a169105554eb5a554bde6bd554163e5950ec80f94ec23b70b7ec5beb9b3
app/src/main/cpp/waylandcomp/src/hdr_encode.frag,android-wayland-compositor,5555,099ff360eeae5769b5bc06b3fa1cb9b3afcab9ed95a8085e63ad872916e1682c
app/src/main/cpp/waylandcomp/src/hdr_encode_frag.h,android-wayland-compositor,25010,465c4a95833c28a1166fae52a522a1aa41664924a7c0b00c6054265c2b6ec0d8
app/src/main/cpp/waylandcomp/src/sc_layer.c,android-wayland-compositor,61356,a4b4b0b01f1905c263c414a09f77d1f9215b85d464fb6961a986fbe932b570e9
app/src/main/cpp/waylandcomp/src/sc_layer.h,android-wayland-compositor,12242,b860c14c066d593c923058834ae2f55a9bd8c1cd76f192f8929cce45b4dd3aa8
app/src/main/cpp/waylandcomp/src/vk_loader.c,android-wayland-compositor,2144,27e3c6efd3c686f261d435289fd44ffb9c42cfad28a5149fb9c9fa611980c544
app/src/main/cpp/waylandcomp/src/vk_loader.h,android-wayland-compositor,3357,fcd30c9c74a614bbf85b90e698ace9404474a656093dbd8adbb59afae302cf30
app/src/main/cpp/waylandcomp/src/vk_present.c,android-wayland-compositor,126103,73eb4f675a75720ce9eac9f6951dc17deee6d11d66012eef3253e080d3c188e2
app/src/main/cpp/waylandcomp/src/vk_present.h,android-wayland-compositor,12255,144fed9b2f0150e257cf0bcba01ddb23d08fd3cf458540963c65867089ba03de
app/src/main/cpp/waylandcomp/src/waylandcomp_jni.c,android-wayland-compositor,33904,7fe1958d6a1bbafc0b915bc3b9994f78e3d3cee6679c96b28c539c3a18d3e49b
app/src/main/cpp/waylandcomp/src/wl_clipboard.c,android-wayland-compositor,22187,5828861f6c985ccb3f12d996cd55d5ef40169efbbecc15fef3979539c51eb2c9
app/src/main/cpp/waylandcomp/src/wl_color_mgmt.c,android-wayland-compositor,70942,afc05ea5611e821fc6e22925d636902df8c737c4bb9a0c2339204380ada32b2d
app/src/main/cpp/waylandcomp/src/wl_dmabuf.c,android-wayland-compositor,16904,a94eae7e9621a640452f6f8350f0e74c16b64e4ef6b263a6c97ada59d57b3025
app/src/main/cpp/waylandcomp/src/wl_text_input.c,android-wayland-compositor,12576,c9de84bc2100fa3b7f1be366eba5499413bd220310dd2450b91873f61c677e4a
app/src/main/cpp/waylandcomp/src/wl_toplevel_icon.c,android-wayland-compositor,2073,d2244cf15143f6258f9c905e75a6fe08a3d79a66bacdc48d505039757fd3b2bc
app/src/main/java/com/droiddeck/launcher/App.kt,android-application,1052,a1e34fe745450d99f7db378113d1a8fb5319288de903aaee5cc137970625edea
app/src/main/java/com/droiddeck/launcher/ComponentsMenu.kt,android-application,4110,c56adb6ee4a3094b852924d149cd54ce3bc857ba819a386450cc2cd8a6b0787d
app/src/main/java/com/droiddeck/launcher/DeckyMenu.kt,android-application,2489,df42dfd7725a88568f24c19addf475652327212ad851489c57e89b885914d272
app/src/main/java/com/droiddeck/launcher/DriverMenus.kt,android-application,23923,256026999fc8fe9e0d4e6ffa8ae0068eca19231d8c46421c9346d50b86b3e12f
app/src/main/java/com/droiddeck/launcher/HomeActivity.kt,android-application,1014,54c05f1e123e141c92889ec8eba812758368201559a0d295fe29ef09875b78ec
app/src/main/java/com/droiddeck/launcher/HomeApp.kt,android-application,5616,6c744f3679b91950f0309aea34bbab3f2b209c06c9473bcc861e92bacf01a94b
app/src/main/java/com/droiddeck/launcher/MainActivity.kt,android-application,86350,0d02ff358cf5b18b7e41a838d0b4dddeaab4c01537107abb23a547a8949ba526
app/src/main/java/com/droiddeck/launcher/ProtonMenu.kt,android-application,2446,a1b400a67067dd0c9110dd67659d4eba6aeb16933d273a7d695d4c3081651354
app/src/main/java/com/droiddeck/launcher/SessionActivity.kt,android-application,102620,c8422feebb7990932c3a37df8157df742fda1540cc782b30b3910171c31af275
app/src/main/java/com/droiddeck/launcher/UpdatesMenu.kt,android-application,6358,250d0fd35debf126dcbc79753abd928009ea7886dc49a2364b5c76fd9c4d079d
app/src/main/java/com/droiddeck/launcher/audio/DirectAudioRelayComponent.java,android-application,6453,ea54f92c69a9ba09781ac54e832f31d6729bfeeddf49bd94ffc4cbc4dc53901a
app/src/main/java/com/droiddeck/launcher/audio/PulseAudioComponent.java,android-application,13118,41badda7640b32042b9be1a6c9499c7a2201921fa6305de43ff874242a2a7bf0
app/src/main/java/com/droiddeck/launcher/core/ArchivePaths.java,android-application,948,f3949a68947bc869bb815bd3d69cf19e2c40dbf14b1ab9227771ed0acbf39919
app/src/main/java/com/droiddeck/launcher/core/CpuCores.kt,android-application,1770,ce6c677dd0a01556a3f961175e1f1213c2cb5fcb949237c50ebe5ad737b77a6d
app/src/main/java/com/droiddeck/launcher/core/DeviceReport.kt,android-application,10599,694e12deea6f1ceec8625746b416663773225e841e3d6184cf5be653450b0ce0
app/src/main/java/com/droiddeck/launcher/core/DeviceSupport.kt,android-application,1081,e16f2ee94daff155708f450510c24d29940269b1583f3fe4cecfeadab36c0557
app/src/main/java/com/droiddeck/launcher/core/Downloader.java,android-application,4909,fed51e316ddece14468e0711e619bab97df7f64b67ee4a9986e254a0f9a926b2
app/src/main/java/com/droiddeck/launcher/core/FexPreset.kt,android-application,2730,28fdccf818fbaaf065143399c05f7cfa94c2c343225ed4925972c3961d738cf6
app/src/main/java/com/droiddeck/launcher/core/FileUtils.java,android-application,3956,ef06fe69d0273f84fb827409c79349867543f48d80e9af9e2607bbae918979ce
app/src/main/java/com/droiddeck/launcher/core/GameEnvironment.kt,android-application,1917,d4476f838d9956f63d3a20a98957997ba3448745b52c3af4bd398b3e050f2b32
app/src/main/java/com/droiddeck/launcher/core/GameEnvironmentOptions.kt,android-application,3583,1770cd84a32e15b3f5679bd97e47523adbbca8d0fb4644997993a4ed70a846f5
app/src/main/java/com/droiddeck/launcher/core/Hashes.kt,android-application,1329,86bd29b720cf8851933534de678ace96d5401dae7630ee21d92baa9558af2c3f
app/src/main/java/com/droiddeck/launcher/core/HostEnvironment.kt,android-application,462,e1d08cbb27c4e15f376da9c4d1bc49b3823ca40a39cb0eba1f1d9f321d390ae0
app/src/main/java/com/droiddeck/launcher/core/HostProcess.kt,android-application,4027,812857d5abae13cc144c8eb9aa047505a672216365f98dd25f5544e489829915
app/src/main/java/com/droiddeck/launcher/core/LogRedactor.kt,android-application,12515,9b71a5c8450cf4138225f14df3aaa79deae6b24d64103de669e86eedbb20d48e
app/src/main/java/com/droiddeck/launcher/core/NetworkReport.kt,android-application,5823,f488f0187cd1fe6397e3a479f5484bf56a0d96926ee3632bd731c89ff06b0789
app/src/main/java/com/droiddeck/launcher/core/PhantomProcessLimit.kt,android-application,6406,c23b5a58a01fec136904fdd74c24cf91d51dc5cff8ba24ae4b5bd53253bdf9f7
app/src/main/java/com/droiddeck/launcher/core/SessionLogCapture.kt,android-application,5675,507febcced6838b2cf949e0bbab8ed365a81da77b90c01e76072a42a83a2150b
app/src/main/java/com/droiddeck/launcher/core/SessionPart.java,android-application,873,e3158fc570949ce392bb81f97c5024b98be84c236e3d1d97d3ce5443fa9d7d9e
app/src/main/java/com/droiddeck/launcher/core/TarZst.java,android-application,2883,1daf8e096d1094ee84fb3c9897463f540e4eb0b7e3cfc3a07035fc9db56f7c24
app/src/main/java/com/droiddeck/launcher/core/WifiDiscovery.kt,android-application,1068,e999cc4e9d8172e97db62e36977ed1c3e970f5fd32ad2332aae6666a6bdc4f66
app/src/main/java/com/droiddeck/launcher/core/WirelessAdbFix.kt,android-application,9839,df3e9c812666719b26a7ab4922098675be48600b952912a5ac91bfe0dde6e8c2
app/src/main/java/com/droiddeck/launcher/core/WirelessAdbPairingService.kt,android-application,12413,9b59bb570cc4f003bfd9381b0b635eba5fc76fa0ea73859e007cb47a71f97971
app/src/main/java/com/droiddeck/launcher/files/AppFilesProvider.kt,android-application,11259,8a75def338bef18425da0e43efeb9009d4b1041e3d9970ac3cfe2d3eef5612e8
app/src/main/java/com/droiddeck/launcher/files/CollapsibleRail.kt,android-application,20736,fe8b440c5150853645fdb2abdc7639421e9af18e3afb0954993a4db50d87da0b
app/src/main/java/com/droiddeck/launcher/files/FavoritesStore.kt,android-application,2226,79e058bdbfe6feef6b0ee6b5123687cb41fc65f4bfe547023bb3d80d652b737a
app/src/main/java/com/droiddeck/launcher/files/FileAttributes.kt,android-application,4627,fda5cbdf07d4e7111d57e094553b54f2bc468b81df6e338d73678c1414d51c81
app/src/main/java/com/droiddeck/launcher/files/FileManagerActivity.kt,android-application,1763,51da1228c1e136f806fea820240c9402578ed3d3512842e528945911a3b36342
app/src/main/java/com/droiddeck/launcher/files/FileManagerItems.kt,android-application,25191,6c2e12bfbdc51d8a94246c9d43fe762f74ccfb67c157afa47b49c6d03314ab1f
app/src/main/java/com/droiddeck/launcher/files/FileManagerModel.kt,android-application,4373,6d5f8910fe28736b763781712b0188e9784c1f17cc9c1c120090c7320825f18e
app/src/main/java/com/droiddeck/launcher/files/FileManagerScreen.kt,android-application,60477,0b898f2dc8efdfcaccf7287bd23baae54cbaca6dd9a59d2e1233735c5a0beb4e
app/src/main/java/com/droiddeck/launcher/files/FileOps.kt,android-application,5657,50964de4fbb3d5b23684229f1f8da3ae2c6bb0e367c11bff49b1fc3eeeb3ea06
app/src/main/java/com/droiddeck/launcher/files/FilePickerActivity.kt,android-application,3625,f087c0a4d660224a6884a89fc52fdd00f801dae824c76e3994aeb9f186b3584e
app/src/main/java/com/droiddeck/launcher/files/FilePropertiesDialog.kt,android-application,8416,a616d20d807d2ec7995c73288fdd2e8d603a8cece5410c18159f8f4d03cdc5a2
app/src/main/java/com/droiddeck/launcher/files/InAppFilePicker.kt,android-application,1995,a2d9290f203b15d964cec5beacba37b56f629b13a68e44cbd771a92a90f23015
app/src/main/java/com/droiddeck/launcher/files/MenuStyle.kt,android-application,1224,b6a1fc40f6e9c192ae3d258a9206828cc3b06392b834828f634c4b443cac97b1
app/src/main/java/com/droiddeck/launcher/files/OutlinedAlertDialog.kt,android-application,2415,4fc0c28397cb4e3f3e0785976e5111ea2fdcfb0dc09b4bbd04b12c3bc62bbba0
app/src/main/java/com/droiddeck/launcher/files/PeIconExtractor.kt,android-application,12058,e0dd0eb334989f55e93ec2f84863a4391312b7de1d4744eacccb92ef4acbda82
app/src/main/java/com/droiddeck/launcher/files/StorageRoots.kt,android-application,9434,a5ce95d1f3e8f13b3f66334d9670cdbe68c031505cc725748a25de80afbbb17e
app/src/main/java/com/droiddeck/launcher/frontend/AddedGameArt.kt,android-application,7876,f024bdf0c65f258eba7f3d458e8841191ccf19fb66f41236faa539c866bcd998
app/src/main/java/com/droiddeck/launcher/frontend/AddedGames.kt,android-application,9661,d7691407fbe82dd352ebaf37583cac900b6b5cb88596d2215ed0d27d27a09fff
app/src/main/java/com/droiddeck/launcher/frontend/CoverArt.kt,android-application,13505,cc7dc8d9ba15a58500df31afce29e7c36a8844fdc36618a4187441ac44087fcd
app/src/main/java/com/droiddeck/launcher/frontend/GameFileSync.kt,android-application,2758,9ad01121c83b26fd11165cae614c9e258d7ba12af84b2423b6ec934a6f9f7995
app/src/main/java/com/droiddeck/launcher/frontend/GameFiles.kt,android-application,6520,499aa310b1c8dc746756f4a07e23201541db3834b1b0d4120006110c40e57a98
app/src/main/java/com/droiddeck/launcher/frontend/GameLaunchLink.kt,android-application,691,f6950557e5943daa6aaf741b2dbd339efd7efbbc256e30c44fed3b8a6c6b0fcf
app/src/main/java/com/droiddeck/launcher/frontend/GameShortcuts.kt,android-application,2576,ea7fc1ce6a640c9bd9e82bc349981bb819b5c5019712a99adf2411e7d373b0ec
app/src/main/java/com/droiddeck/launcher/frontend/Library.kt,android-application,23417,8e847ee05b48754d3f9c793f476f451399d2081dac1eb027ab0e1c0244cfbf67
app/src/main/java/com/droiddeck/launcher/frontend/LibraryCache.kt,android-application,2356,742078471e73000de8db6a11e6a4494820e7ec615169cf91dc2054c5a589f3c7
app/src/main/java/com/droiddeck/launcher/gpu/DriverBundle.kt,android-application,9705,8be3285ede0a36ff4a0e9ccc9bda2aa9e3370fefcc82490decca69764383c89f
app/src/main/java/com/droiddeck/launcher/gpu/DriverPairs.kt,android-application,6526,aacd96c598cfe922aa669583d131c01c9c8885fb2d73937699ebb51ce4304a40
app/src/main/java/com/droiddeck/launcher/gpu/FrameGen.kt,android-application,4969,419de6a75829c4133f383a8c2868f40423ed553c3b2379ae4ca11d1754dcb340
app/src/main/java/com/droiddeck/launcher/gpu/GpuInfo.kt,android-application,3691,745f3343737e299ff02160148a08017f8acecd0c15f0a0ec3c6c9bd1386056cd
app/src/main/java/com/droiddeck/launcher/gpu/LinuxVulkanDriver.java,android-application,3889,c4ca3bd072e106e6d15494e15d82bdc6580b855276d9f34aa260aba49c7a2203
app/src/main/java/com/droiddeck/launcher/gpu/LinuxVulkanDriverManager.java,android-application,14058,ba257529a7cf274b75264206f4a01ce9e90ff2e0995b54c9bd8ea684760a9268
app/src/main/java/com/droiddeck/launcher/gpu/Lossless.kt,android-application,8623,0fb373328332d69a7b0b4c5594b2ed7cc18f01be7f12ecb56fed959c382d6442
app/src/main/java/com/droiddeck/launcher/gpu/LsfgNative.java,android-application,1198,9269949a924639b997aea449b94d5770db28278bfdc35be8f63e6de519707198
app/src/main/java/com/droiddeck/launcher/gpu/TurnipDriver.java,android-application,16934,591b068b8d3606af8333d0d70b1394bedb5bb433dba2cde05921b229461c7c01
app/src/main/java/com/droiddeck/launcher/gpu/TurnipReleases.kt,android-application,12769,736387307394a48d285875e8362c4c2509ab409c753f9a47f59b5fd882cec28a
app/src/main/java/com/droiddeck/launcher/input/ControllerEditorActivity.kt,android-application,4330,ceab640f218c2167b360dcf4f65f7e7d845888a71baad669af5cfc3b973d4df1
app/src/main/java/com/droiddeck/launcher/input/ControllerPrefs.kt,android-application,4554,ea800b7a8748606565115f68ba9cf0cc047df565401221674d84c12db51a6a25
app/src/main/java/com/droiddeck/launcher/input/DeckControls.kt,android-application,2420,835848a9a84541730cd1ced683c9f51943ec06e586f1dff57af6a5f1a51ee9fd
app/src/main/java/com/droiddeck/launcher/input/EvdevKeys.java,android-application,6505,07be857bb54f9c9ba534d93155b760d8d4af1763029c1160f450ae56d2f17ea9
app/src/main/java/com/droiddeck/launcher/input/FakeInputWriter.java,android-application,30504,c226d82dae79b190e1b2c1876f1012a5ddcff4e01730a483893455ea15655c67
app/src/main/java/com/droiddeck/launcher/input/KeyboardHost.kt,android-application,5468,c9814a40c666c49869a501c5f336f98928024778f8b29b2ee572c23c6aec4390
app/src/main/java/com/droiddeck/launcher/input/OnScreenControls.kt,android-application,28952,1ec126c1f9d04bf072b356e70d091d5e19907e8e8c7bf69f58dbe60330b03a5f
app/src/main/java/com/droiddeck/launcher/input/PadBridge.java,android-application,16020,8c567d68ee0b7e76940ec7afac031bf7f4bcd8a085686416aba33a48c9be2eaa
app/src/main/java/com/droiddeck/launcher/input/PadMotion.kt,android-application,4754,6fb0b35f38404e27f08531254d9968635f1d118712eba221f32d7334a6010b35
app/src/main/java/com/droiddeck/launcher/input/PadState.kt,android-application,2335,24d06083f27359bb41ef2370c7b2a77aced8edc5fd3ad994a9044a61a8edf650
app/src/main/java/com/droiddeck/launcher/input/PointerGestures.kt,android-application,5003,4e39bd1470892179069f156a014b6688e6499166ac4f7949cdc7c3d09413f88f
app/src/main/java/com/droiddeck/launcher/input/SecondScreenMode.kt,android-application,1391,6ea6fde40d863fe2f6e7d34d866209891172943bf1b5e140ab65f9fce594a9ad
app/src/main/java/com/droiddeck/launcher/input/SessionClipboard.kt,android-application,3381,a01a5c0a1a2c400ee2756e088a735c89fd187600625b092d484f93d8c845a747
app/src/main/java/com/droiddeck/launcher/input/TouchpadGestures.kt,android-application,11283,775b4a64344941c90204dcd0fd6cbc4c660b9d4bc886371994dc332eb26be0e2
app/src/main/java/com/droiddeck/launcher/runtime/AppImageManager.kt,android-application,13402,71f1881302e8ea8f2b4ef9746491f6f34f1350fda2a55102e7e436e4d7b78ca8
app/src/main/java/com/droiddeck/launcher/runtime/BwrapSpawner.kt,android-application,22630,cda51d7b8e7393e578a4116690250008d5f94884a7a4e8901b6b1244b7a46225
app/src/main/java/com/droiddeck/launcher/runtime/DeckyManager.kt,android-application,9201,aaa1cd7e7e73063e82bdc2950f7b44df53ac0256430cdeb21d57c73397ea358e
app/src/main/java/com/droiddeck/launcher/runtime/DesktopCatalog.kt,android-application,8044,a39f7049c775e6607abec8e7f756620824e94c9ee5fd4f2f608a3a84d6bb9ad1
app/src/main/java/com/droiddeck/launcher/runtime/FlatpakManager.kt,android-application,10179,8597eb88eb149bb3306423b6c0953f4ec5d45f020ee9a782d112b8a1edb77799
app/src/main/java/com/droiddeck/launcher/runtime/GuestCommand.kt,android-application,3817,60f6ebdfd7a3e6cf1907e5e42fd913075673a797e398b9a21ee3f83c82a61b23
app/src/main/java/com/droiddeck/launcher/runtime/LinuxNetworkLinkComponent.kt,android-application,16892,8a80c16eb939cda12fe00239b78e830b06a62bfdcff03d30a1e76e2d169ebdfc
app/src/main/java/com/droiddeck/launcher/runtime/LinuxRuntime.java,android-application,24900,b06198584e5b8e5845de44e807895ba961542da3c26ba246627daaf421d8fa73
app/src/main/java/com/droiddeck/launcher/runtime/LinuxRuntimeInstaller.java,android-application,20224,27a79bea58e5315a860405a5216d05272e991b035c9a2ce09a44660381789e98
app/src/main/java/com/droiddeck/launcher/runtime/ProotFastPath.kt,android-application,2198,951ba7261705abc9f6d0efa1784c790f150d920e6714b177c0702db372cca233
app/src/main/java/com/droiddeck/launcher/runtime/RuntimeFileTree.java,android-application,2143,b63c50cc601487bcec666a9527b138a224e25f30b7abb6ada0bd77668695489b
app/src/main/java/com/droiddeck/launcher/runtime/RuntimeInstallService.kt,android-application,5215,93e2056bc4204a4afbad90f3c5f8f5dd57fc5302290e7744b1bd657bf2c5489f
app/src/main/java/com/droiddeck/launcher/runtime/UserApps.kt,android-application,23168,d6e5e8078ed6735a768e85676e2c90d75fcca156ebf991b2e9e6e9e6fda74bef
app/src/main/java/com/droiddeck/launcher/session/BatteryComponent.kt,android-application,8885,df1c3dee067d8b43c7792d86b3d8a9689e97fbc388c967f9bb7a48530bebc7c5
app/src/main/java/com/droiddeck/launcher/session/ComponentsManager.kt,android-application,36282,9ead227eb66fb826f58c0558d5619c1be4ae937c67ab381d8839ae0860d07cf9
app/src/main/java/com/droiddeck/launcher/session/CpuStatComponent.kt,android-application,4667,990fbe566720e752bc0048e5eb98bddae12c4a58e7fdfb22e0cc1614634b7b8f
app/src/main/java/com/droiddeck/launcher/session/CrashHandler.kt,android-application,2082,acd2e5d46f3cbe2c38e0d552e183f1d2baa663fe8096c5e5249318c7533a5aab
app/src/main/java/com/droiddeck/launcher/session/GameEnvironmentStore.kt,android-application,3073,9f04e7a800d68e237d6cec66cfc9681313b7021ba4fa1a19cc4972291433d92a
app/src/main/java/com/droiddeck/launcher/session/GameSaves.kt,android-application,11615,4f0af6cbfe1c360f4c7443491dc10c81618415aa545a66fdb266c0fd2697222a
app/src/main/java/com/droiddeck/launcher/session/GameStorage.kt,android-application,3258,364483dcda767ce9540406f92938aa8bb33a7ed981a6f56c858ec801b6d0844d
app/src/main/java/com/droiddeck/launcher/session/GpuClockPin.kt,android-application,2571,a61ceedf8f424ddedf2d94c42ddff8e7bbf96d36fa7caf8375aa361708bff807
app/src/main/java/com/droiddeck/launcher/session/GpuMemComponent.kt,android-application,4877,e3eccbd56ac8de120f8203f17db43b2c2224c4b2307b8c89ec8b5893134774b3
app/src/main/java/com/droiddeck/launcher/session/GpuStatsComponent.kt,android-application,8253,2c0264dd9fc939b573fe94f1033750a5de74bce8e99b7a0364fa7aef145fc108
app/src/main/java/com/droiddeck/launcher/session/HwmonComponent.kt,android-application,6117,8974c95f075dea1a99f4f12c810ceb76821a0b436cd3f1e84bb651ca4ea7fd1d
app/src/main/java/com/droiddeck/launcher/session/LoadingState.kt,android-application,4847,e288e3faa67863ed31405e805be385d56fb4edc3f554147f0445a20f489431d4
app/src/main/java/com/droiddeck/launcher/session/OfflineMode.kt,android-application,5017,c6f47a61121cf4297621cacb05cdbaa2ebe0667837a5d3391de869746dfdfbbc
app/src/main/java/com/droiddeck/launcher/session/OrphanReaper.kt,android-application,3586,4f0edb2c3aa8e3ade0ef8d0447fb5a18a1baa7880a3da3f2e5502c408fe7715d
app/src/main/java/com/droiddeck/launcher/session/OverlayShown.kt,android-application,756,7b017258a7efba32b534f167a7784db38874207e446ea8e586f389023da5652c
app/src/main/java/com/droiddeck/launcher/session/PerfHud.kt,android-application,4492,1555052b2adc7a970c57b6dd94db1b12749cd3b13861075ffa0f7129ae8c73a1
app/src/main/java/com/droiddeck/launcher/session/PerfMode.kt,android-application,4023,29f0f46a395f1ea66285caeee247aa457ab2eaaaf0a616e8e6f41995ee4449dd
app/src/main/java/com/droiddeck/launcher/session/PipPolicy.kt,android-application,678,f751b7c27a76b38cbda942cf9383025baad440a23d758a1376c25ed7c2c2c1d9
app/src/main/java/com/droiddeck/launcher/session/ProtonExtras.kt,android-application,10163,987046301dba32876780c2e5eef6f44740c28e7ff4a6cf109925afa9f38382e1
app/src/main/java/com/droiddeck/launcher/session/RivalClients.kt,android-application,2345,2caa7eaf6a1d3fd846dfce68dda0238f02216b3cbaec6d0429ec67470c07b38c
app/src/main/java/com/droiddeck/launcher/session/RumbleComponent.kt,android-application,3299,9e0c4814e1ff9bd44286dd2e31ca82c9491a4f6a9a939d78b7402a9201454cd0
app/src/main/java/com/droiddeck/launcher/session/SecondaryLibrary.kt,android-application,4865,7f2a17e4f831a538488c8619053082d171d5f1c756d7cba216df4ab086b1e4a9
app/src/main/java/com/droiddeck/launcher/session/SessionArtifacts.kt,android-application,10085,876e1ba1a4e5c23be1f891a9b3381e6f10819130613c0eea17a40ef25c26bc2d
app/src/main/java/com/droiddeck/launcher/session/SessionEvents.kt,android-application,4708,db0e14ec9344eff0f48b4506d047549685c3ac4ff54a84e915ee8d92b9d7ccb3
app/src/main/java/com/droiddeck/launcher/session/SessionFiles.kt,android-application,19868,74f01bb9c2b41fbbab1da6abe91e220d753ad9635dfae737cf54f5b6ec041e0a
app/src/main/java/com/droiddeck/launcher/session/SessionLogShare.kt,android-application,4041,cb6058420194ceeb019e564941ba904ab65c607ea4ff1b4e5f01598b4df74ff2
app/src/main/java/com/droiddeck/launcher/session/SessionPaths.kt,android-application,6860,861c01bd0d90f1395c72d534c385603e86a07d538c1cf989e6015284def49821
app/src/main/java/com/droiddeck/launcher/session/SessionPipController.kt,android-application,4487,b265e30131c8ed1e2fa7521d4a61037d43b29f7183f83f7c0390eb77558d8aaa
app/src/main/java/com/droiddeck/launcher/session/SessionPrefs.kt,android-application,33070,e9548ce11c8f465c00acadeff14f04ad685d40c85fbaad3a264d154bb3fe9679
app/src/main/java/com/droiddeck/launcher/session/SessionService.kt,android-application,81882,8833ec9f234f29640ef25a57c567925ae1d223abf96f17d6aa1e6be94cd32f68
app/src/main/java/com/droiddeck/launcher/session/SessionState.kt,android-application,4264,e35d7c89fe7acb97226f1aaa9034201985bf85bdce8772ea26f7a386baabcf35
app/src/main/java/com/droiddeck/launcher/session/SessionSuspendController.kt,android-application,8742,70dd7ce9d55b3b040c7159fd43f552d42ca04d86d94a2afaace22189acb71c53
app/src/main/java/com/droiddeck/launcher/session/SessionTerminal.kt,android-application,1337,b2fc3bd6fb864b531f1ac26af7b1e07674f6cfe87792054b7aa48116866567ba
app/src/main/java/com/droiddeck/launcher/session/SteamDeckPad.kt,android-application,6470,edf59013a9e49ce0b0f46eca06e66a50269160917966b93e2260f7ebcb906be8
app/src/main/java/com/droiddeck/launcher/store/FlathubApi.kt,android-application,8217,e69d4b1f61181632aa6e726b9da76fb581d9f59b57866708189798da300bc0f8
app/src/main/java/com/droiddeck/launcher/store/StoreState.kt,android-application,5794,0b94b6b864a48256d5144a8595d2e9f827d1768abf8e7ecd3903acfc27ef7d4e
app/src/main/java/com/droiddeck/launcher/store/UserAppsState.kt,android-application,4112,ce5ae18b0e0044b26b1517d082eaa20c8ef21c20d345f11a2829e90f5f898a5a
app/src/main/java/com/droiddeck/launcher/ui/AddAppDialog.kt,android-application,29079,f36dbd333a86c70f479f9f5aa1b7a7accae46f2895292ca4f90ba9def276889c
app/src/main/java/com/droiddeck/launcher/ui/ComponentsPage.kt,android-application,29373,0307db88451a84cbaaf08bd61f8a9fbc820b04a33fb517e70c42c9db5b82ca88
app/src/main/java/com/droiddeck/launcher/ui/ControllerSettings.kt,android-application,5511,69bf203c1cab9eb106025e42aa884d153a6b2a7f74bfdb7b504cad9456cd0b8e
app/src/main/java/com/droiddeck/launcher/ui/CursorOverlay.kt,android-application,2256,5904b00331794935c36ef1cf16ba1574c5709a821659172f0a2e4e4a1d8470c8
app/src/main/java/com/droiddeck/launcher/ui/DeckControlsPanel.kt,android-application,16253,86204268fcf0f54ca7e2d33be836ba01c96b17091302351bcfad4b35a802c6dc
app/src/main/java/com/droiddeck/launcher/ui/DriverPage.kt,android-application,13083,7dbd5fc0d785ae62544a04a7563ed094394aa085ea9e93893ef47610574df502
app/src/main/java/com/droiddeck/launcher/ui/EmptyLibrary.kt,android-application,19952,5f9ce872ebe8be802295b78736e9af2691c499c0405bffecfce63af751a7ed07
app/src/main/java/com/droiddeck/launcher/ui/FocusGlide.kt,android-application,16855,259ea027a975ef5b18ebb09a9ffbedfc040d9fb9988b4f15df370ba928237f7c
app/src/main/java/com/droiddeck/launcher/ui/FrameGenMenu.kt,android-application,2396,501baa5844a374e351c14621e2591a5b25179fbde8f7fa0209ee4cecf40a933d
app/src/main/java/com/droiddeck/launcher/ui/FrontEndArt.kt,android-application,10209,1fbbb92800ed1c1762b10d855600f8f23c9f1735f862ca02bc4017ed164fa638
app/src/main/java/com/droiddeck/launcher/ui/FrontEndContent.kt,android-application,38088,7e4e27cd8ba3a191cb261c5b8be907e52ae4ec3a9b3f7069aff5e43beec87d7b
app/src/main/java/com/droiddeck/launcher/ui/FrontEndGames.kt,android-application,18920,019541ec7304a6cb955d0fc86baab6a0f673477540a1b9d10aa496a4f5df60fa
app/src/main/java/com/droiddeck/launcher/ui/FrontEndRail.kt,android-application,12974,015b5fdb24a8255c1484cf1f117eaca6c4be74f8a80504d31ffa0470d3fa0a6d
app/src/main/java/com/droiddeck/launcher/ui/FrontEndScreen.kt,android-application,26869,fc7a3da8874e920e99d529f3ac39f3ab9e83ebf5916d70417c23d386f720e4f6
app/src/main/java/com/droiddeck/launcher/ui/FrontEndSetup.kt,android-application,29142,47c35bd5d87af9bbfd254313a763f5bff5f47e359dd18823067440c0cc8aca12
app/src/main/java/com/droiddeck/launcher/ui/FrontEndWidgets.kt,android-application,14490,a1fb15a1a24c583c2d4d084686e38e7299dda18330db43459f1c14c55f7748ef
app/src/main/java/com/droiddeck/launcher/ui/GameEnvironmentEditor.kt,android-application,18970,e0fe7378ff77b327cd67acfdfba9ff6dc62873e705165360bbf049df6b7a5a47
app/src/main/java/com/droiddeck/launcher/ui/GpuDriversPanel.kt,android-application,16976,d3c14b49767e6d5350bba75c2520308515d0cdb710db7746e1904d27042d5e2f
app/src/main/java/com/droiddeck/launcher/ui/LaunchFlood.kt,android-application,14182,5baae7efa52ccf0e676f0893ecf50f21b517276626c2e7a8de0d9eef0b5a6ed2
app/src/main/java/com/droiddeck/launcher/ui/Layout.kt,android-application,828,5f9fa373ea2cfdeabd1efc0fa4f15b90d5c559929862a3558329e15f90be31af
app/src/main/java/com/droiddeck/launcher/ui/MainScreen.kt,android-application,2090,0d09bfce9096fe1f961d9e1c221f468efa4c78e60a71100578b398715943f837
app/src/main/java/com/droiddeck/launcher/ui/ModeSettingsDialog.kt,android-application,32191,0a662c86f757f967a21eec767f39857e0f444071aa5d75d39e07da6c17b16b58
app/src/main/java/com/droiddeck/launcher/ui/PackageRow.kt,android-application,184,8e1eb8b6cfaa19ef08dff8076f4c8060b6eea08afe4388a0ef4afa1cbc358367
app/src/main/java/com/droiddeck/launcher/ui/PageFlood.kt,android-application,6829,858fd1b3aa6d65c7e7458deb0492c09c9e370cfa9953da8aa80b205326fd1c6d
app/src/main/java/com/droiddeck/launcher/ui/PcKeyboard.kt,android-application,12421,bad6fdf84ca9dcc8bcd32e4dbc82c0f219d8a8f0a47948cb3a02ec672ea83910
app/src/main/java/com/droiddeck/launcher/ui/PerformanceDialog.kt,android-application,7468,912f50f496a2b0ea1f1e9b4809bf91e04636106d3ecfbe9d4de7295ed4869372
app/src/main/java/com/droiddeck/launcher/ui/PhantomProcessGatePage.kt,android-application,12984,2ccbb404623617f31c92bc80f38318ae71daae395dfe414f96a8cc772be8ff7e
app/src/main/java/com/droiddeck/launcher/ui/ProtonPage.kt,android-application,4084,cb267cca479400992a006e724c0996bd1296950aa5d1f7e9311a70d8e7751b39
app/src/main/java/com/droiddeck/launcher/ui/RomsDialog.kt,android-application,2056,8ac9d3ef38a3c8c5b1c6a96772ce08e973a04a18ba82cec8e7e6141c52ec5dec
app/src/main/java/com/droiddeck/launcher/ui/SecondScreenPresentation.kt,android-application,16239,ab5c009c50f54182d2726740d104c448ea01cbd5bda4ee1d3f01bd100af0c950
app/src/main/java/com/droiddeck/launcher/ui/SessionLoading.kt,android-application,16043,ceb7074a1aea4f40a61c260030d362583ab89cc1ba6a898f02cae51332a01ed2
app/src/main/java/com/droiddeck/launcher/ui/SessionOverlay.kt,android-application,58467,28e89c5ad58f1713463f71b3bffc90a2322b0a86a13b5ccfd0cfe7f5bde13426
app/src/main/java/com/droiddeck/launcher/ui/SettingsWidgets.kt,android-application,27653,8b241c061a528c0a7677c89975e210708edb757e9843cc934675c16d43f5de5e
app/src/main/java/com/droiddeck/launcher/ui/SteamHome.kt,android-application,10913,e3ae68946cd2cba1661bbcabc04c654d22daea6caf1f5f273aa347452411d439
app/src/main/java/com/droiddeck/launcher/ui/StorePage.kt,android-application,26733,581a3707613a78b4865aaf9b4c19140c0e581652482976b2019e1a6a7b263b99
app/src/main/java/com/droiddeck/launcher/ui/Theme.kt,android-application,4414,e4952270dff794d2197b67065f6a3b438c52cb7e126bc863954a0e4783fd6a57
app/src/main/java/com/droiddeck/launcher/ui/Throbber.kt,android-application,7337,f87302e6a51948ad9ac23a18ea310a597050c4a8652a6ec878c7b7972b97ff23
app/src/main/java/com/droiddeck/launcher/ui/UpdatesPage.kt,android-application,25359,75567f21a3e460c5c4afcd92138fc841923a45218907a2ceebcf41a64dbf8390
app/src/main/java/com/droiddeck/launcher/ui/WirelessAdbFixPage.kt,android-application,24856,667e7645cf1ad1f9e4760ea89a6df398431d3ea903409cc357a019a50983b631
app/src/main/java/com/droiddeck/launcher/ui/Wordmark.kt,android-application,6833,0c3c446710154a61f5cb198cdd5295c1f3706b82d3f10442bb55213d15ee0979
app/src/main/java/com/droiddeck/launcher/update/AppUpdates.kt,android-application,18093,ddaed85a4c8f268281af0d14bfc58e2823c625ebb2b431d9a10619a5908e7cc2
app/src/main/java/com/droiddeck/launcher/update/SelfInstaller.kt,android-application,8047,e3edeb3f66460a3a656dab0557c066bef5dd7745ff39e335bc209147ac1e05ea
app/src/main/java/com/droiddeck/launcher/wayland/CompositorHost.kt,android-application,6322,57edac26473e9c982996edcd8b28d17ddd3838fdaee7d2528cb398999a66b51f
app/src/main/java/com/droiddeck/launcher/wayland/HdrSupport.kt,android-application,2854,27ea9a0ad8b94297c87aa15e739f84aed73880d0400211de168b7a6424db5f7b
app/src/main/java/com/droiddeck/launcher/wayland/WaylandCompositor.java,android-application,29418,caa324c66ce14a2fa413069a405c79f46b9eab333efc6733adc08afb7fea9a7a
app/src/main/jniLibs/arm64-v8a/libdirectaudiorelay.so,android-prebuilt-libraries,28112,4dcfa0a9e009fa4a789e6905d30b2e68619ffd40f0a99e13357748bd2ee64fd2
app/src/main/jniLibs/arm64-v8a/libffi.so,android-prebuilt-libraries,85912,8855ba6dc12e9abf40729481a7a99aa391ac7b2e77bad4fbe0bb51cd66216c0e
app/src/main/jniLibs/arm64-v8a/libltdl.so,android-prebuilt-libraries,46792,14d616028b38a4b778576477c675c1ce34618582b84ccc5c3fd2492e6518196f
app/src/main/jniLibs/arm64-v8a/libpulse.so,android-prebuilt-libraries,371696,8ce9c5ba9710aee64c70356b051a8df4f88396075b0264048b992ab7c337f2e6
app/src/main/jniLibs/arm64-v8a/libpulseaudio.so,android-prebuilt-libraries,79192,a9256b038381b192593c019ba779e219419f71b2a66aa1c1e29a756314489ed7
app/src/main/jniLibs/arm64-v8a/libpulsecommon-13.0.so,android-prebuilt-libraries,535088,3ef683f23660898933a66fb032976e06905cbca8e01027aa1ce9891e1d854c2b
app/src/main/jniLibs/arm64-v8a/libpulsecore-13.0.so,android-prebuilt-libraries,712776,1305d78969858a7a60e030a75c383901148b980518fc2d337b9c028c968c3f95
app/src/main/jniLibs/arm64-v8a/libsndfile.so,android-prebuilt-libraries,520512,ab999a10cd3f6979580447169a19c1c9c121e0d8340b2bc810c54dc916bb3ee0
app/src/main/jniLibs/arm64-v8a/libwayland-server.so,android-prebuilt-libraries,79632,2daff7500b6acee55291567d786653ba75f5aecf5a5e648fce4c10fe6bc7a8ea
app/src/main/res/anim/session_hold.xml,ui-resources-localization,247,495da211031c18cff7847ba3f99a64c94d8cf137b726c3bb9d6da570f49aa3e2
app/src/main/res/anim/session_rise.xml,ui-resources-localization,398,c3cbeb0a736a2d17698ac62092c27e68d6bfce9f968b4b041a347c49514d6084
app/src/main/res/anim/session_sink.xml,ui-resources-localization,343,16ea961da9929a09b7c8a2d42efba9ff83af61b718244dfbf4b1498a9ac9b79e
app/src/main/res/drawable-nodpi/emu_cemu.png,ui-resources-localization,11984,6458a99b8bd54e44857efa0f82bfd6035e7e072e7e080e3330e4e2cfe89cbd33
app/src/main/res/drawable-nodpi/emu_dolphin.png,ui-resources-localization,18387,454594b9000672770e346f62b725cf675a9366814bec153e7a0de0513467c54e
app/src/main/res/drawable-nodpi/emu_duckstation.png,ui-resources-localization,48659,a91fa558298e64ab7fc13e8c1573cab42c7fa7421408e81135d8dbf022ddc2fe
app/src/main/res/drawable-nodpi/emu_melonds.png,ui-resources-localization,43505,4f423b93c72b910301482f39a456f04ea9d8d4ef34a07ee2223b46e666625673
app/src/main/res/drawable-nodpi/emu_pcsx2.png,ui-resources-localization,93501,956278a74b5ed2e6ea7a17dfa95f984282af3252a61838e7cb4cf2e0ed80ca87
app/src/main/res/drawable-nodpi/emu_ppsspp.png,ui-resources-localization,7428,ce44f95f5e4fbb3160e4e32a74a6c233b692c3e0b82ca123fe4b9b410b1df032
app/src/main/res/drawable-nodpi/emu_retroarch.png,ui-resources-localization,7046,16af431437e9d18f63de7b3ca3fc416ca0550d0838af2954648f358dd8aad7c7
app/src/main/res/drawable-nodpi/emu_rpcs3.png,ui-resources-localization,1187,1a9d0aee096320a2c2eb670885f6b4ae14e1065324f3c86a78333511594e7225
app/src/main/res/drawable-nodpi/logo.png,ui-resources-localization,27071,814151f4e582c8a08b20f42ac00bf6bf1c22bf50944e62d0ce8eceac1507c678
app/src/main/res/drawable/ic_stat_session.xml,ui-resources-localization,681,1538bb0089b28c703bed969cf8a0737cea288e87c6f3cd0a24f52ad8ca1a561e
app/src/main/res/drawable/icon_menu_container.xml,ui-resources-localization,536,895c582f2bf7c8423fe1fd3b37ec93f404ba314e563e6209a1c6e830f1f3e055
app/src/main/res/mipmap-anydpi-v26/ic_launcher.xml,ui-resources-localization,269,e8200c4fc8e07fda81e7f093c1ee85f99dcf2fe8697bcf2b28404b80892748f9
app/src/main/res/mipmap-hdpi/ic_launcher_background.png,ui-resources-localization,924,d66de9b74e4414ca8ab5db71e76105c2f9aa3ce72a6c740e86da698e60920389
app/src/main/res/mipmap-hdpi/ic_launcher_foreground.png,ui-resources-localization,3137,b6dc66e6769c174d61de6e8f911542506e5f51c74b0a6890d72105814a3fe303
app/src/main/res/mipmap-mdpi/ic_launcher_background.png,ui-resources-localization,530,5a9736ecf48b72c3a0b9c3bc10c7655ab023ca89b7926816c1ca2ba88db467dd
app/src/main/res/mipmap-mdpi/ic_launcher_foreground.png,ui-resources-localization,1961,56700031ca422ba0e362755ec2e1023f4903c87cafa1fae68cd24d5218c58de4
app/src/main/res/mipmap-xhdpi/ic_launcher_background.png,ui-resources-localization,1387,07c886effc24ddda4d4252c00fc25010b780affb6f32a90fc8906051f40194d5
app/src/main/res/mipmap-xhdpi/ic_launcher_foreground.png,ui-resources-localization,4463,dd3f42a0c61cee896ab83c9e8c0865fc3a87d4e250510fb1387b13634116f442
app/src/main/res/mipmap-xxhdpi/ic_launcher_background.png,ui-resources-localization,2640,4a02fd6e1b1fc0fbcf1c1d51e3a725ac88e93735d2b2ef6503824ef98e74bbcd
app/src/main/res/mipmap-xxhdpi/ic_launcher_foreground.png,ui-resources-localization,7712,4517adc376f4e62f3f19bba407c57d7a8bdcdc1e4b032cdc91fcd3ef9c01aed3
app/src/main/res/mipmap-xxxhdpi/ic_launcher_background.png,ui-resources-localization,4302,ba3d018c2f17fc989e461390a00e0de8e995a9d08826655269d765ed52d2a51a
app/src/main/res/mipmap-xxxhdpi/ic_launcher_foreground.png,ui-resources-localization,11176,2d281f267c4568be4eaa279e17ae6bbf74140378fc05b1e7a19ee2e4f38ea19d
app/src/main/res/values-es/strings.xml,ui-resources-localization,68259,0666f9363d240319507e16027f0bca08753ebc6c5baa85b40456d1213a59d6c9
app/src/main/res/values/strings.xml,ui-resources-localization,68312,f698f892a635328aef7a8c580797d8d4d0da914b43c68237bca6841203c1a4bc
app/src/main/res/values/themes.xml,ui-resources-localization,496,6691a23a9f9a5853774e4729c8d96c1d4630a3efb3eea6dcafd20be0b4eb49f5
app/src/main/res/xml/game_mode_config.xml,ui-resources-localization,927,b17ab0cffaf4f91035006c18466d3b199677f3cca795a185791fabff366f6093
app/src/main/res/xml/locales_config.xml,ui-resources-localization,277,71f1ce8cf7cbc607419806d96a0b7d3e5ad4e5f59b323291547885fe142e2c46
app/src/main/res/xml/log_share_paths.xml,ui-resources-localization,114,acd61fde54bfbeef5410f50fdd0a797f13e27f89662d954e93af2308ddbf6738
app/src/test/java/com/droiddeck/launcher/core/ArchivePathsTest.kt,android-tests,1383,fb48b9530ca6c0341a9636baf4449fa6cb71548a4746a1dd2eb81a43ef042934
app/src/test/java/com/droiddeck/launcher/core/GameEnvironmentTest.kt,android-tests,3916,c63c64e072fa7886b943a1687458673033b2a53e7dc90c19703090700e52df29
app/src/test/java/com/droiddeck/launcher/core/HashesTest.kt,android-tests,1522,7daa634f40d5ef9b008d35dc8e36128fb8b3b21993cd670db0de24e1bad5f777
app/src/test/java/com/droiddeck/launcher/core/LogRedactorTest.kt,android-tests,2031,e53dba82c119eaeed8531885de9c9b0842634d2e4808a09a26521725396aad6a
app/src/test/java/com/droiddeck/launcher/core/PhantomProcessLimitTest.kt,android-tests,2229,d11078757191c00ade49c641c519c378182ec728597d0f395cfd084440d667bd
app/src/test/java/com/droiddeck/launcher/frontend/AddedGamesTest.kt,android-tests,1097,c13b52d82c31396c43681a8995f0098ec5f02e265ca6c6bfb70a80d667262b67
app/src/test/java/com/droiddeck/launcher/frontend/GameFileSyncTest.kt,android-tests,2622,56c284d95872304d59030e6a6f677b87c4d104dce34063e4e2bbda3f9518b5a3
app/src/test/java/com/droiddeck/launcher/frontend/GameFilesTest.kt,android-tests,9268,4e6fbb92ecfe55b0a86664ef699581aa257c01122130906a998552d489a4d247
app/src/test/java/com/droiddeck/launcher/frontend/GameLaunchLinkTest.kt,android-tests,4012,fb23e41d0573cd8085011c5eb78a0457b5f8cc13ed35ec83007181ff31c5fd17
app/src/test/java/com/droiddeck/launcher/gpu/DriverBundleTest.kt,android-tests,6330,5101fef285e90a36f882561c45fe58969e0796d9b75348cdeb9475daf6d61c4c
app/src/test/java/com/droiddeck/launcher/gpu/DriverPairsTest.kt,android-tests,6025,35076274e69415384ff2b498d764d48454660e079d4e2669698637c85528065e
app/src/test/java/com/droiddeck/launcher/gpu/FrameGenTest.kt,android-tests,1578,9dce1abe0e1eaaee10e48c927be41db99de54338741836f452c08e1bda09b0e1
app/src/test/java/com/droiddeck/launcher/gpu/LosslessTest.kt,android-tests,1669,02b2b4545bda84070fe65f2171f41f371a690fbe547e0ed345d65d52d3d46c8a
app/src/test/java/com/droiddeck/launcher/input/OnScreenControlsTest.kt,android-tests,9408,a5f491b05a2e76a13b0969e78a7b02bf5dc5688cc77630819959e3765036a785
app/src/test/java/com/droiddeck/launcher/runtime/AppImageManagerTest.kt,android-tests,2302,1b64c5832473a974f24c71f5c4053e1e9fd72fe63b8eae91f5924d0e413955a1
app/src/test/java/com/droiddeck/launcher/runtime/BwrapSpawnerTest.kt,android-tests,5851,5f07e2be9e669d3b34ab7cdf035d7c6b2eac6199b630972a918b7f3be50434a5
app/src/test/java/com/droiddeck/launcher/runtime/RuntimeRemovalTest.kt,android-tests,7620,f0316ebc4196fcc53cb4ddb78ca7296badbd2fae10b2c79a72f901ed105dda4a
app/src/test/java/com/droiddeck/launcher/runtime/RuntimeRemovalUiTest.kt,android-tests,2122,a69b9a708274f9574b0c8c8e42b865efe6f90f5410f47e0ab767b7d690c822f5
app/src/test/java/com/droiddeck/launcher/session/GameEnvironmentStoreTest.kt,android-tests,3406,df3edb7d002dbaff5a62621ca48e0917f7a281a2316d23093607005356dc5f63
app/src/test/java/com/droiddeck/launcher/session/GuestHostnameTest.kt,android-tests,1273,b32c5b1d3041ba748999cb8fc6dc01fa8df2bfc474cbc38f43b49b63913c792f
app/src/test/java/com/droiddeck/launcher/session/PipPolicyTest.kt,android-tests,1150,869ff08a1813f3b7780d72039a10f2df670bb54fc8f4c0568a9d1d2db65f0572
app/src/test/java/com/droiddeck/launcher/session/SecondaryLibraryTest.kt,android-tests,3596,f11b8d5ecf6b7091c0d8ad0dbff1fadffbfaf7ac026a9363445f58576c4811dd
app/src/test/java/com/droiddeck/launcher/session/SessionPathsTest.kt,android-tests,2150,c1bf8ec2758d89e319ab9945fc2cf32ecb680e4bda1e62882064d7455e22449e
app/src/test/java/com/droiddeck/launcher/session/SteamChannelTest.kt,android-tests,1695,ee88b5f876162bdeaa6956991db4f65193dadfaf82e4292289414b953ba7ccb3
app/src/test/java/com/droiddeck/launcher/store/FlathubApiTest.kt,android-tests,1042,822760f537ec3eeefe2b51d529bd90ecddc8eb24688b82a17674a8ca09e83397
app/src/test/java/com/droiddeck/launcher/update/AppUpdatesTest.kt,android-tests,11419,2e21b76e3c52e42c04a21a6cb5ab0152631e63ffbf57dc54ce069b30d6a1b1f6
artwork/README.md,reference-artwork,826,1eaed4e6edd9fea4e04795eefdbe5782ca9987f8c6aaa91f21d49a010091da6c
artwork/boot-animation-source/README.md,reference-artwork,3892,ca2ac956afc01d1f59a3e3ce4f1bdc21d0844ed217a2846f4ff587f5fb12dc9d
artwork/boot-animation-source/droiddeck-boot-sound.wav,reference-artwork,1212844,521e2a0d0375a325f3c4719603350830f73ef417a0e60bbec461d5e3ac6402a0
artwork/boot-animation-source/droiddeck-boot.html,reference-artwork,174839,7a9fc392df9a3b45a26f1553e3bec3c836ff24bf32b340fa27cac1841e65636f
artwork/boot-animation-source/embed_sound.py,reference-artwork,741,f5766170bc8d3256321d7f6607c15c1050de4842a74df4ea3f180d1d3c0076b2
artwork/boot-animation-source/events.py,reference-artwork,1308,0bd580d5e8aec752a4d7f21d31f208655b2d90fe18cdc27799487c63115117ec
artwork/boot-animation-source/render.py,reference-artwork,3580,951eab25b98484af2368179265f673f210d4e0a72f1fcf148d24c6bd108f7e55
artwork/boot-animation-source/sound.py,reference-artwork,9872,9da3d8dae28dac82ad1d92d4f677f8d960ec3aab5d6a8550eecd1af5d27faed1
artwork/droiddeck-banner-dark.svg,reference-artwork,13732,120e46441e6362e4ac428925b1fb06f809f7461078cb247f2ecbf0a0c26bb892
artwork/droiddeck-banner-light.svg,reference-artwork,13327,eebae869e81410be1acc2fe329dabf066e81c4b0c6593e5c648a4f92bf8ebb62
artwork/droiddeck-mark.svg,reference-artwork,826,131462fafa570b8e18689632762718995f7e25df880f546a49fff33a99672eec
artwork/droiddeck-social-preview.png,reference-artwork,273929,849c08e88a7acca55455f469f30f3f8bd9752ae7ad219d1aaa8eb28963fcbee5
build.gradle,root-build-metadata,338,74c914b39f87d4dfbe6484c8ecf9b3a81ff8c52299f340fbf16356f91d7d1c2b
docs/agent-control.md,reference-documents-media,2697,d46f64309f0c6d72c9a83e544a92f347ec5d450cb420f3731524796afc7ad020
docs/development/flatpak.md,reference-documents-media,7446,e8fbf437b3ce54dc87edeedc15fc67cac1c22614d14e49d653a201c073b31621
docs/development/game-environment.md,reference-documents-media,5369,2e0562318113f26e8383dc1373c5f8cf6305cf4b508a970bf10ad11d48303fcc
docs/development/proot-performance.md,reference-documents-media,20940,267facf4f465b98e59f72e08b564e7017ab01b2806e06d67fb3c89e393815c40
docs/development/steam-game-imports.md,reference-documents-media,4657,ba1971dfec46927394966ac11c269e48c5d88842032ea1b0352a6c8757923e37
docs/progress-log.md,reference-documents-media,41551,8c0270d30a5568fe97afb0ba2459338fbceac420d8de69144dc4fe06d83e9b59
docs/releases/0.1.0.md,reference-documents-media,9321,0df6715b7258b235a67c2f6b06583ce4f7441277d83f6bb81257dba7a08990ad
docs/releases/0.1.1.md,reference-documents-media,10674,f3e82d9a2cf0ed32168955ceadce4c47d5f379ae6128f52569f88e74381c57af
docs/releases/0.1.2.md,reference-documents-media,4904,8712b1c561c7c0a75349d241b162e1491eeaa5ed009f2a7c2becd44bf1d02ddc
docs/releases/0.1.3.md,reference-documents-media,4202,813d19e1559aead468aa9c2b2230aeda6ed48a9a4f39aabdef14b599a0a8f8a4
docs/releases/0.1.4.md,reference-documents-media,6207,e9dbfd4d2b94894805fe40fd08940511b589a5a7cf2ed9db2564ca844409c3cc
docs/releases/0.1.5.md,reference-documents-media,8147,0d160ce7b97d9d3be277895b00627ad83d8f35d27cec893f3e700092f688cf5f
docs/releases/0.1.6.md,reference-documents-media,6567,220c2d611a6024dba563d38c75e1e5066aa644efc99ad1a6eeb128ae96acd843
docs/releases/0.2.0.md,reference-documents-media,13184,b5a41adbcbd0b4e64e51f64a697c0097a2b45bbc93baaf3598f61919f177738f
docs/releases/0.3.0.md,reference-documents-media,8891,8c69b9731c4f1b63634eef4af9d803cf20000549bbf33a41757ea854c0f792d4
docs/releases/media/0.2.0/components.jpg,reference-documents-media,99421,a53a25d9f64c5ccbe2e90bd85f9150691e2232365278f513788d740bc614e396
docs/releases/media/0.2.0/controller-editor.jpg,reference-documents-media,58624,1501ebf0e306675738c7cb1ececadb64babb8528d9f6eec84b5f3dbed817a16d
docs/releases/media/0.2.0/desktop-apps.jpg,reference-documents-media,96700,f9e9b507408a59b2e8b4e9997b4217bab2dde858d11439099a67f97b02b591bb
docs/releases/media/0.2.0/drawer-android-apps.jpg,reference-documents-media,103149,c50df7d9f1ac6fe0e1b907f0246e7781cf7145d616ad4a0e44ece08d1e115a05
docs/releases/media/0.2.0/dual-screen-app.gif,reference-documents-media,4309482,452d48fe33f1c97a6bf348aeda7b44eacd4d85378cc55b81840d4d63819a3dfa
docs/releases/media/0.2.0/launch-into-steam.gif,reference-documents-media,5230382,033bf952f0bbf0c49ca9230523ec661b10d815e6222734e7da75d6de1d170ea7
docs/releases/media/0.2.0/launcher-games.jpg,reference-documents-media,134053,443959442307e8b50a7ffdd3bf149113be4fa3ac4120d93d4522f50c47759186
docs/releases/media/0.2.0/launcher-steam.jpg,reference-documents-media,156488,a96d1d045fd15d195ae62fe6fc890775b5964cbb9e0e1ffc5deda51978bd8412
docs/releases/media/0.2.0/linux-desktop.jpg,reference-documents-media,64934,c2b4a4f898fe6d6b4e05e4845d4847c47dcc94c1164aabc2e3bb5bbe0dcc90c3
docs/releases/media/0.2.0/second-screen-terminal.jpg,reference-documents-media,124598,30100315b92067f567f8f5a5b7799c780a1ae567a9530740cf56c6f94b83f055
docs/releases/media/0.2.0/second-screen-trackpad.gif,reference-documents-media,1418434,a5d8c52ba24dc57467e77325623fc50a4001d4a7a1586fd70be4a96bed97be5a
docs/releases/media/0.2.0/session-drawer.gif,reference-documents-media,492893,5b3c82c966687681c397a676a41160804ef4c7f879954cf2bc0dc4fb5aa3050c
docs/releases/media/0.3.0/add-app.jpg,reference-documents-media,78577,bc343138291a0d53108e276eb49d6ae29f5f65849275025275f460140ff51af9
docs/releases/media/0.3.0/deck-controller.gif,reference-documents-media,1599624,435f615291dec72ded8ad4917a3ef8b3171c724e9867fdd105666cf03556c556
docs/releases/media/0.3.0/desktop-apps.jpg,reference-documents-media,86224,b466f519289b87ae10a613ee3669c9951c61bda8313fc34de0a430b517b45b81
docs/releases/media/0.3.0/focus-ring.gif,reference-documents-media,6656644,2931b5fac14269b3072014cf68b0f5f17da73561d45705a00388dd2e58aa4c39
docs/releases/media/0.3.0/gpu-drivers.jpg,reference-documents-media,79166,e3b45d5227097005404ae1e382ef0461cf07e0bf68768dec0fac7d274dae910e
docs/releases/media/0.3.0/in-game.gif,reference-documents-media,4339018,4378f26d1adc183fca476fd1d93ac008df0d1cd08d58dea1f00dc208baca9788
docs/releases/media/0.3.0/mangohud-level4.jpg,reference-documents-media,104055,8a76281fa28d92b3dc7c3148c8681e19965d6279ef280d95ef8c8028039c48eb
docs/releases/media/0.3.0/stop-session.gif,reference-documents-media,5801273,12127364cec63d5f8f05d30031c562253f5793e3b68f7c5ed44955b9baa562fd
docs/releases/media/0.3.0/store-app.jpg,reference-documents-media,142456,bfc1e9c46d9b78d4334945a01995b1207b46dde0d1b9d978363a473e2fd8dfee
docs/releases/media/0.3.0/store.jpg,reference-documents-media,93082,0581ab9d1d6231b85f1c7809b349fe60347e8c2d0cd87742db4bc8c332c6b210
docs/releases/media/0.3.0/updates.jpg,reference-documents-media,65728,2499e72055b3a8fd4b5f361001c2d3c287a7dc13d130c6de96eff3214d8046af
docs/testing/android-clipboard.md,reference-documents-media,3103,d3a6441c71478bbf58cc9ec6c71e051eef16589fd10daeebc4ac3762d7ce8fb0
docs/testing/android-clipboard/android-copy.png,reference-documents-media,99292,5e3a3c57fb6b51ae20163b43cca1f99023f80488ff1c74970de88f7cd72cea1b
docs/testing/android-clipboard/steam-paste.png,reference-documents-media,294207,0a878b0d133c70cc897d4c0730d729274e1989b4a31b5fbf8a13309f715519de
docs/testing/game-launcher-shortcuts.md,reference-documents-media,4449,a844b57f8eb688af85dad8071a5524d58b65362197b9d83cf6dcc34a3f77aa29
gradle.properties,root-build-metadata,455,6b115480ac74602dd305207b5b5165bfc083e9ef00eb0038844d6ef4a18f7536
gradle/wrapper/gradle-wrapper.jar,android-build-wrapper,59203,e996d452d2645e70c01c11143ca2d3742734a28da2bf61f25c82bdc288c9e637
gradle/wrapper/gradle-wrapper.properties,android-build-wrapper,239,e6621e0e30201f9f69e05919a17e823ec6036984c6d32cc064c6048df523eb78
gradlew,root-build-metadata,5766,63135287117a1e6d12c84580f1f49c61d1ba02218ecd28660605e97f976e7d65
gradlew.bat,root-build-metadata,2763,af835f98787e9269af5a046edcb821a592fed372139df7b947b471a63cfc236b
withheld-signing-input-1,signing-material-withheld,65,withheld
withheld-signing-input-2,signing-material-withheld,3026,withheld
settings.gradle,root-build-metadata,370,fc1746e97a0b5145a9ee9910a9b0994a990e5c5e2f71cc541c49d59d9e5b6195
tools/aaudio-sink/build.sh,android-audio-adapters,3160,9a5c3e3c6ea069d931b1aba76d55141eb0aba34dba4c7d8a2e4b4fcdb865bacb
tools/aaudio-sink/config.h,android-audio-adapters,632,f9af29e10009673d5ad87999331efc75819f5919b6060db76481d6c5467eb48d
tools/aaudio-sink/da_relay_proto.h,android-audio-adapters,9423,d1f5d1dbc8212537b84a814e8693ac00b4170ba97dc8bff7d0d101363b367404
tools/aaudio-sink/ltdl.h,android-audio-adapters,235,5aa345e99501cb1b5b8009a6973851e4ba09de0239a1fb7579b19b65daa9e20c
tools/aaudio-sink/module-aaudio-sink.c,android-audio-adapters,19692,ae1b359458bf5824996c43ca149d93d469ae00a74f58e0c04bca636d9395f3df
tools/aaudio-sink/module-directaudio-sink.c,android-audio-adapters,17971,0ebdc73c78da69275a419b5e0ca5cd8131cd6e85c6e884b0919cb47bc7e0d253
tools/adb_device.py,other-build-control-tools,3817,3d6c21c1c2f2dbb8ece6328dddfdce00954aed16938f153471be529641885dcd
tools/build_local.sh,other-build-control-tools,18211,bf35297f29b1f52f1ebc42faf58d7df7bb0d8ba1707f1e0159c44767f7f6d83b
tools/deploy_local.sh,other-build-control-tools,835,432240cb08c5486dbcd6ed08407c8f0d29efd7e2fa3fa4ecf4e93ee286c8c625
tools/droiddeck-esync/PATCHES.md,proton-synchronization-packs,12641,f06e214d9406299654e71b92d5365e6e3eaddbae6cd585e835e70639f8d5767b
tools/droiddeck-esync/build-local.sh,proton-synchronization-packs,1272,228c2526d6505a474ceb6af34169daf0cf48aa9e17f957c396017f781bd91715
tools/droiddeck-esync/build-pack.sh,proton-synchronization-packs,6765,ec66f9dd13626f8aabc37403eb5f1411387799f1355d8993cf6b6a1c4a1d404a
tools/droiddeck-esync/discover.py,proton-synchronization-packs,31378,ae9708ff6a6ae6e604e775b71fa43c3ee0bfa610329a00217cd1f2f3493fec79
tools/droiddeck-esync/flavors.json,proton-synchronization-packs,1704,42560540ac1566a1c77bc3463fac736cd5700e9298617e55f58492f06c52d6d2
tools/droiddeck-esync/index-key.pub,proton-synchronization-packs,178,c57f2b8474a05969492e6de551e91b027bc1285264b4d57d698cfb723ab9c9d1
tools/droiddeck-esync/make_index.py,proton-synchronization-packs,12263,5aa4c4ff09cf5922b0b82f8c02e430b1f0f7e2edccfa8297b13349a5cdd28c33
tools/droiddeck-esync/make_pack.py,proton-synchronization-packs,14323,fe6db5b08546a48e2e61815953cf087abbf8ee90fc7732fb71fabf193cb7156a
tools/droiddeck-esync/patches/cachyos-11/0001-droiddeck-esync.patch,proton-synchronization-packs,76956,292291539bb72c1da5f7e84f2251c2b924fb624e169625f9d5eac1053c2c3dae
tools/droiddeck-esync/patches/valve-11/0001-droiddeck-esync.patch,proton-synchronization-packs,76956,292291539bb72c1da5f7e84f2251c2b924fb624e169625f9d5eac1053c2c3dae
tools/droiddeck-esync/revoked.txt,proton-synchronization-packs,0,e3b0c44298fc1c149afbf4c8996fb92427ae41e4649b934ca495991b7852b855
tools/droiddeck-esync/smoke-test.sh,proton-synchronization-packs,2341,40727fd4f62703bbd3b36297d53efc30d11e2f0f50fc84eb072de2fc4f452b93
tools/droiddeck-esync/tests/esstress.c,proton-synchronization-packs,21811,104b03e1881413e55c6db47bab8d584ff66265d43afef1f599878fee83b0f85e
tools/droiddeckctl,other-build-control-tools,14942,91a9b85e65a78aaec0c56e519116028ce1673420732978fedf897496940be558
tools/gamescope/PATCHES.md,external-gamescope-build,4276,2ebd9e72528bdfec88aff19626385416b02123ca5fadc24e725d8cf6e21283b4
tools/gamescope/build-in-arch.sh,external-gamescope-build,3925,82706877cb1d7ae7ce97251c111c1e1ebb2dabb2fcc4f8b567e0c0cf354c84b3
tools/gamescope/patches/0002-steamcompmgr-fallback-appid-focus.patch,external-gamescope-build,1143,611989049383b9d3a5d30f908a5dbe164c7ee5a4d451bebb9c108d6ba9a2d02b
tools/gamescope/patches/0009-fix-arm64-steam-night-mode.patch,external-gamescope-build,861,201ca8388f5376f03e5d001b3dbb8e5c404b38b81d443f456ae4fac17365866e
tools/gamescope/patches/0019-steamcompmgr-arm64-virtual-white.patch,external-gamescope-build,1653,2eb8d5e6a8e8c97be18771cd80c5680dd924646b87c854f5e8e047edb78978cd
tools/gamescope/patches/0020-color-p3-red-is-wide-gamut.patch,external-gamescope-build,1184,13211242ab9a04d5d76d85326b77b3f972e106fddebb6f45ae1ad43c7b178b14
tools/gamescope/patches/0100-realtime-queue-and-gamepad-cursor.patch,external-gamescope-build,5278,556cf600171cb86dc3fda39457f4580d8ffe3b112b4a8385dae732d17f1865f6
tools/gamescope/patches/0110-wayland-backend-touch.patch,external-gamescope-build,5960,ff3d781d719d87defebbef85a9aa5294a1557bc0b0a583d38776790be90d0425
tools/gamescope/patches/0111-wayland-pointer-warps-in-passthrough.patch,external-gamescope-build,954,fbafbc856a2f85c769210c8f08f237f32d940008d05f78019abe9326b87521de
tools/gamescope/patches/0112-restore-iconified-game-on-resume.patch,external-gamescope-build,5926,46fb6bd6dc92dcce63f1f3288155ed8b501a23e3e7c0e1b594a321aba6803425
tools/gamescope/patches/0113-steam-overlay-keeps-game-keyboard-focus.patch,external-gamescope-build,5607,cf8db900f1f6093f53a1c3ff970ed615b7ad4ccdddbe43773df8159792875133
tools/gamescope/release.env,external-gamescope-build,117,cc3afb913b51ef94d4137a3bcae6ebf45e560e74a0569f12daf8ab5082e6a684
tools/gamescope/runtime-sonames.txt,external-gamescope-build,40443,8016c414606211f509a0aa167219d7045e1fc606b7397bd02447c12311aa84c9
tools/linuxfs/clipboard/clipboard.c,linux-session-desktop-shims,7841,5a17673718da0c00af3db8802ce7c02222aa65ba2a1a68e03bfd47c46fe9d954
tools/linuxfs/desktop/autostart,linux-session-desktop-shims,3302,1673540f31badf870a776f9f3e1a8ec8f522887ef2dad90bdea6647ff0b313a9
tools/linuxfs/desktop/droiddeck-desktop,linux-session-desktop-shims,11675,030c78082677c0fe9abda323d6597cf7f153d674efef58d4ec15d432fa5e3c52
tools/linuxfs/desktop/droiddeck-desktop-gpu,linux-session-desktop-shims,5645,05921339a765faed081ed636be5d9ebff78b06e89ca37ce8a5bc47ed1fae5b00
tools/linuxfs/desktop/droiddeck-gpu,linux-session-desktop-shims,1580,699760eadfd21a05f2654f8aec799ec0fafd9332d3c029c20df339e23e5452c0
tools/linuxfs/desktop/firefox-droiddeck.js,linux-session-desktop-shims,1035,69de894ef927be7f0d8e56db05d2886fd5589b9d103e71fae0f44fff84b59483
tools/linuxfs/desktop/panel.conf,linux-session-desktop-shims,1103,e54cb11787dcd591c613e3f3caffbd2154bcdc76351d876ce6bf80f520c30d1f
tools/linuxfs/desktop/rc.xml,linux-session-desktop-shims,1592,36ef5952c54484bd9ac9d81b5949dec6c660593771ff5bf86fb8e13cd535afa1
tools/linuxfs/overlay/usr/bin/jupiter-biosupdate,linux-session-desktop-shims,107,280b01279d8cf1c98d6f1e2c9392aee94ae0d987a320ef6e8865741e86e0536f
tools/linuxfs/overlay/usr/bin/steamos-polkit-helpers/jupiter-biosupdate,linux-session-desktop-shims,107,280b01279d8cf1c98d6f1e2c9392aee94ae0d987a320ef6e8865741e86e0536f
tools/linuxfs/overlay/usr/bin/steamos-polkit-helpers/jupiter-dock-updater,linux-session-desktop-shims,442,d563e2e640a2c2db320a7fdb1b26c8fec3ce9623341757e85f6689ba56f37dcd
tools/linuxfs/overlay/usr/bin/steamos-polkit-helpers/steamos-priv-write,linux-session-desktop-shims,358,d940949270bb3a7b090553e0ff706dd1fb76d4be9bff75f7ab6ee2b049706f09
tools/linuxfs/overlay/usr/bin/steamos-polkit-helpers/steamos-select-branch,linux-session-desktop-shims,415,1fd17ee770a93f7917d4d46457e6b394a52f9d67744cc819e35bce14a36be714
tools/linuxfs/overlay/usr/bin/steamos-polkit-helpers/steamos-set-timezone,linux-session-desktop-shims,113,e558a5a7ddd10a6e896341934bf95aede50d9a30c734d5b3ab78c482bb3f08e9
tools/linuxfs/overlay/usr/bin/steamos-polkit-helpers/steamos-update,linux-session-desktop-shims,480,403004d4e24d1015d95f1c947bb0f8b91da3bf7d84da2e48199e9340f9cc5f4c
tools/linuxfs/overlay/usr/bin/steamos-select-branch,linux-session-desktop-shims,415,1fd17ee770a93f7917d4d46457e6b394a52f9d67744cc819e35bce14a36be714
tools/linuxfs/overlay/usr/bin/steamos-session-select,linux-session-desktop-shims,945,ed2c722fe92e86b88b1a5df573e02f1a4b96704ef02caa6fd519dec382de0401
tools/linuxfs/overlay/usr/bin/steamos-update,linux-session-desktop-shims,370,3dad761bae7a50b313db147572a1fbcd1b178ea4684d2cccd001767b8b1ffc46
tools/linuxfs/overlay/usr/local/bin/bannerlator-appimage-run,linux-session-desktop-shims,3286,ddb48f67d05c6581ccaa7fe22ab57b23ab8e5177cf12c96eedb6f13ad74f4d12
tools/linuxfs/overlay/usr/local/bin/bannerlator-bwrap,linux-session-desktop-shims,11142,7222f77766113288ac1efda492b47579239f989c9a24769df9e2299eec41582f
tools/linuxfs/overlay/usr/local/bin/bannerlator-desktop-games,linux-session-desktop-shims,4902,9798b6a440853f56a4a03e33ab09966bbe198f8873f2539a988fedd89cb3e165
tools/linuxfs/overlay/usr/local/bin/bannerlator-flatpak,linux-session-desktop-shims,8709,908643dd35cd4a19cc5254a137afc7df283bd7477fb90acafb31ffc508b1ec10
tools/linuxfs/overlay/usr/local/bin/bannerlator-flatpak-run,linux-session-desktop-shims,1557,b013cdbef3151b9f1754a73c37f5cce745932028f50a7c2c30df4ff21c1eda16
tools/linuxfs/overlay/usr/local/bin/bannerlator-flatpak-setup,linux-session-desktop-shims,10332,cb40b497b8c365f293de9355f530ef90f957751e71c145e38d3e6f81213fce6c
tools/linuxfs/overlay/usr/local/bin/bannerlator-game-env,linux-session-desktop-shims,1868,f3ae5355e26c5264a1fb34fed50afd66c485bd2aae82c0da7cf2243811cc3c5f
tools/linuxfs/overlay/usr/local/bin/bannerlator-login1,linux-session-desktop-shims,5698,5006f92e3be574114f95acd75f7fd6d1c61f0e86afa64265208e0719c3b9257b
tools/linuxfs/overlay/usr/local/bin/bannerlator-netmanager,linux-session-desktop-shims,20658,4daac711f59cf30ca75b17fd52e8bce1f96aea9fff1b6a14d74c5b39b456fbc7
tools/linuxfs/overlay/usr/local/bin/bannerlator-pad-defaults,linux-session-desktop-shims,46638,57bf9e9a61de81b56484166cf3b0174681ccb09e54da4c9bdcc745889f0f4506
tools/linuxfs/overlay/usr/local/bin/bannerlator-proton-extra,linux-session-desktop-shims,9217,163093104e4f0c34707dc675e665dbe657a0dff107f05a409b5c3b60f5c7e291
tools/linuxfs/overlay/usr/local/bin/bannerlator-script-run,linux-session-desktop-shims,1377,2cd34e9649fae4f907a0e99cda1fc3ed628049f227893dba1963cb863dc7ccff
tools/linuxfs/overlay/usr/local/bin/bannerlator-seed-redists,linux-session-desktop-shims,4220,4b38a1f2c80f1d7d5b4ef6bac734d572cf65023afc8afa6abc62e5762f267847
tools/linuxfs/overlay/usr/local/bin/bannerlator-session,linux-session-desktop-shims,44255,730e09b0c858da62fd6e3891b2b782d882a702039face59c7cb15642287a862f
tools/linuxfs/overlay/usr/local/bin/bannerlator-steam-compat,linux-session-desktop-shims,29046,5e08847d8c1e7c207e1e14bcad7e6828777d6d943957d617570cc2c5d8fe6e53
tools/linuxfs/overlay/usr/local/bin/bannerlator-steam-games,linux-session-desktop-shims,16630,c278eda73452df9f9fa5d778141082a9e4bd30a66836c92a60c93a651a4da5b3
tools/linuxfs/overlay/usr/local/bin/bannerlator-steam-install,linux-session-desktop-shims,3131,2bb5530329b803bae5543e40dc591902072a6808a95fff2e4f334f9ccf231c48
tools/linuxfs/overlay/usr/local/bin/bannerlator-steam-launch,linux-session-desktop-shims,3231,0ff63d788ec40d48e94722cb8af6be5ed58a392de71de428a6a9d521ece47840
tools/linuxfs/overlay/usr/local/bin/bannerlator-steam-library,linux-session-desktop-shims,8109,4a660f0d02557fcd35139230f43f84e1f04f45c2e0a4b04bf705f935c9ee19ab
tools/linuxfs/overlay/usr/local/bin/bannerlator-steam-shim,linux-session-desktop-shims,782,b395d713f93566e01067e3a9804512db92de6d8c601ecb7e8c160feb19c9b8fa
tools/linuxfs/overlay/usr/local/bin/bannerlator-steam-shortcuts,linux-session-desktop-shims,9399,36c3b83c65646c248bc3f382a42e282cea17e5aaf02b6c8d0e373d3b9c73bd29
tools/linuxfs/overlay/usr/local/bin/bannerlator-steam-ui-scale,linux-session-desktop-shims,5059,edcf401fe261523f39620b35818d84363aea90af52522403ecf2a238714bf691
tools/linuxfs/overlay/usr/local/bin/droiddeck-esync,linux-session-desktop-shims,42770,a0c8771d9262dd02c29fbb416373ce52a0ed8742391f6080126bbabb92e3e08d
tools/linuxfs/preload/drm.c,linux-session-desktop-shims,3573,a74110b1b7a512c58dddfa8eace53a570205640e42b9dd66b015039674605e7a
tools/linuxfs/preload/inputudev.c,linux-session-desktop-shims,14341,32cf001f19a9f2dc63c6f76df57add28bb51fc0ea53b539b0d3312d35969dc19
tools/linuxfs/preload/kgslid.c,linux-session-desktop-shims,2130,44d61a64f74f96ee0f099393b6e839a2f29d5639a605c6e42f7ada481a4ab61f
tools/linuxfs/preload/kgslpoll.c,linux-session-desktop-shims,2953,70b67df2a90fa30be83a791c4fcc984da8ab78cca39a85edc083dfe8a6ce2b42
tools/linuxfs/preload/lock.c,linux-session-desktop-shims,3565,5526b2f6c4aa0b554e2ab624317d29db4ddbbc6faeff6a8bdd89d055d309b850
tools/linuxfs/preload/net.c,linux-session-desktop-shims,8374,415f2d458393c2a0d64f7fb9eeac64b49df61e1b647191b2c8fabf2bdfee5b54
tools/linuxfs/preload/netif.c,linux-session-desktop-shims,19904,5675d88ab323396602073c90fa454b77494c06134754f307df2715aa8f545f50
tools/linuxfs/preload/opens.c,linux-session-desktop-shims,4253,51dd72ba49ceaee9593e3e1c0a8c358b4789f7b963778ccfb3de725d6ff3d100
tools/linuxfs/preload/pathcache.c,linux-session-desktop-shims,5722,9ffd19a13138e7a39d7045b2c5fe837b0e33dd95066504a79f567ab793089042
tools/linuxfs/preload/perms.c,linux-session-desktop-shims,3315,fb6f3175adc5c18e1cf4d12a2b073521507a53eb2b660556628266a6f566aedc
tools/linuxfs/preload/robust.c,linux-session-desktop-shims,2665,bf2bdee32c7758bbb27486d7fa2464473d393efcfe348eca45099a0ff37d8df9
tools/linuxfs/preload/space.c,linux-session-desktop-shims,3700,7e623300b7418e89e97dda8199f03be4b78c93427e1ee02cb0490a47daf6e3fc
tools/linuxfs/preload/sysv.c,linux-session-desktop-shims,19615,b6ff8755d4d0b56ccb2e91a921657df1377438a93d6f1ada1bc59fdd2a377511
tools/linuxfs/preload/tracefs.c,linux-session-desktop-shims,4643,b46ad8639183f7c92bb76cbd0d5970c27cbb88759030ca5aa7f0d128b9722ca3
tools/linuxfs/preload/tracer.c,linux-session-desktop-shims,3893,329ed7c5176e8c49acb7a4573f6cff614c5fe77a468a4e3b5916fbbc45fc0e5e
tools/linuxfs/preload/udevmon.c,linux-session-desktop-shims,6508,0c612e447b13a8386426913c7fa2ebf299c80a30ac1c4f0c51ebb88ef9e9ca84
tools/local-cross.Dockerfile,other-build-control-tools,275,b0d2e190090152f3f67e49baa1ab17468f5c12e921237b2c9a142a29d3c6d4aa
tools/mangoapp/libtracefs-shim.c,external-performance-overlay,5206,94784ff05c077cd3d9d9ae2fded9662542d2ea2bb79a856e5f7fce8201060e8b
tools/mangoapp/mangoapp,external-performance-overlay,1462,e004fec228e0c0cd95d47d1f634568ce9e54f081e1187a7b3ca7ad26bc33340e
tools/mangoapp/packages.txt,external-performance-overlay,1575,abf927a3a1a8eb9d08076da38e023b418317d19e2d8b4c6b1e3bc9fdf4c7795a
tools/proot/PATCHES.md,linux-process-path-translation,7309,5a28dbe24b69619db8b1116942148791a01f65b0ef808227a00c48070e033901
tools/proot/bench/equiv.py,linux-process-path-translation,2429,4b01e14c8572a17610d5cf89c9ea3a300edfb8ced5df178696653dc122b4c292
tools/proot/bench/mechbench.c,linux-process-path-translation,10772,0ee88c35e8f0174a4d99beb9b665faa2b04476b14c48daeb17b838aabf910f83
tools/proot/bench/parstat.c,linux-process-path-translation,910,eb15c77b9b564df9f69dd71670e9dacba216101c9d169585232d91585e7a116d
tools/proot/bench/run-device.sh,linux-process-path-translation,2966,adadfcac81547153ae1ec47dc2de3197ba5dab1f2dca62f7446b45f1a9b83405
tools/proot/bench/sysbench.c,linux-process-path-translation,3401,aee9793b4b8cee4df54f7b3748350ae0e5b75fc21a255b30a8b0c8214bdc2d92
tools/proot/bench/workloads.sh,linux-process-path-translation,1360,ab6a5e592cca341e1b4ad04b9b2da5d0aa1ef1250c3409a30c08aaef34223652
tools/proot/build.sh,linux-process-path-translation,3011,a66c46a1e465fcb4fe4a3c646c7a73bdfe00c1195b977203596fa26662e0fe75
tools/proot/fastpath/fastpath.c,linux-process-path-translation,23305,f51a734a31d67090db81a5ebc4480d934c4c900064ecbfe8be46eb2b66e34ccd
tools/proot/patches/0001-tracee-lookup-by-pid.patch,linux-process-path-translation,4116,febfa5b1db72f6c1fa8f2862bd4069aeb063395c5b562501000896b1def80ed2
tools/proot/patches/0002-canon-resolve-parent-at-once.patch,linux-process-path-translation,6768,3900e367a4648c103dd4dfc5b44b0e39ae51b4c0fd7818edd6b5f65499e349c5
tools/proot/patches/0003-clone3-flags-read-guard.patch,linux-process-path-translation,1295,52f52ff5071878a925844de86848a15b8d11447977f1d31a7579c083043f2936
tools/proot/patches/0004-seccomp-filter-by-argument.patch,linux-process-path-translation,7573,6629800aaf47b9a2d638a0f22fc6c778623c639c2cb71aaba1b84f03f5e67045
tools/proot/patches/0005-seccomp-skip-unneeded-sysexit.patch,linux-process-path-translation,7494,e7fd680bc3362d1169772b7ed67e38c61cddc9ff7542d7de507524ef481120f7
tools/proot/patches/0006-clone3-exit-signal.patch,linux-process-path-translation,1177,dbae86118d99d7fe017e05eaf7d82ffe33a0d150d5fd1ef14472e45ae1a6a97d
tools/proot/patches/0007-proc-self-thread-group.patch,linux-process-path-translation,2501,c95782fed6b21fab5a8e793c2f0c49dbfdfa219ba1439edd043c5748faa3c3a0
tools/proot/patches/0008-fchmodat2-openat2.patch,linux-process-path-translation,3616,cf3180be90e940fa5b6e620bd502d7987aa0e6ed187ae4a86bc62cc461e79bb0
tools/proot/patches/0009-tracee-relatives-sweep.patch,linux-process-path-translation,2619,da2998aa325f9e2438527be2c3613e0bb01ad76d31066c0d6f30a4fdd51a0c0b
tools/proot/patches/0010-new-mount-api-enosys.patch,linux-process-path-translation,3098,c3e7e14b5013ef8eca44da1033a9982be64ba35a5f80625827c7ec1ea60b26af
tools/proot/patches/0011-kompat-utsname-only.patch,linux-process-path-translation,2323,bf297b4f137faf9a45f7b2c7632abbf522ad2c6d043b7cf9f52c9005d8f6d50c
tools/proot/patches/0012-android-hardlink-denial.patch,linux-process-path-translation,2781,c80eaf5d2214fc3fc8bd6b346ed3d794ff5499ded1aa366778987c1fc64b3399
tools/proot/patches/0012-fake_id0-identity-only.patch,linux-process-path-translation,3793,5afdb9ccba8d7af1ade2f6f8632672c91b054508d81d713d366c921a3e4df6fc
tools/proot/patches/0013-seccomp-ioctl-by-request-and-kernel-exit-stops.patch,linux-process-path-translation,6102,2ebb7fb22eaddeec6259059d0c12df8154f952969c5dc3f74d1e8707d4b95837
tools/proot/patches/0014-fastpath-trampoline.patch,linux-process-path-translation,7419,b3f9f2d123301b7a80495020a5e81a0d1a8787f0bc549173cadca8a5186d67a5
tools/proot/source.env,linux-process-path-translation,232,20a07306be364fd6912077b4d55fa94345260cef77fb7d486cee2f30e765e370
tools/proot/talloc-config.h,linux-process-path-translation,918,9e3d400cef07dd73b721e382e05a66964278ca436972d3083cf9a31784601b85
tools/release/axml_rename.py,android-release-updates,3148,053005d25d3cee464c5663c143f311b42323e3919f5521a3a1c8575e10626fcb
tools/release/check_session_assets.py,android-release-updates,1011,606dbc1e30f2aee95beb4a56d4367538309a11d82d98d8902befe7503aa57cce
tools/release/make-release-key.sh,android-release-updates,2271,b80a203fb5259e5ea46c1e9370674ae82560c665d9084d7a9bdee6ea4701cd28
tools/release/sign-apk.sh,android-release-updates,6082,bdccccdc230c85e07874b53b554098e7ebdde655a9c97ba62aeb1d25a4579d4c
tools/release/update_catalog.py,android-release-updates,16975,8f606566e0129dd1e02cf0f2f7d302fad494bdec4440368362250762edb6a90b
tools/release/variants.txt,android-release-updates,535,190a93d8c1d82d9de4d1fe80995095b5dc0ccc421078a64e4abec798c25102ce
tools/tests/test_game_environment.py,linux-script-tests,5852,24515ddeafd87c0467eddc1a8e8351ecdd48574edbc5525bd45eed91ebeb4a7d
tools/tests/test_login1.py,linux-script-tests,5334,b99cff49620b1c1b32abed8ce886628457becba666ea5e8c60595233ac6b041b
tools/tests/test_netmanager.py,linux-script-tests,15650,969d718690603aa31f863606c9e8d19ab47ccd37213d602fe99ef40acd77a4af
tools/tests/test_session_assets.py,linux-script-tests,1593,d472fd77ed3f1d49c203f996f00627c948529ffa12e29eae86a7b4d1f51c121f
tools/tests/test_steam_games.py,linux-script-tests,19766,8a104c2bd12b0b543f56c2b50e054280f06119f0e7177f4e0013c34270a79969
tools/tests/test_steam_install.py,linux-script-tests,5204,b57497c54cd8616be0b6e5efc2cece2587b66dd4ee1f50cb7a774b3bcfe52eab
tools/tests/test_steam_ui_scale.py,linux-script-tests,4552,31b690d7f798233617571636d1222b55f7bc9f88fd51d1bb6c56b889cfbbab5e
tools/tests/test_update_catalog.py,linux-script-tests,6138,f0a68f4e42f2a3d4bbe66cbf03411e593d76d1f47bcf435763fec71113bf0a5e
tools/wlroots/build-in-arch.sh,external-wlroots-build,3034,f7f7d570d6bc06c301d05c8fa1967c4296f7d8b26b9898c18584c40c2bd5d9f1
tools/wlroots/patches/0001-vulkan-allocator-for-non-drm-gpu-nodes.patch,external-wlroots-build,19533,ff538fbf647c6a7a645da2ff46284ddf69a1f2dba607ede6192a8a4673a2a932
tools/wlroots/release.env,external-wlroots-build,110,8cc6edf60fcb8953d1b228c93ddd7db4ace03c396b56c3b85cc498c3294566d1
